Employee_ID,Full_Name,Gender,Date_of_Birth,Marital_Status,State_of_Origin,Department,Job_Title,Grade_Level,Employment_Type,Date_of_Joining,Confirmation_Date,Last_Promotion_Date,Gross_Salary_(NGN),Performance_Rating,Annual_Leave_Days_Used,Email,Phone,Exit_Date,Employee_Status
APX0001,Amaka Balogun,F,"February 11, 1983",married,Ibadan,H.R,Compliance Officer,Junior,contract,2014-04-16,15/10/2014,19/06/2017,210000,3,17,amaka.balogun@apexbank.ng,08035727919,,Active
APX0002,Ada Adeyemi,f,07/07/1979,D,Kano,Fin,Finance Manager,Manager,PERMANENT,"May 22, 2012","November 5, 2012",2015-11-18,0,1,12,ada.adeyemi@apexbank,0808-126-5376,,active
APX0003,  Emeka Obi,MALE,1986-01-23,Married,Calabar,Customer Service,Finance Manager,Manager,permanent,2016-09-09,11/03/2017,24/12/2015,1405000,1,15,emeka.obi@apexbank.ng,0801-110-1650,,active
APX0004,Lara Badmus,FEMALE,"November 9, 1973",single,Ibadan,Human Resources,Risk Officer,Mid-Level,Contractor,"December 24, 2020",2021-06-24,25/06/2023,519000,5,8,lara.badmus@apexbank.ng,0801245,,Active
APX0005,Sola Isah,Male,26/01/1989,Single,Maiduguri,Risk/Compliance,Regional Manager,Manager,contract,09/08/2019,2020-02-29,"January 4, 2022",1311000,2,8,sola.isah@apexbank,0807416,,active
APX0006,Obiageli Suleiman,f,"March 3, 1976",Married,Owerri,hr,Compliance Officer,Junior,permanent,"January 29, 2016",16/08/2016,2017-12-23,"?312,000",5,12,obiageli.suleiman@apexbank,08050322343,,ACTIVE
APX0007,Chidi Yusuf,Male,"November 30, 1993",SINGLE,Lagos,Finance,Finance Manager,Manager,Permanent,14/11/2015,"June 3, 2016",2020-03-23,1069000,5,12,chidi.yusuf@apexbank.ng,0803393,,ACTIVE
APX0008,Chioma Eze,F,"May 16, 1995",married,Maiduguri,Accounts,CFO,Director,CONTRACT,2017-08-13,"February 20, 2018","January 8, 2021","2,323,000",2,8,chioma.eze@apexbank.ng,0803 1219983,,active
APX0009,Obiageli Olanrewaju,F,11/07/1991,Divorced,Calabar,Risk,HR Officer,Junior,Contractor,10/09/2021,"March 12, 2022",01/01/2024,"?206,000",5,11,obiageli.olanrewaju@apexbank.com,0803275,,ACTIVE
APX0010,Obiageli Oluwole,Female,1995-06-15,Single,Maiduguri,RETAIL,Team Lead,Senior,Full-Time,28/12/2017,"June 5, 2018",2019-09-06,704000,5,9,obiageli.oluwole@apexbank.ng,0809 9006430,,Active
APX0011,Adaeze Igwe,FEMALE,"May 13, 1989",single,Abuja,Customer Service,Chief Risk Officer,Director,Permanent,03/09/2010,03/02/2011,06/09/2013,2431000,2,16,adaeze.igwe@apexbank.ng,08088418059,,ACTIVE
APX0012,Kola Adewole,male,11/05/1972,Divorced,Owerri,Retail Bank,Head of Credit,Manager,PERMANENT,"October 3, 2020",30/03/2021,"November 27, 2023",1453000,2,3,kola.adewole@apexbank.ng,0804 8103623,,active
APX0013,  Ekaette Musa,F,1994-12-26,Single,Sokoto,Accounts,Head of Credit,Manager,contract,2016-11-02,"April 22, 2017",27/02/2019,1480000,7,5,ekaette.musa@apexbank.com,0806-491-5547,,Active
APX0014,Tunde Olanrewaju,Male,31/01/1974,MARRIED,Enugu,Customer Service,HR Executive,Mid-Level,contract,"May 9, 2012",23/11/2012,07/04/2014,N/A,3,16,tunde.olanrewaju@apexbank.ng,0804 8929447,,active
APX0015,Ngozi Bankole,female,1991-09-09,divorced,Abuja,Human Resource,Head of Credit,Manager,contract,2012-10-08,04/05/2013,03/07/2015,"?1,203,000",4,7,ngozi.bankole@apexbank,08062917906,,Active
APX0016,Ahmed Owolabi,male,14/10/1975,single,Asaba,Finance & Accounts,CFO,Director,Full Time,11/12/2018,2019-06-03,2023-12-05,2028000,2,12,ahmed.owolabi@apexbank.ng,0802-282-8139,,ACTIVE
APX0017,Ahmed Uche,male,"November 23, 1993",Single,Lagos,CORP,HR Manager,Manager,PERMANENT,2015-03-18,01/10/2015,04/10/2018,1396000,3,22,ahmed.uche@apexbank.ng,0802-612-3502,,ACTIVE
APX0018,Ibrahim Isah,M,1989-05-05,Married,Lagos,Risk/Compliance,Senior Risk Officer,Senior,CONTRACT,"August 24, 2010",09/02/2011,08/07/2015,N/A,1,15,ibrahim.isah@apexbank.ng,0805605,,Exited
APX0019,Lanre Okonkwo,m,"July 11, 1971",MARRIED,Ilorin,Risk & Compliance,Banking Officer,Junior,Full Time,2021-05-30,2021-12-21,06/01/2024,274000,5,10,lanre.okonkwo@apexbank.com,08079418005,,ACTIVE
APX0020,Amaka Okonkwo,FEMALE,"October 31, 1974",SINGLE,Benin City,OPERATIONS,Senior HR Officer,Senior,Full Time,15/04/2022,2022-11-01,"April 13, 2024",809000,1,5,amaka.okonkwo@apexbank.com,0806103,,ACTIVE
APX0021,Nnamdi Badmus,m,"July 6, 1996",divorced,Ibadan,Corporate Banking,Relationship Officer,Mid-Level,Full-Time,13/05/2014,2014-11-19,"September 7, 2016",N/A,5,22,nnamdi.badmus@apexbank.com,0807945,,Active
APX0022,  Chioma Ibrahim,female,"July 19, 1995",SINGLE,Enugu,RETAIL,Customer Rep,Junior,Contract,2021-11-22,14/09/2021,2020-12-01,302000,1,8,chioma.ibrahim@apexbank.com,0805 2725664,,ACTIVE
APX0023,Nkechi Yusuf,FEMALE,"May 8, 1970",S,Uyo,Corporate Banking,Chief Risk Officer,Director,PERMANENT,24/05/2015,"November 9, 2015",05/03/2020,2249000,1,17,nkechi.yusuf@apexbank.ng,0802786,,Active
APX0024,Ebuka Okafor,male,18/05/1983,SINGLE,Abuja,CORP,Senior Credit Officer,Senior,PERMANENT,"September 23, 2022",2023-03-27,"January 1, 2024",811000,2,10,ebuka.okaforapexbank.com,08015961865,,ACTIVE
APX0025,Rex Ogunyemi,Male,13/05/1998,Single,Calabar,Customer Service,Senior IT Officer,Senior,Permanent,"June 20, 2020","December 11, 2020",2024-05-07,725000,4,5,rex.ogunyemi@apexbank.com,0808 2488623,,ACTIVE
APX0026,Chinwe Uche,FEMALE,09/01/1994,divorced,Sokoto,CORP,Relationship Officer,Mid-Level,CONTRACT,2015-03-09,23/08/2015,"September 16, 2018",494000,5,0,chinwe.uche@apexbank,0804856,,Active
APX0027,Ifeanyi Okonkwo,MALE,11/11/1970,married,Uyo,Corporate,Senior Credit Officer,Senior,contract,25/02/2020,2020-09-03,"September 4, 2023",920000,5,32,ifeanyi.okonkwo@apexbank,0807 3770637,,ACTIVE
APX0028,  Nnamdi Adeyemi,MALE,"July 29, 1988",Single,Sokoto,HR,Banking Executive,Mid-Level,Contractor,"August 12, 2013",2014-01-14,13/12/2016,362000,5,8,nnamdi.adeyemi@apexbank.ng,0805 3660855,,active
APX0029,Peter Mohammed,m,07/01/1992,S,Sokoto,Finance & Accounts,Director of Operations,Director,Full-Time,2012-04-25,"November 20, 2012",2014-08-21,N/A,4,13,peter.mohammed@apexbank,0804933,,Active
APX0030,Ekaette Oluwole,F,1975-07-01,single,Sokoto,Finance & Accounts,Risk Manager,Manager,contract,2022-01-16,"July 11, 2022","January 1, 2024","?1,283,000",1,19,ekaette.oluwole@apexbank,0801 3873412,,Active
APX0031,Grace Badmus,female,05/01/1974,Divorced,Benin City,Retail Bank,Senior HR Officer,Senior,PERMANENT,2010-08-11,19/01/2011,23/12/2012,"?734,000",2,22,grace.badmus@apexbank,0803-349-7701,,Active
APX0032,Babatunde Bankole,MALE,01/02/1975,DIVORCED,Benin City,Finance,Senior IT Officer,Senior,Full-Time,14/05/2014,02/12/2014,17/06/2017,828000,5,0,babatunde.bankole@apexbank,08082684449,,Active
APX0033,Uche Badmus,Male,"January 16, 1972",single,Asaba,HR,HR Officer,Junior,Full-Time,"June 9, 2018","December 5, 2018","March 29, 2014",211000,5,4,uche.badmus@apexbank.com,0809 5275345,,ACTIVE
APX0034,Bello Suleiman,m,25/01/1978,M,Calabar,Cust Service,Compliance Officer,Junior,Permanent,"November 10, 2011","April 16, 2012",2013-03-25,"?283,000",3,9,bello.suleiman@apexbank,0807106,,ACTIVE
APX0035,Obinna Okonkwo,M,25/11/1981,Married,Ilorin,RETAIL,Senior IT Officer,Senior,Full Time,"December 19, 2023",2024-05-23,01/01/2024,"?924,000",3,19,obinna.okonkwo@@apexbank,08014300307,,active
APX0036,Ibrahim Agu,Male,"November 3, 1981",M,Port Harcourt,Human Resources,Head of Retail,Director,Permanent,16/01/2018,25/06/2018,12/03/2019,1906000,1,4,ibrahim.agu@apexbank,0805 0978141,,ACTIVE
APX0037,Chioma Agu,f,"April 23, 1995",Divorced,Calabar,RETAIL,Senior Manager,Senior,contract,"October 15, 2013","May 12, 2014",04/05/2015,N/A,4,22,chioma.agu@apexbank.ng,0807 9591626,,Active
APX0038,Ada Okonkwo,Female,20/12/1983,MARRIED,Abuja,I.T,Senior Credit Officer,Senior,Full Time,2013-10-30,2014-05-28,21/03/2015,732000,1,10,ada.okonkwo@apexbank.com,0805563,,ACTIVE
APX0039,Yetunde Adeleke,F,1980-12-24,Divorced,Ilorin,Compliance,Chief Risk Officer,Director,Permanent,21/02/2010,29/07/2010,12/12/2011,"2,016,000",1,15,yetunde.adeleke@apexbank.ng,0806587,,Active
APX0040,Vivian Suleiman,female,"November 20, 1988",D,Kano,R&C,Relationship Officer,Mid-Level,Contractor,"October 16, 2018",2019-04-20,"July 14, 2020",390000,5,12,vivian.suleiman@apexbank,08058151831,,Active
APX0041,Emeka Bassey,M,22/01/1980,MARRIED,Abeokuta,ICT,Executive Director,Director,Permanent,06/01/2012,20/06/2012,06/01/2015,N/A,2,22,emeka.bassey@apexbank.ng,0806-712-6267,,active
APX0042,Vivian Aliyu,female,"January 28, 1990",Single,Enugu,Ops,Teller,Junior,Full Time,"November 6, 2017",2018-04-26,2022-02-27,260000,3,4,vivian.aliyu@apexbank.ng,08064714066,,Active
APX0043,Obinna Oluwole,male,01/05/1977,DIVORCED,Port Harcourt,Risk & Compliance,Senior Credit Officer,Senior,CONTRACT,06/06/2023,"December 22, 2023",01/01/2024,908000,1,11,obinna.oluwole@apexbank.ng,0805 4123533,,Active
APX0044,Kabiru Musa,M,"August 27, 1994",DIVORCED,Maiduguri,Cust Service,Head of Retail,Director,Full Time,"May 27, 2012",2012-11-25,22/11/2015,"3,495,000",1,3,kabiru.musa@apexbank,08048600737,,Active
APX0045,Garba Salami,male,1977-01-17,Married,Owerri,Risk/Compliance,Risk Officer,Mid-Level,permanent,05/06/2017,2017-11-03,"January 11, 2019",-137573,5,18,garba.salami@apexbank.ng,0806 9323150,,ACTIVE
APX0046,Samuel Okafor,Male,"December 7, 1972",M,Owerri,Finance & Accounts,Team Lead,Senior,PERMANENT,"February 11, 2011","August 3, 2011","December 14, 2015",622000,4,8,samuel.okafor@apexbank.com,08019494980,,ACTIVE
APX0047,Sola Taiwo,m,"October 6, 1981",MARRIED,Asaba,H.R,Senior Credit Officer,Senior,Full-Time,04/05/2023,2023-11-29,2024-01-01,936000,4,18,sola.taiwo@apexbank.ng,08035617024,,ACTIVE
APX0048,Dayo Mohammed,m,1996-08-07,single,Sokoto,Operations,HR Executive,Mid-Level,PERMANENT,2014-11-04,19/04/2015,2016-08-20,361000,1,22,dayo.mohammed@apexbank.ng,0809 9771882,,Active
APX0049,Felix Oladele,m,"February 4, 1990",married,Asaba,R&C,HR Executive,Mid-Level,Full-Time,25/07/2016,"February 16, 2017","February 19, 2019",417000,2,5,felix.oladele@apexbank,08015080468,,active
APX0050,Vivian Uche,F,21/07/1993,M,Abuja,Human Resources,Senior Analyst,Mid-Level,permanent,14/06/2015,"November 28, 2015","March 8, 2020",552000,4,5,vivian.uche@apexbank,0806 8521262,,active
APX0051,  Nkechi Okafor,female,1988-09-02,DIVORCED,Calabar,CORP,Head of Retail,Director,contract,20/08/2016,"February 3, 2017",03/04/2020,2614000,4,4,nkechi.okafor@apexbank.com,0808 1017735,,Active
APX0052,Queen Ekwu,female,"September 3, 1985",DIVORCED,Abuja,Operations,HR Executive,Mid-Level,Full Time,13/02/2018,"July 16, 2018",11/04/2019,417000,1,14,queen.ekwu@apexbank.ng,08059803409,"May 17, 2019",Exited
APX0053,Ifeoma Uche,FEMALE,27/07/1982,MARRIED,Kaduna,Corp Banking,Senior HR Officer,Senior,CONTRACT,11/02/2018,"July 27, 2018",2022-05-14,"?641,000",1,44,ifeoma.uche@apexbank,08044105083,,ACTIVE
APX0054,Ifeanyi Anyanwu,male,1994-09-17,S,Ibadan,Finance,Relationship Officer,Mid-Level,Full Time,2018-11-26,2019-05-19,"December 6, 2021","464,000",0,3,ifeanyi.anyanwu@apexbank.com,0808641,,active
APX0055,Haruna Mohammed,MALE,1975-12-29,M,Benin City,Retail Bank,Senior Credit Officer,Senior,Full Time,05/01/2019,"June 10, 2019",29/10/2023,763000,2,20,haruna.mohammed@apexbank.ng,0805 6189537,,ACTIVE
APX0056,Chioma Obi,f,1976-05-22,Married,Uyo,Tech,Executive Director,Director,CONTRACT,2019-03-26,22/09/2019,"August 10, 2022",2177000,5,7,chioma.obi@apexbank.com,0804483,,active
APX0057,Nnamdi Nwosu,MALE,"May 29, 1971",S,Abeokuta,IT,Regional Manager,Manager,PERMANENT,2019-07-04,2019-12-20,24/08/2020,1405000,2,22,nnamdi.nwosu@apexbank.ng,08068250642,,ACTIVE
APX0058,Amaka Nwosu,Female,31/08/1972,Single,Lagos,hr,Executive Director,Director,contract,"July 21, 2015",2015-12-28,19/01/2018,"2,096,000",5,10,amaka.nwosu@apexbank.com,0809 3514109,,Active
APX0059,Chidi Nnaji,MALE,"January 11, 1975",D,Maiduguri,Retail Bank,Senior Manager,Senior,CONTRACT,13/06/2017,"December 27, 2017",20/04/2022,698000,6,10,chidi.nnaji@apexbank,0803-911-1391,05/09/2022,Exited
APX0060,  Patience Adeyemi,female,"September 21, 1987",D,Asaba,R&C,Head of Retail,Director,Permanent,2023-03-12,03/10/2022,2024-01-01,"?1,783,000",5,22,patience.adeyemi@apexbank.com,08031756240,,active
APX0061,Eniola Salami,FEMALE,06/08/1979,S,Uyo,Operations,Regional Manager,Manager,Contract,2023-08-18,2024-02-17,01/01/2024,1351000,5,5,eniola.salami@apexbank.com,0808 4921242,,Active
APX0062,Solomon Adeyemi,MALE,07/12/1973,single,Asaba,Finance,Senior Analyst,Mid-Level,permanent,2019-08-10,2020-03-03,"July 10, 2022","?367,000",3,10,mohammed.adeyemi@apexbank.ng,08034619241,24/02/2025,exited
APX0063,Queen Obi,FEMALE,15/02/1987,Married,Lagos,IT,Banking Executive,Mid-Level,contract,"October 9, 2016",02/05/2017,"June 24, 2020",381000,3,4,queen.obiapexbank,0804 9194791,,Active
APX0064,Helen Yusuf,f,1993-09-30,Married,Enugu,HR,Director of Operations,Director,Contract,"December 27, 2010",05/07/2011,2014-02-16,2951000,3,6,helen.yusuf@apexbank.ng,0806 8922506,,Active
APX0065,Jumoke Idris,f,"April 29, 1998",DIVORCED,Port Harcourt,hr,Banking Officer,Junior,Contract,"March 4, 2018",2014-07-14,"May 30, 2021","?240,000",1,18,jumoke.idris@apexbank.ng,0804730,,ACTIVE
APX0066,Fatima Achebe,F,15/09/1994,MARRIED,Kano,R&C,Banking Executive,Mid-Level,permanent,"December 16, 2021","May 26, 2022",25/04/2024,586000,4,11,fatima.achebe@apexbank.com,0801 4556276,,ACTIVE
APX0067,Babatunde Bello,Male,"July 14, 1995",M,Calabar,Retail Bank,IT Support,Junior,Full-Time,"September 22, 2021",02/04/2022,2023-06-25,344000,0,18,babatunde.bello@apexbank.ng,08061390710,,ACTIVE
APX0068,Ekaette Ekwu,female,"October 14, 1991",DIVORCED,Lagos,Operation,Group Head,Director,contract,2020-12-17,"May 18, 2021",30/08/2024,"1,878,000",2,12,ekaette.ekwu@apexbank.com,0801-509-2262,,active
APX0069,Dolapo Igwe,F,"January 21, 1977",single,Sokoto,Retail Banking,IT Manager,Manager,Permanent,"December 23, 2011",2012-06-08,06/09/2014,1157000,4,4,dolapo.igwe@apexbank.com,0808 4060725,,ACTIVE
APX0070,Lanre Okafor,male,"December 6, 1980",D,Ibadan,Accounts,Relationship Officer,Mid-Level,permanent,2017-04-01,2017-10-05,"June 10, 2019",417000,5,6,lanre.okafor@apexbank,0808 4112471,,active
APX0071,Obiageli Aliyu,FEMALE,1998-03-22,MARRIED,Kano,Operation,Director of Operations,Director,permanent,11/07/2020,2021-01-17,04/02/2022,"?2,296,000",3,4,obiageli.aliyu@apexbank.ng,0808-168-6132,,Active
APX0072,Matthew Solomon,MALE,1990-12-06,Single,Owerri,Retail Bank,CFO,Director,Contract,2023-12-16,"May 27, 2024",01/01/2024,"2,097,000",4,10,wale.oladele@apexbank,0807505,,ACTIVE
APX0073,Bello Agu,Male,31/03/1978,SINGLE,Calabar,Corporate,Relationship Officer,Mid-Level,Full-Time,"April 15, 2012","October 20, 2012",2015-06-25,566000,4,9,bello.agu@apexbank.ng,08085897162,,active
APX0074,Chidi Idris,male,27/02/1978,D,Ibadan,Customer Care,Senior Analyst,Mid-Level,CONTRACT,30/03/2017,09/10/2017,08/07/2020,"425,000",1,11,chidi.idris@apexbank,0802-990-6017,,active
APX0075,Ifeanyi Yusuf,male,"June 13, 1983",M,Lagos,Human Resources,Director of Operations,Director,Full-Time,"November 15, 2012",2013-06-08,13/09/2014,2585000,4,20,ifeanyi.yusuf@apexbank.ng,0808 7539733,,Active
APX0076,Ugochi Adeyemi,FEMALE,01/12/1998,Married,Port Harcourt,Risk,IT Executive,Mid-Level,Contractor,2018-08-14,"March 1, 2019","April 8, 2021","497,000",4,7,ugochi.adeyemi@apexbank.com,0801683,14/08/2024,Exited
APX0077,Yetunde Balogun,FEMALE,17/06/1992,SINGLE,Maiduguri,Customer Service,IT Support,Junior,CONTRACT,2010-02-01,"July 22, 2010",24/06/2013,,1,12,yetunde.balogun@apexbank.ng,08042272211,,Active
APX0078,Ifeoma Okoro,f,"December 4, 1971",married,Enugu,Compliance,Senior IT Officer,Senior,Full Time,2015-07-29,2016-01-07,"November 23, 2018",675000,5,14,ifeoma.okoroapexbank.ng,0805 7690024,,ACTIVE
APX0079,Rita Lawal,Female,"April 21, 1974",MARRIED,Asaba,Operations,Risk Manager,Manager,PERMANENT,11/02/2012,21/07/2012,"May 27, 2013",1416000,2,10,rita.lawal@apexbank.com,0805808,,Active
APX0080,Ifeanyi Uche,male,1990-05-09,D,Ilorin,Tech,Finance Manager,Manager,CONTRACT,"September 28, 2023",2024-04-01,2024-12-03,N/A,5,4,ifeanyi.uche@apexbank.com,08038096530,,active
APX0081,Adaeze Isah,F,1978-03-08,Married,Lagos,Corporate Banking,Risk Officer,Mid-Level,permanent,18/11/2016,"April 18, 2017","June 25, 2019",-224736,2,2,adaeze.isah@apexbank.ng,0807 6699397,,active
APX0082,Sandra Lawal,FEMALE,"October 18, 1983",M,Asaba,Corporate Banking,Senior Analyst,Mid-Level,PERMANENT,09/11/2022,"May 14, 2023","August 10, 2022","?501,000",3,12,sandra.lawal@apexbank,0804 0833203,,ACTIVE
APX0083,Ada Balogun,F,22/11/1990,married,Ilorin,RETAIL,Executive Director,Director,Full-Time,28/05/2022,08/12/2022,2024-01-01,2462000,2,16,ada.balogun@apexbank,08083427814,,active
APX0084,Chidinma Anyanwu,f,23/03/1982,Single,Benin City,CS,CFO,Director,PERMANENT,2022-06-10,"January 5, 2023",21/09/2021,2421000,4,15,chidinma.anyanwu@apexbank,0803 3480530,,ACTIVE
APX0085,Sandra Lawal,F,02/12/1985,single,Asaba,Tech,Customer Rep,Junior,permanent,13/02/2013,"July 16, 2013","February 3, 2015","?192,000",4,18,sandra.lawal@apexbank.ng,08033209581,,active
APX0086,Vivian Mohammed,FEMALE,"November 7, 1973",Married,Ibadan,Retail Bank,IT Support,Junior,Contract,"August 6, 2021",2022-01-22,2024-08-25,"306,000",3,12,vivian.mohammed@apexbank,0804-933-3281,,Active
APX0087,Kunle Owolabi,male,12/02/1995,SINGLE,Ilorin,CS,Executive Director,Director,PERMANENT,2014-07-26,"January 19, 2015",20/08/2015,"3,421,000",5,7,kunle.owolabi@apexbank,0809068,,Active
APX0088,Chidinma Akinwale,Female,"August 27, 1997",M,Sokoto,CUSTOMER SERVICE,Chief Risk Officer,Director,Permanent,"February 2, 2013","July 12, 2013","July 8, 2016",2667000,1,16,chidinma.akinwale@apexbank,0805 8116901,,ACTIVE
APX0089,Ahmed Oluwole,male,"June 26, 1991",MARRIED,Ilorin,FINANCE,Senior IT Officer,Senior,permanent,06/09/2010,2011-03-24,30/12/2013,662000,4,1,ahmed.oluwole@@apexbank,0803 1671094,,ACTIVE
APX0090,  Ahmed Bassey,m,"October 18, 1972",D,Kaduna,FINANCE,Senior Manager,Senior,Full-Time,2016-01-18,"August 6, 2016",12/06/2018,656000,5,22,ahmed.bassey@apexbank,0801-431-3280,,ACTIVE
APX0091,Emeka Ogunyemi,Male,20/12/1992,M,Maiduguri,ICT,Finance Manager,Manager,Full-Time,01/07/2012,"December 6, 2012",10/06/2016,1191000,2,17,emeka.ogunyemi@apexbank,08093978640,,active
APX0092,Miriam Okafor,Female,1995-10-14,Single,Asaba,Customer Care,Regional Manager,Manager,CONTRACT,03/11/2019,02/05/2020,2022-07-01,N/A,5,11,miriam.okafor@apexbank.com,0801 0187238,,Active
APX0093,Blessing Owolabi,Female,1995-04-08,single,Benin City,,Senior Risk Officer,Senior,Full-Time,2022-04-23,15/10/2022,28/08/2023,945000,1,10,blessing.owolabi@apexbank,0802-496-5907,,Active
APX0094,Sola Achebe,male,"November 27, 1974",S,Enugu,H.R,Banking Executive,Mid-Level,Full Time,"May 15, 2011","November 6, 2011",2015-03-18,484000,4,9,sola.achebeapexbank.ng,0803 1013160,,Active
APX0095,Nneka Nnaji,FEMALE,18/12/1978,M,Ilorin,HR,Head of Credit,Manager,Full Time,11/08/2021,05/03/2022,01/01/2024,"1,377,000",1,18,nneka.nnaji@apexbank,0806 9278598,,Active
APX0096,Mohammed Owolabi,male,1987-05-31,Divorced,Asaba,Tech,Senior IT Officer,Senior,CONTRACT,2017-11-14,"April 13, 2018",19/06/2022,-143922,3,3,mohammed.owolabi@apexbank.ng,0802 5013144,,ACTIVE
APX0097,Funmilayo Dike,F,"April 23, 1975",divorced,Calabar,Fin,Regional Manager,Manager,permanent,2019-07-26,2019-12-27,20/11/2021,1184000,1,4,funmilayo.dike@apexbank,0805 0484343,,Active
APX0098,Kemi Owolabi,f,1996-08-07,married,Abuja,Compliance,Senior HR Officer,Senior,permanent,01/07/2018,23/01/2019,21/01/2023,N/A,5,10,kemi.owolabi@apexbank.com,0804-514-3709,2022-02-08,exited
APX0099,Vivian Oluwole,female,31/08/1996,SINGLE,Benin City,Retail Bank,Banking Executive,Mid-Level,PERMANENT,2020-09-18,2021-03-13,"January 31, 2022",419000,0,19,vivian.oluwole@apexbank.ng,0807963,,active
APX0100,Obinna Nwosu,Male,27/05/1982,Divorced,Enugu,hr,HR Officer,Junior,Permanent,"November 28, 2022",09/05/2023,2024-01-01,281000,2,18,obinna.nwosu@apexbank.com,0804-207-4287,,ACTIVE
APX0101,Rita Okonkwo,female,"January 16, 1996",SINGLE,Calabar,Tech,Executive Director,Director,permanent,2021-02-14,31/07/2021,"August 12, 2022",3150000,4,18,rita.okonkwo@apexbank.ng,0806-248-0241,2023-02-04,ACTIVE
APX0102,Dayo Dike,m,1977-11-20,Divorced,Port Harcourt,H.R,Relationship Officer,Mid-Level,PERMANENT,2014-11-22,2015-05-04,"April 27, 2019",N/A,5,15,dayo.dike@apexbank,0807301,2019-06-07,Exited
APX0103,Chibuzor Salami,m,"September 20, 1977",M,Ibadan,RETAIL,Senior Credit Officer,Senior,Permanent,20/04/2018,08/11/2018,"May 15, 2021","752,000",3,8,chibuzor.salami@apexbank.ng,0803249,,Active
APX0104,Rasheed Achebe,Male,1985-05-31,married,Benin City,Human Resources,Branch Manager,Manager,Contract,20/04/2012,2012-10-23,"October 20, 2016",1263000,2,21,rasheed.achebe@apexbank,08069729671,,Active
APX0105,Chidi Anyanwu,Male,27/07/1975,D,Enugu,Retail,Senior Risk Officer,Senior,Contractor,16/10/2014,"May 8, 2015",2016-07-03,719000,5,6,chidi.anyanwu@apexbank.com,0807 9130404,,Active
APX0106,Ekaette Adeyemi,f,28/04/1976,SINGLE,Owerri,Finance,IT Executive,Mid-Level,contract,"November 15, 2018","June 11, 2019","June 14, 2014",N/A,3,7,ekaette.adeyemi@apexbank.ng,0806321,,Active
APX0107,Segun Akinwale,MALE,1990-07-13,D,Lagos,Risk & Compliance,Senior HR Officer,Senior,Full-Time,"June 15, 2021",2021-11-12,2022-09-14,738000,3,3,segun.akinwale@apexbank,0807 7453858,,active
APX0108,Peter Ekwu,m,25/02/1994,S,Maiduguri,Operation,Senior Manager,Senior,Full Time,"January 23, 2020","July 5, 2020",2022-04-25,"773,000",3,18,peter.ekwu@apexbank.ng,0805576,,ACTIVE
APX0109,Ahmed Fola,m,04/12/1972,divorced,Abeokuta,Information Technology,Executive Director,Director,Contractor,2015-02-11,"August 16, 2015","December 3, 2018",3054000,7,21,ahmed.fola@apexbank,0805-658-0367,,Active
APX0110,Uche Akinwale,m,1990-11-25,Single,Ibadan,CUSTOMER SERVICE,Relationship Officer,Mid-Level,Full Time,26/06/2019,2019-12-11,"May 27, 2023",551000,3,14,uche.akinwale@apexbank.ng,0802891,2023-06-15,active
APX0111,Chinwe Yusuf,Female,1970-05-09,S,Enugu,Operations,IT Manager,Manager,contract,"January 9, 2018",2018-07-06,06/01/2022,"1,086,000",1,19,chinwe.yusuf@apexbank.com,0802740,,active
APX0112,Zara Eze,FEMALE,"October 9, 1987",DIVORCED,Port Harcourt,FINANCE,Risk Manager,Manager,Contractor,21/05/2010,"December 17, 2010",2011-06-23,N/A,1,3,zara.eze@apexbank,0802587,,active
APX0113,Garba Nwosu,Male,"April 21, 1982",SINGLE,Owerri,Retail Banking,Senior Analyst,Mid-Level,CONTRACT,20/06/2010,15/01/2011,2013-08-26,451000,2,16,garba.nwosu@apexbank.com,0805965,,Active
APX0114,Ebuka Idris,MALE,2010-05-26,single,Owerri,IT,HR Manager,Manager,Full-Time,"January 6, 2016",2016-07-29,"September 4, 2017",-143562,2,4,ebuka.idris@apexbank.ng,08079624521,,ACTIVE
APX0115,Femi Aliyu,MALE,18/08/1997,S,Enugu,CORP,Director of Operations,Director,CONTRACT,2012-06-08,2012-11-25,2017-04-09,N/A,1,0,femi.aliyu@apexbank.com,0802-905-7426,,ACTIVE
APX0116,Emeka Adewole,MALE,"September 6, 1982",single,Kaduna,Retail Bank,Group Head,Director,Contractor,26/06/2021,2021-12-07,18/12/2023,"2,760,000",2,16,emeka.adewole@apexbank.com,0801 8835424,,ACTIVE
APX0117,Miri@m Achebe,female,"January 1, 1998",D,Calabar,ICT,HR Manager,Manager,Full-Time,11/09/2014,"February 12, 2015",2017-11-01,"1,088,000",3,18,miriam.achebe@apexbank.ng,0806-428-2046,,ACTIVE
APX0118,Victoria Okonkwo,female,1989-09-29,MARRIED,Kaduna,HR,Head of Credit,Manager,contract,09/12/2023,21/06/2024,"January 1, 2024","1,444,000",2,0,victoria.okonkwo@apexbank.ng,0807-024-4441,,active
APX0119,Ahmed Anyanwu,m,07/08/1972,M,Kano,Finance & Accounts,Banking Executive,Mid-Level,contract,08/11/2019,2020-04-23,"October 28, 2024",442000,4,6,ahmed.anyanwu@apexbank,08030041649,2024-06-09,Terminated
APX0120,Kunle Akinwale,MALE,1985-11-02,single,Ibadan,OPERATIONS,Risk Manager,Manager,CONTRACT,2011-08-29,"February 7, 2012",2015-07-28,N/A,4,22,kunle.akinwale@apexbank.com,08054009917,,ACTIVE
APX0121,  Grace Achebe,female,2010-12-04,married,Ilorin,FINANCE,Director of Operations,Director,CONTRACT,"August 11, 2023",30/01/2024,"January 1, 2024",2827000,3,0,grace.achebe@apexbank.ng,0806026,,active
APX0122,Zara Uche,FEMALE,10/09/1990,S,Abuja,Risk & Compliance,Banking Executive,Mid-Level,Full-Time,"January 28, 2016",30/07/2016,2017-05-12,0,5,34,zara.uche@apexbank.ng,0803-167-3161,,Exited
APX0123,Quadri Adeleke,M,1985-01-25,divorced,Ibadan,Corp Banking,HR Manager,Manager,CONTRACT,23/07/2016,"January 23, 2017",2018-10-14,,5,6,quadri.adeleke@apexbank.com,0806-295-1565,2023-04-28,Exited
APX0124,Ahmed Isah,male,05/01/1990,Married,Lagos,OPERATIONS,CFO,Director,Contract,2018-03-06,30/08/2018,"October 2, 2021",2379000,6,12,ahmed.isah@apexbank,0805 4681089,,Active
APX0125,Tunde Fola,Male,1977-06-22,Divorced,Benin City,Customer Care,Chief Risk Officer,Director,permanent,2014-11-06,"April 23, 2015",14/02/2019,2277000,1,3,tunde.fola@apexbank.com,0806-100-6455,,Active
APX0126,Victoria Adeleke,female,"June 1, 1990",Married,Benin City,CUSTOMER SERVICE,Regional Manager,Manager,Contract,"June 13, 2017",27/12/2017,2014-07-14,1266000,1,18,victoria.adeleke@apexbank,0803-448-9360,,Active
APX0127,  Toyin Aliyu,female,"February 9, 1988",married,Abeokuta,Risk/Compliance,Group Head,Director,Contract,"December 1, 2016","May 11, 2017",2020-05-28,2115000,4,21,toyin.aliyu@apexbank.com,0804-819-0283,,ACTIVE
APX0128,Emeka Adeyemi,MALE,22/01/1982,divorced,Lagos,Operations,IT Manager,Manager,contract,29/05/2023,2023-11-11,"January 1, 2024","1,145,000",1,4,emeka.adeyemi@apexbank.com,08097758187,,active
APX0129,Ifeanyi Ibrahim,M,27/12/1985,M,Enugu,Tech,Executive Director,Director,contract,2021-03-22,2021-09-21,"June 21, 2022",,5,16,ifeanyi.ibrahim@apexbank,0806 6741221,,active
APX0130,Queen Ol@dele,FEMALE,14/01/1986,Single,Kaduna,Risk,Relationship Officer,Mid-Level,CONTRACT,"December 25, 2012",26/05/2013,"March 20, 2017","?372,000",4,10,queen.oladele@apexbank.com,0802758,,active
APX0131,Qu@dri Balogun,M,"April 11, 1998",M,Abeokuta,Retail Bank,Risk Officer,Mid-Level,Permanent,"April 22, 2020",2020-10-22,2022-04-11,364000,5,12,quadri.balogun@apexbank.com,0803 9763946,,ACTIVE
APX0132,Emeka Anyanwu,M,1976-10-01,single,Kano,CORP,Relationship Officer,Mid-Level,Permanent,2023-09-13,2024-02-29,"January 1, 2024",387000,2,1,emeka.anyanwu@apexbank.com,0805-083-5216,,Active
APX0133,Obinna Aliyu,Male,1979-09-18,single,Ibadan,I.T,IT Manager,Manager,PERMANENT,10/10/2022,"April 3, 2023",01/09/2024,"?1,383,000",3,5,obinna.aliyu@@apexbank.com,0803-805-8358,,active
APX0134,Obinna Akinwale,MALE,04/09/1983,Single,Maiduguri,I.T,Regional Manager,Manager,contract,2016-06-15,"December 1, 2016",03/04/2021,"1,040,000",5,16,obinna.akinwale@apexbank,08070334629,,Active
APX0135,Rasheed Uche,M,"August 3, 1970",S,Kano,Corporate Banking,Relationship Officer,Mid-Level,Permanent,"June 8, 2014",09/12/2014,"September 17, 2017",,2,10,rasheed.uche@apexbank.ng,0804246,,Active
APX0136,Uche Achebe,Male,06/01/1988,D,Benin City,Accounts,Compliance Officer,Junior,CONTRACT,"December 12, 2019","July 8, 2020",2022-02-08,N/A,4,13,uche.achebe@apexbank,0802-413-9270,,active
APX0137,Wale Bankole,Male,02/12/1997,MARRIED,Benin City,Human Resources,Senior Manager,Senior,contract,09/12/2013,2014-05-30,2016-03-08,"?722,000",5,16,wale.bankole@apexbank.ng,0809 7325205,,Active
APX0138,Miriam Ojo,f,1982-01-11,divorced,Maiduguri,Customer Care,Senior Manager,Senior,CONTRACT,30/01/2019,2019-08-23,"September 30, 2021",731000,5,3,miriam.ojo@apexbank.com,0809 6831016,,Resigned
APX0139,Nneka Isah,female,02/04/1998,Divorced,Asaba,Finance & Accounts,Relationship Officer,Mid-Level,Full-Time,2022-01-30,"July 8, 2022",21/11/2024,"581,000",1,15,nneka.isah@apexbank,0808-448-9955,21/12/2024,Resigned
APX0140,Lara Yusuf,Female,10/04/1987,Divorced,Owerri,CS,Chief Risk Officer,Director,PERMANENT,2023-07-12,2024-01-23,"December 30, 2024",2308000,5,16,lara.yusuf@apexbank,0803-680-1220,,Active
APX0141,  Ifeoma Ekwu,F,24/11/1982,married,Owerri,FINANCE,HR Manager,Manager,Contractor,"October 30, 2016",2017-04-25,2020-02-25,N/A,4,9,ifeoma.ekwu@apexbank.ng,08024598585,,ACTIVE
APX0142,Obiageli Ojo,f,"July 28, 1985",single,Kaduna,Tech,Banking Executive,Mid-Level,CONTRACT,"March 28, 2011",27/08/2011,"March 11, 2016",553000,3,1,obiageli.ojo@apexbank.com,08083028799,,ACTIVE
APX0143,Ebuka Lawal,male,06/07/1975,Married,Uyo,Compliance,Customer Rep,Junior,contract,02/02/2023,2023-07-24,"January 1, 2024","?346,000",2,0,ebuka.lawal@apexbank.com,0809 5594140,,Active
APX0144,Garba Adeleke,M,10/05/1998,married,Uyo,ICT,Senior Manager,Senior,Permanent,12/06/2010,"November 12, 2010",14/01/2012,,4,22,garba.adeleke@apexbank.ng,0802-871-4013,08/07/2013,exited
APX0145,Haruna Eze,m,"April 9, 1996",S,Ilorin,CS,Banking Executive,Mid-Level,CONTRACT,"December 14, 2023",07/06/2024,2024-01-01,551000,2,3,haruna.eze@apexbank,0806-914-0917,,active
APX0146,Nasiru Yusuf,male,1996-12-06,MARRIED,Ilorin,Retail,CFO,Director,Full-Time,29/03/2013,"October 19, 2013",2014-08-14,2902000,5,19,nasiru.yusuf@apexbank.com,0809734,,active
APX0147,Tunde Lawal,M,1997-08-12,M,Benin City,RETAIL,Executive Director,Director,Permanent,"July 28, 2013",2014-01-21,"February 4, 2018",1633000,5,2,tunde.lawal@apexbank.ng,08088236351,,ACTIVE
APX0148,Garba Anyanwu,Male,"August 15, 1991",Married,Ilorin,Retail Banking,Banking Officer,Junior,CONTRACT,"January 31, 2014","August 16, 2014",26/05/2018,267000,2,12,garba.anyanwu@apexbank.ng,08058999026,,ACTIVE
APX0149,Nasiru Bello,MALE,1996-01-18,S,Kano,IT,Senior Risk Officer,Senior,contract,03/01/2010,2010-06-30,29/07/2014,733000,2,10,nasiru.bello@apexbank,0805194,,active
APX0150,Patience Musa,F,"May 26, 1980",Single,Asaba,Operations,Credit Analyst,Junior,PERMANENT,2011-03-08,30/09/2011,"May 25, 2014","222,000",1,7,patience.musa@apexbank.com,08093810726,,active
APX0151,Jumoke Ibrahim,FEMALE,1970-02-07,Single,Benin City,,Senior Analyst,Mid-Level,Full Time,16/09/2010,2011-02-19,"June 10, 2015",N/A,1,9,jumoke.ibrahim@apexbank,0804 5739043,,active
APX0152,Obinna Okonkwo,Male,1977-02-09,M,Kaduna,R&C,Banking Executive,Mid-Level,Contractor,04/01/2017,2017-07-15,17/03/2020,0,3,15,obinna.okonkwo@apexbank.ng,0806 5643591,,active
APX0153,Ada Okonkwo,F,09/08/1994,single,Asaba,HR,Branch Manager,Manager,contract,2018-10-10,2019-03-24,2022-05-01,"?1,145,000",2,1,ada.okonkwo@apexbank,0804-590-6836,,Active
APX0154,Victoria Igwe,FEMALE,15/12/1973,Divorced,Enugu,Retail Banking,Regional Manager,Manager,Contract,"April 6, 2021","October 1, 2021","March 21, 2023","984,000",3,8,victoria.igwe@apexbank,0802 3400420,,ACTIVE
APX0155,Zainab Ojo,FEMALE,15/04/1996,Married,Kaduna,,Senior Credit Officer,Senior,Full-Time,2010-03-18,16/08/2010,2011-06-25,896000,5,5,zainab.ojo@apexbank,0805 9265219,,Active
APX0156,Fatima Adeleke,F,"February 18, 1996",MARRIED,Ilorin,Risk & Compliance,Branch Manager,Manager,contract,12/02/2013,2013-08-21,04/12/2017,"?1,094,000",1,4,fatima.adeleke@,08060451158,2016-07-30,Terminated
APX0157,Grace Salami,Female,1991-11-21,divorced,Sokoto,Operations,Senior HR Officer,Senior,CONTRACT,04/12/2020,01/06/2021,2023-04-24,"858,000",2,7,grace.salami@apexbank.com,0805 3785742,,Exited
APX0158,Femi Obi,m,08/03/1989,divorced,Maiduguri,CUSTOMER SERVICE,Senior HR Officer,Senior,Contract,2015-12-02,2016-06-13,2020-02-06,"807,000",3,17,femi.obi@apexbank.ng,0807 0398211,,Active
APX0159,Wale Uche,male,1971-08-24,M,Abuja,CUSTOMER SERVICE,HR Executive,Mid-Level,CONTRACT,2011-03-08,2011-09-18,"October 29, 2014",553000,1,16,wale.uche@apexbank.com,0801-886-4663,,active
APX0160,  Queen Uche,f,1998-07-20,Married,Owerri,Human Resources,Senior HR Officer,Senior,Full Time,"April 30, 2015",2015-10-26,"October 21, 2018",718000,2,20,queen.uche@apexbank.ng,0801 9726844,,active
APX0161,Lara Nwosu,F,1979-09-03,SINGLE,Calabar,Operations,Banking Executive,Mid-Level,CONTRACT,01/10/2017,"May 11, 2017",29/08/2021,574000,5,8,lara.nwosu@apexbank,08071170897,,active
APX0162,Nneka Bankole,FEMALE,12/03/1975,D,Ilorin,Operation,Banking Executive,Mid-Level,Permanent,10/10/2016,"April 11, 2017","August 31, 2018",417000,4,21,nneka.bankole@apexbank,08020549063,,active
APX0163,Jibril Igwe,Male,"September 22, 1970",Divorced,Lagos,Finance & Accounts,Head of Retail,Director,contract,25/09/2022,"April 5, 2023",01/01/2024,1816000,1,14,jibril.igwe@apexbank.com,08066289417,,Active
APX0164,Ahmed Badmus,M,1981-06-23,D,Sokoto,FINANCE,Head of Retail,Director,Contractor,2019-08-13,"January 27, 2020",2024-06-25,2282000,3,16,ahmed.badmus@apexbank.com,0809652,,active
APX0165,Nneka Musa,f,"July 14, 1972",SINGLE,Maiduguri,Operation,Finance Manager,Manager,Full Time,"January 14, 2019",2014-09-24,"November 9, 2022",,3,14,nneka.musaapexbank,0802-637-1268,,Exited
APX0166,Chidinma Adewole,Female,1989-08-31,married,Enugu,Ops,Executive Director,Director,Full-Time,2020-04-13,10/10/2020,26/08/2024,"?2,759,000",4,0,chidinma.adewole@apexbank,0805 6207334,,Active
APX0167,  Segun Aliyu,male,"January 17, 1994",M,Maiduguri,IT,Finance Manager,Manager,Contract,"December 15, 2019",2020-05-20,"October 24, 2023",1223000,1,8,segun.aliyu@apexbank.ng,0805113,,Active
APX0168,Rita Oluwole,female,1977-02-24,MARRIED,Kaduna,Human Resource,Credit Analyst,Junior,permanent,2018-02-02,"July 12, 2018",26/06/2022,322000,1,17,rita.oluwole@apexbank.ng,0806 9712303,,Exited
APX0169,Chidinma Obi,female,1970-01-18,single,Uyo,I.T,Finance Manager,Manager,PERMANENT,2011-08-05,21/01/2012,2015-05-08,1063000,1,18,chidinma.obi@apexbank.com,0802-630-1031,,ACTIVE
APX0170,Toyin Ogunyemi,FEMALE,"February 28, 1971",S,Kaduna,hr,Banking Executive,Mid-Level,CONTRACT,"April 12, 2010",14/10/2010,2012-07-12,484000,3,2,toyin.ogunyemi@apexbank.ng,0801744,04/05/2011,exited
APX0171,Damilola Agu,FEMALE,20/01/1995,Divorced,Lagos,Finance,CFO,Director,CONTRACT,2020-06-03,2020-12-26,01/01/2024,2552000,7,9,damilola.agu@apexbank.com,0803838,,ACTIVE
APX0172,Tunde Taiwo,Male,1984-07-19,SINGLE,Kaduna,Retail,Risk Manager,Manager,Full-Time,23/04/2013,2013-10-18,2016-08-20,1289000,4,3,tunde.taiwo@apexbank.com,08034314844,,Exited
APX0173,  Babatunde Aliyu,MALE,"June 14, 1986",Single,Calabar,Corporate Banking,Head of Credit,Manager,PERMANENT,28/07/2011,11/01/2012,20/01/2016,1499000,1,15,babatunde.aliyu@apexbank.com,0809-857-2575,,active
APX0174,Obiageli Ojo,FEMALE,1979-05-28,SINGLE,Enugu,Risk,Risk Manager,Manager,Contractor,"January 23, 2015",29/06/2015,"April 14, 2017",1139000,2,11,obiageli.ojo@apexbank,0809-751-0294,,Active
APX0175,Wale Ekwu,M,15/04/1973,single,Port Harcourt,Corp Banking,Senior Credit Officer,Senior,Contractor,23/01/2017,2017-07-07,2021-06-13,"?790,000",1,10,wale.ekwu@apexbank.com,08054901096,"March 5, 2023",Resigned
APX0176,Bello Adeyemi,m,"April 23, 1985",SINGLE,Sokoto,I.T,Risk Manager,Manager,Contractor,2017-11-04,2018-05-06,2022-10-15,1180000,2,11,bello.adeyemi@apexbank,0805 2324076,,Terminated
APX0177,Jibril Taiwo,m,"March 19, 1982",Divorced,Ibadan,Ops,IT Manager,Manager,contract,2014-08-16,08/02/2015,2016-12-31,"?1,244,000",4,22,jibril.taiwo@apexbank.ng,08094906723,,active
APX0178,  Ahmed Badmus,m,"December 3, 1971",Married,Uyo,I.T,Regional Manager,Manager,contract,"April 20, 2013",06/11/2013,24/04/2016,1337000,5,10,ahmed.badmus@apexbank,0808 7613066,,active
APX0179,Damilola Oluwole,FEMALE,12/08/1981,DIVORCED,Port Harcourt,R&C,Risk Manager,Manager,Permanent,2013-02-23,2013-09-11,"November 25, 2017",1185000,1,2,damilola.oluwole@apexbank.com,0805-889-1967,,ACTIVE
APX0180,Damilola Obi,F,14/06/1990,SINGLE,Maiduguri,FINANCE,HR Executive,Mid-Level,Contract,"October 14, 2019",24/03/2020,2023-05-07,388000,6,7,damilola.obi@apexbank.ng,0803-761-9027,,Resigned
APX0181,Lanre Isah,Male,"November 14, 1993",Single,Maiduguri,Operations,Credit Analyst,Junior,CONTRACT,26/06/2013,09/12/2013,20/11/2015,"223,000",5,9,lanre.isah@apexbank.ng,08071400633,,Active
APX0182,Rita Suleiman,F,1977-04-06,MARRIED,Kaduna,Risk & Compliance,Senior Risk Officer,Senior,Contract,"December 8, 2013","June 14, 2014",05/11/2017,-439499,1,19,rita.suleiman@apexbank,0801573,09/04/2018,exited
APX0183,Victoria Anyanwu,FEMALE,1986-04-01,Married,Abuja,Operation,CFO,Director,Contractor,17/03/2014,"August 20, 2014",2017-12-17,N/A,5,12,victoria.anyanwu@apexbank,08035106730,,Resigned
APX0184,Blessing Idris,f,1988-02-20,Divorced,Lagos,hr,Senior Credit Officer,Senior,Permanent,2017-03-22,2017-08-23,26/09/2021,,5,10,blessing.idris@apexbank,0805906,,Active
APX0185,Lara Nwosu,FEMALE,"October 5, 1973",divorced,Enugu,Customer Care,HR Officer,Junior,CONTRACT,2016-10-12,01/04/2017,14/12/2020,286000,4,10,lara.nwosu@apexbank.ng,08021200981,,Active
APX0186,Queen Musa,female,05/08/1970,Divorced,Ilorin,IT,Banking Officer,Junior,permanent,"September 25, 2022",2023-03-25,01/01/2024,217000,3,21,queen.musa@apexbank.com,0803181,"August 29, 2027",Resigned
APX0187,Babatunde Anyanwu,MALE,18/10/1979,MARRIED,Calabar,OPERATIONS,Regional Manager,Manager,PERMANENT,09/04/2018,"October 19, 2018",2022-11-24,"1,077,000",4,8,babatunde.anyanwu@apexbank.com,0802 2242504,,Active
APX0188,Damilola Anyanwu,Female,"November 25, 1991",divorced,Kano,OPERATIONS,Chief Risk Officer,Director,Contractor,2022-11-12,26/04/2023,01/01/2024,N/A,3,26,damilola.anyanwu@apexbank,08025416296,,Active
APX0189,Miriam Taiwo,female,"February 11, 1983",D,Enugu,Corporate,Senior Analyst,Mid-Level,permanent,2014-12-11,2015-06-18,"October 31, 2016","517,000",4,2,miriam.taiwo@apexbank,0809-217-8593,,Active
APX0190,Femi Eze,male,"October 17, 1975",DIVORCED,Uyo,ICT,Senior HR Officer,Senior,CONTRACT,"August 22, 2016",21/01/2017,2019-10-18,"715,000",1,0,femi.eze@apexbank,0801-336-4115,,ACTIVE
APX0191,Uche Agu,Male,14/08/1971,DIVORCED,Abeokuta,Ops,Team Lead,Senior,CONTRACT,2012-06-19,2012-11-30,08/01/2017,"850,000",5,22,uche.agu@apexbank.ng,0805 9680392,,Active
APX0192,Dolapo Isah,FEMALE,14/07/1974,married,Calabar,Information Technology,Group Head,Director,Permanent,"November 7, 2012","April 13, 2013",22/10/2017,3183000,3,4,dolapo.isah@apexbank.ng,0804-039-2068,,active
APX0193,S@muel Aliyu,male,10/01/1973,single,Owerri,Corporate,Chief Risk Officer,Director,contract,2016-12-24,2017-07-17,"April 21, 2018","1,729,000",2,11,samuel.aliyu@apexbank,0809678,,ACTIVE
APX0194,Obinn@ Nwosu,M,17/02/1984,SINGLE,Uyo,HR,Risk Manager,Manager,permanent,2014-04-18,18/01/2014,"January 30, 2016","1,295,000",4,16,obinna.nwosu@apexbank.com,08077646864,,active
APX0195,Kabiru Fola,MALE,"September 6, 1985",Divorced,Ibadan,Corp Banking,Executive Director,Director,Full Time,21/01/2017,25/07/2017,2018-05-12,0,5,13,kabiru.fola@apexbank.com,0803448,,active
APX0196,Vivian Ojo,F,"December 17, 1973",Married,Uyo,Corp Banking,Credit Analyst,Junior,Contract,2011-11-27,07/05/2012,10/08/2016,218000,4,8,vivian.ojo@apexbank,0808-261-8327,,Active
APX0197,Lanre Badmus,M,17/04/1996,D,Owerri,CS,Relationship Officer,Mid-Level,Full-Time,2018-11-24,03/06/2019,14/10/2020,415000,5,19,lanre.badmus@apexbank.com,0801658,,active
APX0198,Ifeoma Aliyu,F,1970-01-14,Single,Calabar,,Finance Manager,Manager,contract,01/12/2015,"May 5, 2016","June 7, 2017",1217000,2,7,ifeoma.aliyu@apexbank,0807859,,active
APX0199,Ifeanyi Adewole,male,"July 18, 1978",married,Kano,Accounts,Senior Credit Officer,Senior,contract,28/04/2019,2019-11-12,21/11/2022,868000,1,7,ifeanyi.adewole@apexbank.ng,0806430,"June 3, 2022",Exited
APX0200,Blessing Mohammed,female,1979-08-04,Married,Kano,Retail,Team Lead,Senior,PERMANENT,"August 20, 2022",2023-01-22,"January 1, 2024",879000,0,11,blessing.mohammed@apexbank.ng,0804-191-0809,,Active
APX0201,Kunle Fola,m,1972-06-09,S,Lagos,R&C,Senior IT Officer,Senior,Contract,2023-05-27,2023-11-06,"January 1, 2024",936000,3,33,kunle.fola@apexbank,0806989,,ACTIVE
APX0202,Vivian Ojo,Female,1987-04-01,divorced,Maiduguri,Retail,Regional Manager,Manager,Contractor,2022-08-06,"January 28, 2023","January 1, 2024","?1,292,000",4,22,vivian.ojo@apexbank.com,0804391,,active
APX0203,Moh@mmed Nnaji,male,1991-08-05,divorced,Abuja,Finance & Accounts,Regional Manager,Manager,Contract,2011-06-08,2011-04-27,"March 16, 2013",1192000,1,4,mohammed.nnaji@apexbank.ng,0802131,,ACTIVE
APX0204,Jumoke Adewole,FEMALE,"January 17, 1973",MARRIED,Sokoto,Finance & Accounts,IT Manager,Manager,contract,26/10/2022,2023-03-28,01/01/2024,-256665,4,5,jumoke.adewole@apexbank.ng,08052267235,,active
APX0205,Babatunde Nwosu,m,1986-05-23,SINGLE,Uyo,H.R,IT Manager,Manager,CONTRACT,10/08/2010,2011-02-22,2014-11-25,1232000,1,6,babatunde.nwosu@apexbank.com,0802 1407904,,active
APX0206,  Kabiru Adeyemi,male,12/09/1975,S,Ilorin,CS,Finance Manager,Manager,Contract,24/02/2022,"September 1, 2022",2024-01-01,1411000,5,4,kabiru.adeyemi@apexbank,0809 6082503,,ACTIVE
APX0207,Grace Suleiman,female,"December 3, 1979",married,Abeokuta,ICT,HR Executive,Mid-Level,Full Time,"August 20, 2013",22/02/2014,"December 4, 2015","?384,000",3,19,grace.suleiman@apexbank.com,0802 3779207,,active
APX0208,Segun Igwe,Male,"June 29, 1990",DIVORCED,Kaduna,Information Technology,Senior Credit Officer,Senior,Full Time,"October 19, 2019","March 29, 2020","July 27, 2024",914000,4,14,segun.igweapexbank.ng,08025406842,,ACTIVE
APX0209,Rasheed Ekwu,M,"May 28, 1983",married,Owerri,CORP,Senior Analyst,Mid-Level,permanent,09/12/2011,2012-06-19,2013-01-22,"444,000",4,8,rasheed.ekwu@apexbank,0801 1770077,,Active
APX0210,Seun Olanrewaju,Male,"August 9, 1992",S,Maiduguri,Ops,Team Lead,Senior,CONTRACT,2014-03-22,23/08/2014,"June 4, 2018",752000,2,4,seun.olanrewaju@apexbank.com,0805-633-3668,,active
APX0211,Uche Anyanwu,Male,"June 4, 1988",divorced,Port Harcourt,HR,Banking Executive,Mid-Level,Contract,20/07/2022,"December 18, 2022",2023-08-13,546000,5,7,uche.anyanwu@apexbank.ng,08043258327,,active
APX0212,Funmil@yo Fola,f,16/07/1980,M,Owerri,Retail Banking,Senior Manager,Senior,Contract,"May 10, 2021",24/10/2021,17/09/2024,914000,2,15,funmilayo.fola@apexbank.ng,0808-564-3919,,Active
APX0213,Felix Taiwo,MALE,1989-05-10,Single,Lagos,Risk/Compliance,Group Head,Director,PERMANENT,2017-05-31,21/12/2017,21/05/2019,1902000,3,2,felix.taiwo@apexbank.com,0803968,2023-01-23,ACTIVE
APX0214,Blessing Achebe,FEMALE,11/08/1970,single,Kaduna,Corporate,CFO,Director,permanent,"September 21, 2014","April 12, 2015","February 26, 2016",2187000,3,10,blessing.achebe@apexbank.com,08082853990,,active
APX0215,Garba Badmus,Male,1980-01-25,married,Sokoto,Corporate,Director of Operations,Director,contract,2015-09-13,"April 10, 2016",2020-01-03,3219000,3,6,garba.badmus@apexbank,0804863,,Active
APX0216,Zainab Obi,Female,1997-11-04,married,Calabar,Operation,Senior HR Officer,Senior,Permanent,"October 30, 2021",2022-04-04,"May 10, 2023",825000,5,7,zainab.obi@apexbank.ng,0801 8146917,,ACTIVE
APX0217,Chidinma Suleiman,female,"December 18, 1993",SINGLE,Uyo,Corp Banking,Senior HR Officer,Senior,Permanent,"January 1, 2012",2012-06-05,2014-09-13,822000,1,6,chidinma.suleiman@apexbank.com,0802-817-9610,,Active
APX0218,Wale Yusuf,m,2010-05-11,married,Kano,Human Resources,Senior Manager,Senior,Contract,13/03/2017,2017-09-19,27/11/2020,652000,2,19,wale.yusuf@apexbank,08051425370,,ACTIVE
APX0219,  W@le Oluwole,m,27/07/1992,single,Maiduguri,Operation,Compliance Officer,Junior,Contractor,"June 2, 2019","November 16, 2019",19/01/2023,"?259,000",5,21,wale.oluwole@apexbank,0802198,,Active
APX0220,  Mohammed Mohammed,M,1979-05-05,SINGLE,Abeokuta,Finance,IT Manager,Manager,Contract,"August 29, 2022",2023-02-09,"January 1, 2024",N/A,1,1,mohammed.mohammed@apexbank.ng,0801783,,ACTIVE
APX0221,Dolapo Okonkwo,f,"December 1, 1988",divorced,Abuja,Customer Service,Teller,Junior,Permanent,25/08/2020,02/02/2021,"March 23, 2023",,5,18,dolapo.okonkwo@apexbank,08016309639,,Active
APX0222,Kabiru Anyanwu,male,09/07/1986,Divorced,Asaba,H.R,Senior IT Officer,Senior,CONTRACT,"March 23, 2022","October 3, 2022","January 1, 2024",811000,2,21,kabiru.anyanwu@apexbank.ng,0805 2652061,,ACTIVE
APX0223,Rasheed Oluwole,MALE,"August 26, 1977",married,Uyo,hr,Branch Manager,Manager,Contract,13/05/2018,"December 17, 2017",10/02/2020,"?1,186,000",1,9,rasheed.oluwole@apexbank,0808 3371512,,ACTIVE
APX0224,Chibuzor Achebe,male,10/07/1986,DIVORCED,Calabar,Retail,Senior Risk Officer,Senior,Contract,"August 10, 2013","February 11, 2014",2016-10-21,882000,2,10,chibuzor.achebe@apexbank.com,0805-254-5831,,Active
APX0225,Lanre Ibrahim,MALE,1986-02-23,Single,Abeokuta,Operations,Executive Director,Director,Contract,2020-01-31,02/08/2020,"May 23, 2024",2716000,2,0,lanre.ibrahim@apexbank.com,0804968,,Active
APX0226,Rasheed Yusuf,m,08/02/1989,single,Benin City,Ops,CFO,Director,PERMANENT,"August 22, 2019","July 21, 2014","August 31, 2022",2446000,5,2,rasheed.yusuf@apexbank.ng,08038886621,,Active
APX0227,Uche Eze,M,21/08/1983,divorced,Enugu,Risk,IT Support,Junior,Contract,"January 16, 2015",2015-08-14,2019-02-12,"245,000",1,10,uche.eze@apexbank,0805 4378524,,ACTIVE
APX0228,Wale Idris,Male,12/09/1978,SINGLE,Port Harcourt,Human Resource,HR Executive,Mid-Level,permanent,20/05/2019,"October 25, 2019",26/12/2020,383000,4,22,wale.idris@apexbank.com,0801-066-4933,,ACTIVE
APX0229,Garba Bello,M,10/11/1976,single,Ibadan,Retail Banking,IT Executive,Mid-Level,permanent,03/08/2014,"February 5, 2015",2016-01-09,"582,000",5,7,garba.bello@apexbank,0807-390-9934,,active
APX0230,Peter S@lami,M,1976-09-02,DIVORCED,Uyo,I.T,Chief Risk Officer,Director,Contract,"February 25, 2013","August 3, 2013","February 15, 2015",1896000,1,20,peter.salamiapexbank.ng,0806-115-3090,,ACTIVE
APX0231,Kemi Lawal,f,"September 30, 1987",SINGLE,Sokoto,I.T,Chief Risk Officer,Director,Permanent,11/08/2013,20/01/2014,2017-11-07,-291539,3,16,kemi.lawal@apexbank,0802-679-2637,,active
APX0232,Ugochi Fola,female,1998-10-08,Single,Ilorin,Customer Service,Senior Credit Officer,Senior,CONTRACT,"June 4, 2022","November 23, 2022","January 1, 2024","?892,000",4,7,ugochi.folaapexbank.ng,0805046,,ACTIVE
APX0233,Ekaette Lawal,F,2010-09-04,D,Ilorin,Finance,Teller,Junior,CONTRACT,2023-04-05,2023-10-08,2024-01-01,"274,000",5,12,ekaette.lawal@apexbank,0802 1608481,,active
APX0234,Helen Bassey,f,"July 14, 1972",divorced,Calabar,Finance & Accounts,Risk Officer,Mid-Level,Contractor,"October 30, 2010",2011-04-17,16/11/2012,600000,1,5,helen.bassey@apexbank,0804-226-3627,,Exited
APX0235,Wale Oladele,Male,01/05/1972,S,Sokoto,Finance & Accounts,Teller,Junior,CONTRACT,26/09/2021,07/03/2022,2024-01-01,"211,000",2,19,wale.oladele@apexbank.com,08034100231,,ACTIVE
APX0236,Segun Oladele,male,18/11/1971,DIVORCED,Benin City,hr,Customer Rep,Junior,Contractor,03/10/2021,24/04/2022,"November 3, 2024",185000,2,13,segun.oladele@apexbank.com,08016130486,,Active
APX0237,Kunle Lawal,M,"April 21, 1994",married,Ilorin,IT,Senior Analyst,Mid-Level,permanent,12/11/2015,"October 7, 2015",25/03/2017,N/A,2,10,kunle.lawal@apexbank,0807857,,ACTIVE
APX0238,Ibrahim Taiwo,m,02/02/1995,Single,Ibadan,Corp Banking,Director of Operations,Director,Full Time,2023-07-03,31/12/2023,"January 1, 2024","2,485,000",2,7,ibrahim.taiwo@apexbank.com,0803 2456054,,active
APX0239,Tunde Obi,MALE,28/02/1990,D,Ilorin,Accounts,Head of Retail,Director,Contractor,"July 20, 2013",27/12/2013,12/06/2015,2330000,4,10,tunde.obi@apexbank,0802491,,ACTIVE
APX0240,Eniola Igwe,F,1981-08-15,D,Asaba,Human Resources,Senior Risk Officer,Senior,contract,04/11/2016,"May 22, 2017","June 20, 2018","?801,000",2,8,eniola.igwe@apexbank.com,08087060527,,Active
APX0241,Adaeze Isah,F,21/01/1989,divorced,Abeokuta,CS,Senior IT Officer,Senior,contract,"April 4, 2013",2013-10-09,"October 25, 2014",713000,3,7,adaeze.isah@apexbank,0808-471-0246,,Active
APX0242,Blessing Bassey,F,2010-08-15,divorced,Ilorin,Customer Service,Group Head,Director,Permanent,"December 3, 2019",27/06/2020,25/01/2024,2657000,1,13,blessing.bassey@apexbank.ng,08020858862,,active
APX0243,Nnamdi Balogun,male,12/12/1991,Single,Kaduna,Tech,Senior Risk Officer,Senior,contract,13/02/2018,"September 9, 2018",2019-08-21,839000,1,7,nnamdi.balogun@apexbank,0808-390-8465,,Active
APX0244,Grace Isah,female,1984-09-26,divorced,Owerri,Compliance,Senior Analyst,Mid-Level,Permanent,2023-11-19,"June 16, 2024",2024-01-01,550000,3,6,grace.isah@apexbank,08096784435,,active
APX0245,Rasheed Agu,male,1989-05-18,married,Maiduguri,Tech,Head of Credit,Manager,Permanent,24/09/2015,"March 17, 2016","March 5, 2019",N/A,1,5,rasheed.agu@apexbank,0801012,,active
APX0246,  Lanre Ogunyemi,m,"January 1, 1989",Single,Benin City,Ops,Compliance Officer,Junior,CONTRACT,02/10/2015,"March 12, 2016",2020-07-04,214000,4,13,lanre.ogunyemi@apexbank,0804 8122831,,active
APX0247,Chidinma Achebe,FEMALE,"January 29, 1977",DIVORCED,Uyo,,IT Manager,Manager,Contract,24/01/2014,2013-08-15,02/10/2017,"1,272,000",2,22,chidinma.achebe@apexbank.ng,08039237465,,ACTIVE
APX0248,Grace Uche,female,"June 6, 1997",married,Kano,Accounts,Executive Director,Director,Permanent,"September 7, 2021","April 5, 2022",2024-01-01,"?2,803,000",4,21,grace.uche@apexbank.com,08088759621,"February 27, 2025",Exited
APX0249,  Eniola Bassey,female,1984-05-06,SINGLE,Enugu,CS,IT Executive,Mid-Level,Full-Time,2021-06-30,2021-12-22,16/06/2024,419000,0,42,eniola.bassey@apexbank,0806 6538729,,Resigned
APX0250,Chukwuma Okoro,male,15/12/1989,Married,Owerri,Operations,Chief Risk Officer,Director,CONTRACT,30/10/2013,20/05/2014,15/07/2017,2197000,1,29,chukwuma.okoro@apexbank.ng,08070112209,,ACTIVE
APX0251,Funmilayo Adeyemi,female,"February 28, 1995",DIVORCED,Calabar,Corporate Banking,Senior HR Officer,Senior,contract,2014-09-27,2015-03-05,"December 31, 2017",902000,3,0,funmilayo.adeyemi@apexbank.ng,08028472428,,active
APX0252,Chinwe Idris,Female,2010-02-01,D,Uyo,OPERATIONS,Senior Analyst,Mid-Level,contract,"May 12, 2021",24/10/2021,"March 7, 2023",461000,1,5,chinwe.idris@apexbank.ng,08099070930,,Active
APX0253,Ugochi Okoro,Female,"July 24, 1987",married,Kaduna,Human Resource,Relationship Officer,Mid-Level,Contractor,2015-06-05,20/12/2015,2018-04-24,540000,5,19,ugochi.okoro@apexbank,0806 2797161,"June 6, 2021",Exited
APX0254,Patience Musa,F,"October 19, 1990",DIVORCED,Maiduguri,HR,Head of Retail,Director,permanent,2010-12-25,10/06/2011,"February 12, 2014",1836000,2,13,patience.musa@apexbank,0803 2939447,,active
APX0255,  Peter Anyanwu,M,07/12/1984,DIVORCED,Kano,CS,Team Lead,Senior,Full Time,12/01/2014,21/07/2014,31/08/2013,"755,000",2,21,peter.anyanwu@apexbank.com,0808-356-0447,,ACTIVE
APX0256,Emeka Owolabi,male,1985-05-01,S,Enugu,Operations,Finance Manager,Manager,Full Time,01/05/2011,2011-11-19,2014-10-05,1147000,1,21,emeka.owolabi@,08040160376,,Active
APX0257,Bello Bankole,Male,01/09/1987,DIVORCED,Maiduguri,IT,Risk Manager,Manager,CONTRACT,08/05/2021,05/10/2021,18/09/2024,1141000,4,6,bello.bankoleapexbank.com,0802 5869669,,Active
APX0258,Garba Uche,MALE,"August 7, 1989",DIVORCED,Ilorin,Customer Service,Compliance Officer,Junior,permanent,2021-02-14,2021-07-27,2024-01-01,258000,5,37,garba.uche@apexbank.com,0806-740-1067,,ACTIVE
APX0259,Ekaette Bankole,f,1978-10-02,MARRIED,Asaba,Finance & Accounts,Senior Manager,Senior,CONTRACT,2021-04-03,"October 2, 2021",01/01/2024,"668,000",4,7,ekaette.bankole@apexbank.com,0809966,,Active
APX0260,Lara Mohammed,female,"April 12, 1977",Married,Port Harcourt,Customer Service,Senior Risk Officer,Senior,Full Time,2012-05-28,2012-12-23,"May 14, 2015",690000,3,11,lara.mohammed@apexbank.ng,0808 4270678,,active
APX0261,Garba Badmus,M,31/03/1977,D,Uyo,Risk,Head of Credit,Manager,permanent,2019-10-01,09/03/2020,"January 6, 2023",1433000,4,39,garba.badmus@apexbank.ng,08063412343,,Active
APX0262,Queen Nwosu,female,12/11/1976,SINGLE,Maiduguri,Compliance,IT Manager,Manager,permanent,02/02/2016,2016-07-07,"August 15, 2019",1236000,5,5,queen.nwosu@apexbank.ng,0803 4724242,,Active
APX0263,Garba Okonkwo,MALE,1978-02-20,Divorced,Ilorin,CS,Regional Manager,Manager,contract,20/07/2014,15/02/2015,23/06/2016,1386000,4,6,garba.okonkwo@apexbank.ng,0808-173-6488,,ACTIVE
APX0264,Nasiru Olanrewaju,MALE,"April 12, 1989",Single,Ilorin,R&C,Risk Officer,Mid-Level,Full Time,04/01/2014,14/06/2014,18/05/2018,440000,2,18,nasiru.olanrewaju@apexbank.ng,0803-942-8207,,active
APX0265,Ahmed Akinwale,MALE,1986-07-07,single,Abeokuta,Corporate,Executive Director,Director,Full-Time,"June 1, 2023",2023-11-05,01/01/2024,0,5,2,ahmed.akinwale@apexbank.com,0806-872-4658,,Active
APX0266,Babatunde Uche,M,03/04/1986,Married,Port Harcourt,Corp Banking,Credit Analyst,Junior,PERMANENT,2022-06-26,2022-12-03,2024-01-01,"?304,000",4,34,babatunde.uche@apexbank.com,0808071,,active
APX0267,Toyin Musa,FEMALE,"November 7, 1989",MARRIED,Abuja,CS,Senior IT Officer,Senior,Contract,23/09/2010,15/04/2011,04/08/2012,"?904,000",4,21,toyin.musa@apexbank.com,0808-356-5864,,active
APX0268,Kabiru Anyanwu,m,"October 23, 1993",D,Uyo,H.R,Senior Risk Officer,Senior,Contractor,10/04/2010,2010-09-10,"December 22, 2012",733000,3,13,kabiru.anyanwu@apexbank.ng,0809-722-9294,,Active
APX0269,Ahmed Salami,m,1976-01-26,D,Port Harcourt,Tech,Compliance Officer,Junior,Contractor,"November 24, 2010",14/07/2014,2012-07-11,N/A,1,12,ahmed.salami@@apexbank.ng,0802 2531781,,Active
APX0270,Rasheed Agu,MALE,"May 8, 1971",DIVORCED,Ibadan,OPERATIONS,Branch Manager,Manager,Contractor,"December 19, 2011",2012-07-12,"July 28, 2014","1,192,000",4,2,rasheed.agu@apexbank,0809-200-8189,,ACTIVE
APX0271,Ibrahim Bankole,MALE,18/06/1992,S,Port Harcourt,Retail Bank,HR Officer,Junior,contract,24/10/2022,2023-04-16,2024-03-15,291000,5,18,ibrahim.bankole@apexbank,0808088,,active
APX0272,Ada Ekwu,f,19/09/1991,S,Port Harcourt,RETAIL,Teller,Junior,CONTRACT,04/10/2010,2011-03-27,"July 10, 2012",275000,5,21,ada.ekwu@apexbank,0808967,,Active
APX0273,Mohammed Okonkwo,m,1986-05-31,Married,Sokoto,Customer Service,Senior Manager,Senior,Contractor,"February 21, 2022","August 10, 2022","April 17, 2024",813000,1,0,mohammed.okonkwo@apexbank.ng,0803 4106844,,Exited
APX0274,Funmilayo Yusuf,Female,1974-12-21,MARRIED,Sokoto,Retail,Banking Executive,Mid-Level,Full Time,"September 23, 2014","February 21, 2015",2016-06-03,533000,5,21,funmilayo.yusuf@apexbank.ng,0805-539-4977,,Active
APX0275,  Ada Owolabi,Female,1993-08-06,divorced,Enugu,hr,Senior HR Officer,Senior,Full Time,"January 5, 2022",18/06/2022,01/01/2024,892000,5,7,ada.owolabiapexbank.ng,0806 3418821,,ACTIVE
APX0276,Felix Suleiman,m,1996-04-14,SINGLE,Abeokuta,FINANCE,Finance Manager,Manager,CONTRACT,"November 3, 2011",29/05/2012,"December 18, 2012","?1,402,000",3,27,felix.suleiman@apexbank,08085614325,,ACTIVE
APX0277,Bello Achebe,m,17/04/1990,Married,Abeokuta,Risk/Compliance,Senior IT Officer,Senior,contract,07/03/2019,2019-08-04,"June 13, 2020",889000,1,7,bello.achebe@apexbank,08052240173,,ACTIVE
APX0278,Nasiru Taiwo,male,17/01/1997,M,Benin City,Finance,Risk Manager,Manager,Full Time,04/09/2015,2016-02-29,2017-04-21,"1,028,000",0,11,nasiru.taiwo@apexbank.com,0809-278-0818,,Active
APX0279,Biodun Anyanwu,male,1982-04-08,divorced,Calabar,Compliance,Executive Director,Director,Contract,20/09/2011,04/04/2012,2014-10-21,"?1,994,000",4,2,biodun.anyanwu@apexbank.ng,0809489,,active
APX0280,Sandra Okoro,f,1986-04-13,DIVORCED,Uyo,Ops,Customer Rep,Junior,Full-Time,2018-06-23,"November 22, 2018",2019-07-08,184000,4,8,sandra.okoro@apexbank.ng,0803 6987193,,Active
APX0281,Moh@mmed Adeleke,MALE,"July 24, 1989",married,Abuja,H.R,Banking Executive,Mid-Level,Full Time,"February 4, 2019",10/08/2019,"September 27, 2023",566000,1,1,mohammed.adeleke@apexbank.ng,0801531,,ACTIVE
APX0282,Sola Aliyu,M,"December 29, 1988",M,Maiduguri,Retail,HR Executive,Mid-Level,Contract,2014-07-28,"February 13, 2015",2018-07-01,"?438,000",5,12,sola.aliyu@apexbank.com,0802 2449356,,ACTIVE
APX0283,Nneka Taiwo,FEMALE,10/08/1981,Married,Port Harcourt,CUSTOMER SERVICE,Relationship Officer,Mid-Level,CONTRACT,23/04/2021,"November 8, 2021",2024-01-01,"412,000",5,21,nneka.taiwo@apexbank,08064462692,2025-07-16,Exited
APX0284,Miriam Anyanwu,FEMALE,"January 21, 1973",DIVORCED,Uyo,Customer Service,Chief Risk Officer,Director,permanent,2012-12-24,09/07/2013,"December 2, 2015","3,466,000",2,7,miriam.anyanwu@apexbank.ng,0801-618-0323,,Active
APX0285,Sola Bankole,Male,"November 18, 1971",Single,Ilorin,Corp Banking,Customer Rep,Junior,contract,27/02/2020,2020-08-20,24/01/2022,342000,1,3,sola.bankole@apexbank.com,08079610068,,active
APX0286,Jibril Adewole,Male,1986-11-06,D,Port Harcourt,Corporate,IT Manager,Manager,Full-Time,"April 28, 2016","August 26, 2014",29/03/2021,"1,467,000",1,4,jibril.adewole@apexbank.ng,0802565,,active
APX0287,Damilola Agu,f,"March 1, 1980",S,Sokoto,FINANCE,Finance Manager,Manager,Contract,16/03/2010,2010-09-26,"April 26, 2014","1,082,000",1,11,damilola.agu@apexbank.com,0809-806-0143,,Active
APX0288,Funmilayo Musa,F,1983-07-23,married,Abuja,Customer Care,Risk Manager,Manager,Permanent,"June 18, 2023",26/11/2023,2024-01-01,1264000,5,22,funmilayo.musa@apexbank.ng,0802 7905279,,ACTIVE
APX0289,Femi Okafor,m,"November 6, 1989",married,Owerri,I.T,Senior IT Officer,Senior,Full Time,30/10/2021,2022-04-17,2023-01-29,N/A,4,5,femi.okafor@apexbank.com,08033737002,,ACTIVE
APX0290,Babatunde Nwosu,M,26/04/1975,divorced,Kano,HR,Senior Manager,Senior,contract,"September 26, 2018","March 26, 2019",27/03/2022,"?690,000",4,14,babatunde.nwosu@apexbank.ng,0802 5955591,,Active
APX0291,Grace Ojo,F,"August 25, 1992",divorced,Lagos,Operations,Senior Manager,Senior,CONTRACT,06/09/2023,22/03/2024,"January 1, 2024",845000,2,3,grace.ojo@apexbank.ng,0803899,"September 11, 2029",Exited
APX0292,Chibuzor Balogun,M,"August 19, 1976",SINGLE,Port Harcourt,hr,HR Executive,Mid-Level,CONTRACT,02/04/2016,20/10/2016,19/07/2018,572000,5,22,chibuzor.balogun@apexbank.com,0802428,,exited
APX0293,Peter Aliyu,Male,1984-11-13,S,Maiduguri,Ops,Risk Manager,Manager,Full-Time,2012-06-20,2013-01-08,"July 9, 2015",0,5,13,peter.aliyu@apexbank.com,0805-802-9572,,ACTIVE
APX0294,Ekaette Idris,F,06/10/1985,single,Benin City,R&C,Senior IT Officer,Senior,CONTRACT,"September 12, 2014",12/02/2015,2017-07-10,839000,5,19,ekaette.idris@apexbank,0804958,,ACTIVE
APX0295,Obiageli Igwe,F,1984-06-30,M,Owerri,RETAIL,Teller,Junior,PERMANENT,2011-05-16,"November 8, 2011","April 26, 2014",328000,3,16,obiageli.igwe@apexbank.ng,0806-101-1092,,active
APX0296,  Patience Nwosu,f,27/04/1973,Divorced,Ibadan,Finance,CFO,Director,permanent,2019-08-24,"February 15, 2020","November 14, 2021",2113000,2,6,patience.nwosu@apexbank.com,0801190,,ACTIVE
APX0297,Dayo Fola,Male,1986-12-04,M,Uyo,Compliance,Senior Analyst,Mid-Level,contract,2013-12-23,2014-06-15,2016-12-31,"543,000",3,3,dayo.fola@apexbank,0806-527-1924,,Active
APX0298,  Damilola Ibrahim,Female,09/06/1978,Divorced,Ilorin,Operations,IT Executive,Mid-Level,Permanent,"September 17, 2015","March 29, 2016",2020-01-12,"?472,000",1,3,damilola.ibrahimapexbank.ng,0806-404-8152,,ACTIVE
APX0299,Zainab Akinwale,female,23/11/1982,SINGLE,Maiduguri,,Customer Rep,Junior,permanent,"July 15, 2021",18/12/2021,01/01/2024,279000,4,7,zainab.akinwale@apexbank,0805 9592475,,active
APX0300,Nkechi Okoro,FEMALE,1978-04-26,Single,Port Harcourt,Tech,Chief Risk Officer,Director,PERMANENT,2022-10-23,2023-05-03,29/11/2024,1843000,4,18,nkechi.okoro@,08049021160,,ACTIVE
APX0301,Rasheed Yusuf,Male,"June 8, 1978",married,Lagos,CORP,Team Lead,Senior,Contractor,05/06/2015,"December 16, 2015","September 30, 2019",924000,0,9,rasheed.yusufapexbank.com,0804 7082207,,ACTIVE
APX0302,  Nasiru Eze,MALE,2010-09-14,married,Abuja,Corporate Banking,Banking Executive,Mid-Level,Contractor,"October 31, 2014",2014-10-16,2017-06-21,"496,000",3,3,nasiru.eze@apexbank,0801 5708206,"January 30, 2020",exited
APX0303,Ada Nnaji,FEMALE,1996-04-08,SINGLE,Ibadan,H.R,Director of Operations,Director,Full-Time,05/10/2017,07/03/2018,18/01/2021,2538000,1,22,ada.nnaji@apexbank.ng,08061405507,,active
APX0304,D@yo Dike,M,"March 5, 1988",Married,Enugu,I.T,Branch Manager,Manager,permanent,2014-04-02,"October 18, 2014",2018-11-15,1281000,1,16,dayo.dike@apexbank,0805882,,ACTIVE
APX0305,Peter Uche,male,09/10/1983,Married,Benin City,Human Resources,CFO,Director,CONTRACT,22/02/2022,2022-08-27,2024-10-24,"2,542,000",2,19,peter.uche@apexbank.com,0801-633-0866,,Active
APX0306,Kunle Fola,MALE,1974-10-12,Single,Ilorin,Cust Service,IT Support,Junior,PERMANENT,06/03/2014,"August 4, 2014",2018-06-05,296000,3,4,kunle.fola@apexbank.com,0801-687-2275,,Active
APX0307,Sandra Igwe,f,"June 23, 1983",single,Uyo,Retail,Customer Rep,Junior,Contract,"August 8, 2010",10/02/2011,2014-07-30,325000,3,14,sandra.igwe@apexbank.com,0807-414-7127,,active
APX0308,Quadri Idris,MALE,"March 29, 1988",Married,Abuja,IT,IT Executive,Mid-Level,contract,"September 29, 2016",06/04/2017,"August 18, 2019",419000,4,12,quadri.idris@apexbank.com,0801-937-5549,"February 12, 2021",Exited
APX0309,Grace Ojo,F,"March 11, 1980",single,Abeokuta,H.R,Banking Executive,Mid-Level,Contract,"January 11, 2015",05/08/2015,01/08/2019,459000,5,13,grace.ojo@apexbank.com,0804-948-6835,,active
APX0310,Felix Oladele,male,16/01/1996,divorced,Abeokuta,Corporate,Relationship Officer,Mid-Level,CONTRACT,24/07/2018,2019-01-21,2020-02-19,"576,000",3,8,felix.oladele@apexbank.com,0805-962-6319,,Active
APX0311,Grace Owolabi,FEMALE,1983-10-23,SINGLE,Uyo,Fin,Customer Rep,Junior,Full-Time,2014-01-05,"June 27, 2014","January 23, 2016",197000,5,7,grace.owolabi@apexbank.com,0804545,"October 26, 2016",Resigned
APX0312,Peter Eze,MALE,1973-09-01,Married,Port Harcourt,Risk & Compliance,Compliance Officer,Junior,permanent,2012-05-18,25/11/2012,2017-04-14,"?328,000",3,2,peter.eze@apexbank.ng,0807 7488153,,Resigned
APX0313,Quadri Aliyu,M,06/10/1971,DIVORCED,Abuja,RETAIL,Relationship Officer,Mid-Level,Contractor,2012-10-14,2013-04-13,"April 5, 2017",-310363,4,18,quadri.aliyu@apexbank.ng,08049824135,,Active
APX0314,  Rex Adeyemi,M,"December 13, 1989",D,Lagos,Risk/Compliance,Credit Analyst,Junior,Contract,"February 21, 2013","August 28, 2013","June 28, 2015",280000,2,14,rex.adeyemi@apexbank.ng,0808833,,ACTIVE
APX0315,Nkechi Lawal,Female,07/07/1971,married,Enugu,Compliance,IT Executive,Mid-Level,Full Time,30/08/2022,2023-02-24,2023-10-01,558000,4,22,nkechi.lawalapexbank.ng,0806-721-1709,,Active
APX0316,Biodun Aliyu,male,26/08/1991,DIVORCED,Benin City,Risk/Compliance,Senior Manager,Senior,Permanent,08/02/2018,2018-07-23,"March 2, 2022",643000,3,2,biodun.aliyu@apexbank.com,0806571,,ACTIVE
APX0317,Amaka Anyanwu,female,10/11/1989,Single,Kaduna,CS,Risk Manager,Manager,Permanent,13/03/2014,2014-09-25,"January 7, 2016",1366000,5,2,amaka.anyanwu@apexbank,0804 9093683,,ACTIVE
APX0318,Ngozi Anyanwu,FEMALE,1985-06-18,DIVORCED,Abeokuta,Retail,Branch Manager,Manager,CONTRACT,24/05/2010,2010-12-06,04/02/2012,N/A,3,4,ngozi.anyanwu@apexbank,08061971407,,active
APX0319,Helen Badmus,female,1981-11-02,D,Benin City,Operations,Regional Manager,Manager,Contract,"August 1, 2022",11/01/2023,2024-01-01,1063000,5,16,helen.badmus@apexbank,08029203467,,active
APX0320,Miriam Igwe,FEMALE,25/07/1970,S,Ibadan,Human Resource,Finance Manager,Manager,Full-Time,"May 17, 2013",2013-11-22,28/04/2014,1028000,4,3,miriam.igwe@apexbank.com,0803-923-3396,"November 29, 2017",exited
APX0321,Peter Mohammed,m,"June 23, 1975",D,Enugu,Corp Banking,Regional Manager,Manager,PERMANENT,21/03/2010,2010-08-20,02/07/2012,"?1,426,000",4,21,peter.mohammed@apexbank.com,0802 0435490,2023-02-03,Active
APX0322,Kabiru Lawal,MALE,09/11/1992,S,Maiduguri,Finance & Accounts,IT Executive,Mid-Level,Permanent,"December 1, 2014",2015-04-30,2019-03-29,426000,2,10,kabiru.lawal@apexbank,0809619,,Active
APX0323,Chukwum@ Okonkwo,m,30/10/1987,married,Enugu,Human Resource,Finance Manager,Manager,Full-Time,"November 23, 2015","June 7, 2016",14/06/2019,1266000,3,22,chukwuma.okonkwo@apexbank.ng,08054401049,,ACTIVE
APX0324,Nnamdi Aliyu,M,2010-01-04,Divorced,Uyo,FINANCE,IT Executive,Mid-Level,Permanent,"September 1, 2018",10/03/2019,2021-08-15,,4,18,nnamdi.aliyu@apexbank.com,0806-407-0516,,ACTIVE
APX0325,Seun Achebe,male,"July 28, 1995",single,Owerri,Fin,Banking Executive,Mid-Level,Contract,09/06/2020,"November 29, 2020",2023-11-29,382000,4,1,seun.achebe@apexbank.com,0804 0880047,,active
APX0326,Uche Akinwale,M,1981-09-19,married,Maiduguri,Customer Care,Risk Officer,Mid-Level,PERMANENT,"February 13, 2015",2015-07-31,2018-01-17,"?458,000",4,5,uche.akinwale@apexbank,08047209528,,Active
APX0327,Toyin Adeyemi,Female,1998-01-06,Single,Maiduguri,IT,Group Head,Director,Contractor,18/10/2018,"July 23, 2018","February 21, 2020",2904000,1,2,toyin.adeyemi@apexbank.ng,0804 3486091,"January 16, 2020",Resigned
APX0328,Zara Idris,FEMALE,1989-07-25,single,Abeokuta,Corporate Banking,Senior Credit Officer,Senior,Full Time,2022-03-21,"September 26, 2022",08/01/2024,924000,5,18,zara.idris@apexbank,0803792,,ACTIVE
APX0329,  Grace Musa,FEMALE,"July 8, 1972",MARRIED,Calabar,RETAIL,Teller,Junior,CONTRACT,"May 17, 2011","October 14, 2011",30/01/2014,-207079,4,5,grace.musa@apexbank.ng,08083014735,,ACTIVE
APX0330,Queen Balogun,F,22/02/1975,SINGLE,Uyo,Human Resource,Head of Credit,Manager,PERMANENT,"June 24, 2014",2014-12-25,18/09/2018,1486000,5,4,queen.balogun@,08080515343,"September 30, 2016",Exited
APX0331,  R@sheed Anyanwu,MALE,"April 21, 1972",Single,Kaduna,Finance & Accounts,Head of Retail,Director,permanent,04/02/2016,2016-01-03,2019-10-16,3367000,4,10,rasheed.anyanwu@apexbank.ng,0808351,,ACTIVE
APX0332,Ugochi Mohammed,Female,"December 2, 1979",Divorced,Maiduguri,HR,Risk Manager,Manager,Contractor,14/09/2019,2020-03-13,02/12/2020,N/A,3,20,ugochi.mohammed@apexbank.ng,0809-026-0250,,active
APX0333,Obiageli Fola,female,1987-08-12,Divorced,Uyo,Retail,Banking Officer,Junior,contract,"September 27, 2015","March 8, 2016",2018-01-18,"?223,000",3,8,obiageli.fola@apexbank.com,0801 9395505,,active
APX0334,Mohammed Bankole,MALE,20/04/1972,SINGLE,Maiduguri,HR,Regional Manager,Manager,Full Time,2019-02-13,2019-08-27,15/03/2020,"1,357,000",5,5,mohammed.bankole@apexbank,0807456,,active
APX0335,Quadri Adewole,m,05/01/1972,Divorced,Benin City,Customer Care,Senior Manager,Senior,PERMANENT,"May 29, 2018",09/12/2018,17/06/2020,716000,1,17,quadri.adewole@apexbank.com,0809580,08/08/2023,active
APX0336,Nasiru Bankole,male,"August 28, 1976",Divorced,Asaba,HR,Senior Credit Officer,Senior,Contract,2017-05-01,2017-01-22,2022-03-07,"830,000",2,22,nasiru.bankole@apexbank.ng,0802-151-8595,,ACTIVE
APX0337,Chidinma Oluwole,F,1991-02-07,Single,Sokoto,IT,Banking Officer,Junior,Contractor,2019-09-13,12/03/2020,08/02/2023,187000,2,4,chidinma.oluwole@apexbank.com,0806374,,ACTIVE
APX0338,Miriam Adeleke,female,1990-08-10,M,Maiduguri,Human Resource,Senior Analyst,Mid-Level,Full Time,"July 14, 2014",18/12/2014,2016-02-25,562000,4,8,miriam.adeleke@apexbank,0805125,,Active
APX0339,Queen Salami,female,"February 3, 1988",D,Uyo,FINANCE,Finance Manager,Manager,PERMANENT,15/06/2015,04/01/2016,"October 6, 2019",1276000,4,22,queen.salami@apexbank,0809 6452067,,ACTIVE
APX0340,Emeka Idris,MALE,18/04/1987,M,Maiduguri,Tech,HR Manager,Manager,contract,2020-08-09,12/01/2021,01/01/2024,1185000,2,11,emeka.idris@apexbank.ng,08044772265,,Active
APX0341,Kabiru Owolabi,M,31/12/1976,D,Port Harcourt,hr,IT Support,Junior,CONTRACT,2014-11-14,"September 2, 2014","July 14, 2016",291000,2,3,kabiru.owolabi@apexbank.ng,08084760229,,ACTIVE
APX0342,Kola Eze,MALE,"August 24, 1991",Single,Maiduguri,CUSTOMER SERVICE,Regional Manager,Manager,Permanent,06/10/2023,"March 12, 2024","January 1, 2024","1,149,000",3,17,kola.eze@apexbank.ng,0809564,,active
APX0343,Helen Balogun,F,1982-08-23,single,Owerri,ICT,Director of Operations,Director,Contractor,"May 18, 2023",29/10/2014,2024-01-01,"?2,487,000",4,0,helen.balogun@apexbank,0806 2266100,,active
APX0344,Chidi Bankole,Male,"July 23, 1989",D,Sokoto,,Chief Risk Officer,Director,Contractor,2011-10-13,06/04/2012,2015-07-08,2071000,1,10,chidi.bankoleapexbank.ng,08035321770,,ACTIVE
APX0345,Dayo Obi,M,1985-08-08,Married,Ilorin,R&C,HR Officer,Junior,contract,"September 10, 2019",2020-03-17,"June 7, 2023","200,000",1,20,dayo.obi@apexbank.ng,0809941,,ACTIVE
APX0346,Helen Balogun,female,"September 17, 1992",MARRIED,Maiduguri,Information Technology,Senior HR Officer,Senior,Contract,2019-04-21,2019-10-17,11/04/2024,"728,000",4,5,helen.balogun@apexbank,0809-288-5908,,ACTIVE
APX0347,Chidinma Nnaji,FEMALE,1992-10-07,single,Kano,IT,Customer Rep,Junior,Full-Time,22/06/2018,2018-11-29,"October 11, 2019","277,000",3,14,chidinma.nnaji@apexbank.ng,0807-313-3362,,Active
APX0348,Victoria Akinwale,f,03/09/1970,MARRIED,Calabar,Compliance,Director of Operations,Director,Contractor,2021-11-19,2022-05-17,"January 1, 2024",2487000,1,31,victoria.akinwale@apexbank,0802846,,Active
APX0349,Ngozi Adeleke,f,1998-10-24,Divorced,Maiduguri,Finance,Director of Operations,Director,PERMANENT,29/05/2014,2014-11-17,16/02/2016,2631000,2,2,ngozi.adelekeapexbank.ng,0806-231-1222,,ACTIVE
APX0350,Garba Bello,Male,02/01/1986,Single,Ibadan,I.T,Relationship Officer,Mid-Level,Permanent,2021-03-12,"September 3, 2021",29/09/2023,"?433,000",3,9,garba.bello@apexbank,0807 9558439,,active
APX0351,Ahmed Balogun,m,"January 19, 1970",Divorced,Sokoto,ICT,Banking Officer,Junior,permanent,"March 28, 2013",2013-10-24,2018-01-24,249000,2,8,ahmed.balogun@apexbank.com,08064767003,,ACTIVE
APX0352,Quadri Igwe,M,01/11/1976,DIVORCED,Port Harcourt,hr,Risk Manager,Manager,Contract,2015-12-25,"July 5, 2016","September 13, 2019",1450000,3,22,quadri.igwe@apexbank,08070495802,,Active
APX0353,Kemi Idris,F,"September 30, 1996",Married,Maiduguri,Customer Service,Senior Credit Officer,Senior,Contractor,2015-05-23,2015-12-13,2020-01-03,"708,000",5,15,kemi.idris@apexbank.ng,08084207013,,ACTIVE
APX0354,Dayo Bankole,m,21/05/1985,M,Ibadan,Ops,Chief Risk Officer,Director,permanent,"August 30, 2019","February 28, 2020",07/05/2024,"?1,671,000",3,20,dayo.bankole@apexbank,0803 0664475,,ACTIVE
APX0355,  Chidinma Nwosu,female,1978-04-08,married,Ilorin,Fin,Customer Rep,Junior,Contractor,2018-01-20,2018-07-16,09/07/2022,"?198,000",0,11,chidinma.nwosu@apexbank.com,08031829274,,Active
APX0356,Damilola Bello,FEMALE,31/05/1973,DIVORCED,Asaba,Finance & Accounts,Senior IT Officer,Senior,contract,2022-01-27,"July 9, 2022",2024-08-08,622000,3,9,damilola.bello@apexbank.com,0808-683-2080,,exited
APX0357,Jumoke Uche,F,"January 12, 1982",M,Port Harcourt,Accounts,Banking Officer,Junior,Full Time,2023-10-22,"May 17, 2024","January 1, 2024",221000,3,21,jumoke.uche@apexbank.ng,0801466,,Active
APX0358,Kemi Okafor,Female,"April 13, 1992",M,Port Harcourt,Risk,HR Executive,Mid-Level,CONTRACT,2013-07-20,"February 7, 2014",2017-05-12,571000,2,43,kemi.okafor@apexbank,0805 7881768,,Active
APX0359,Biodun Ogunyemi,m,"July 16, 1986",D,Benin City,CUSTOMER SERVICE,Senior IT Officer,Senior,CONTRACT,"May 3, 2023","October 4, 2023","January 1, 2024",917000,5,22,biodun.ogunyemiapexbank.ng,0808 1216553,22/05/2028,exited
APX0360,Ifeanyi Okoro,M,1975-01-20,divorced,Enugu,Customer Care,Customer Rep,Junior,PERMANENT,2011-05-26,18/11/2011,2016-04-29,191000,2,2,ifeanyi.okoro@apexbank.com,0802-746-4082,,Active
APX0361,  Chibuzor Okafor,M,"January 28, 1992",Divorced,Owerri,Retail,Banking Officer,Junior,Full Time,06/03/2012,25/09/2012,"May 15, 2014","?307,000",1,12,chibuzor.okafor@apexbank,0806-573-9399,"April 8, 2015",Resigned
APX0362,Jibril Achebe,male,1994-03-24,single,Port Harcourt,ICT,Teller,Junior,Full Time,"April 9, 2010","October 8, 2010",05/03/2014,"?234,000",2,18,jibril.achebe@apexbank.ng,0805 3168614,,ACTIVE
APX0363,Chinwe Isah,f,"March 21, 1987",DIVORCED,Benin City,Operations,Executive Director,Director,Contract,2019-09-14,2020-03-03,"July 19, 2022",3303000,1,21,chinwe.isah@apexbank.ng,0808661,,Active
APX0364,Wale Oladele,M,1986-06-11,single,Kaduna,Ops,Compliance Officer,Junior,Full Time,10/12/2015,"May 29, 2016","June 7, 2017",272000,3,4,wale.oladele@apexbank.ng,0808346,"January 31, 2019",Exited
APX0365,Uche Okonkwo,MALE,"December 8, 1974",SINGLE,Enugu,CORP,Banking Officer,Junior,Full-Time,"January 2, 2015",2015-06-09,"July 23, 2017",306000,2,8,uche.okonkwo@apexbank,0804 8483353,24/05/2019,Exited
APX0366,Helen Okoro,female,21/06/1998,single,Kaduna,Ops,Director of Operations,Director,PERMANENT,"January 7, 2018","July 3, 2018",2021-10-26,0,5,6,helen.okoro@apexbank.com,0802-753-2768,,active
APX0367,Kemi Okoro,female,1979-04-11,MARRIED,Owerri,Compliance,Senior Analyst,Mid-Level,contract,03/12/2018,"June 22, 2019","August 17, 2023",387000,1,13,kemi.okoro@apexbank,0803 4393128,,Active
APX0368,Samuel Balogun,male,"February 22, 1987",MARRIED,Uyo,I.T,Teller,Junior,CONTRACT,28/10/2011,"May 17, 2012",2016-10-08,245000,5,18,samuel.balogun@apexbank,0802-238-6628,,ACTIVE
APX0369,Chidinma Ekwu,female,07/03/1979,married,Port Harcourt,R&C,Relationship Officer,Mid-Level,contract,02/07/2019,2019-12-30,26/01/2023,"?411,000",2,21,chidinma.ekwu@apexbank.ng,0804-170-0105,,ACTIVE
APX0370,Dolapo Bello,f,1993-04-04,Married,Maiduguri,ICT,Relationship Officer,Mid-Level,Full Time,"December 22, 2020",29/05/2021,10/03/2022,482000,2,34,dolapo.bello@apexbank,0806384,,Active
APX0371,Ekaette Bassey,f,"March 1, 1977",D,Lagos,RETAIL,Chief Risk Officer,Director,Full Time,"June 27, 2019","December 2, 2019",2024-01-22,2655000,6,8,ekaette.bassey@apexbank.ng,0806 8348899,,active
APX0372,Jibril Olanrewaju,M,19/01/1977,married,Abuja,HR,Senior HR Officer,Senior,Full Time,01/01/2013,"June 21, 2013",2017-02-06,779000,4,22,jibril.olanrewaju@apexbank.com,0805-317-5465,,Active
APX0373,Amaka Ogunyemi,F,1988-05-17,MARRIED,Kaduna,Corporate,Senior IT Officer,Senior,Contractor,"October 8, 2021",04/04/2022,01/01/2024,768000,5,19,amaka.ogunyemi@apexbank.ng,08089560814,,active
APX0374,Femi Nnaji,Male,09/02/1984,DIVORCED,Benin City,CS,Senior Manager,Senior,Full Time,2023-12-04,"May 13, 2024",2024-01-01,750000,5,1,femi.nnaji@apexbank.ng,0804930,,active
APX0375,Nnamdi Oladele,M,"October 20, 1972",Single,Calabar,Ops,Head of Retail,Director,Contract,2023-08-04,15/02/2024,"January 1, 2024",N/A,2,16,nnamdi.oladele@apexbank.ng,08037221467,,ACTIVE
APX0376,Rex Nwosu,Male,1982-06-21,married,Calabar,ICT,IT Executive,Mid-Level,permanent,2014-10-08,18/04/2015,"May 8, 2018",581000,2,2,rex.nwosu@apexbank.com,08099521045,17/06/2018,Exited
APX0377,Babatunde Oladele,MALE,1994-04-05,married,Port Harcourt,Compliance,Team Lead,Senior,PERMANENT,2010-12-27,"July 5, 2011","October 14, 2015",785000,1,15,babatunde.oladele@apexbank.com,0805 4488372,,Active
APX0378,Peter Musa,M,1975-04-05,married,Uyo,Fin,HR Manager,Manager,Contractor,14/03/2013,"August 31, 2013",2016-03-10,"?1,194,000",1,18,peter.musa@apexbank,0801664,,Active
APX0379,Amaka Obi,FEMALE,"June 14, 1989",Single,Owerri,Retail Bank,Head of Retail,Director,PERMANENT,30/01/2015,2015-07-14,24/05/2018,2394000,4,19,amaka.obi@apexbank,0807013,26/04/2016,Terminated
APX0380,Fatima Nwosu,female,"February 2, 1972",M,Asaba,Retail,Regional Manager,Manager,contract,2012-11-21,"May 23, 2013",29/01/2016,"?1,241,000",1,4,fatima.nwosu@apexbank,0802328,01/05/2014,Resigned
APX0381,Tunde Bassey,male,"July 21, 1988",D,Abuja,Risk,Group Head,Director,permanent,"December 5, 2018","November 2, 2014",2022-04-04,1681000,1,18,tunde.bassey@apexbank.ng,0803-312-5629,,active
APX0382,Chioma Okonkwo,FEMALE,1970-04-27,Married,Uyo,Risk & Compliance,Relationship Officer,Mid-Level,Full-Time,"August 29, 2013","February 22, 2014",2015-08-17,N/A,2,10,chioma.okonkwo@apexbank,0801251,,Active
APX0383,Chinwe Akinwale,Female,17/08/1995,MARRIED,Ilorin,FINANCE,Credit Analyst,Junior,Full Time,03/10/2012,"March 4, 2013",21/05/2017,321000,1,5,chinwe.akinwale@apexbank.com,08016337485,2019-03-04,Exited
APX0384,Samuel Agu,MALE,"May 11, 1991",married,Uyo,Corporate,Senior Analyst,Mid-Level,Full Time,04/01/2023,"July 20, 2023","January 1, 2024","?583,000",3,3,samuel.agu@apexbank.com,0809348,,active
APX0385,  Seun Aliyu,male,21/01/1984,single,Uyo,Cust Service,Relationship Officer,Mid-Level,permanent,"October 4, 2018",07/04/2019,2020-01-23,539000,1,10,seun.aliyu@,0802331,,active
APX0386,Felix Aliyu,Male,07/03/1987,SINGLE,Enugu,Cust Service,Branch Manager,Manager,PERMANENT,13/05/2017,"November 20, 2017",2018-07-04,1442000,2,9,felix.aliyu@apexbank.com,0807 6712182,,active
APX0387,Kemi Achebe,f,30/08/1974,D,Calabar,R&C,Finance Manager,Manager,Permanent,"February 24, 2014",2014-08-08,"January 24, 2018",1498000,4,2,kemi.achebe@apexbank.ng,0803-018-3453,,ACTIVE
APX0388,Chibuzor Achebe,Male,1997-02-27,MARRIED,Port Harcourt,OPERATIONS,Team Lead,Senior,permanent,"September 10, 2022",2023-02-13,2024-01-01,"778,000",3,18,chibuzor.achebe@apexbank,0803568,28/11/2023,ACTIVE
APX0389,Segun Bello,M,"September 24, 1992",married,Benin City,OPERATIONS,IT Executive,Mid-Level,permanent,13/07/2013,"January 13, 2014",21/03/2016,N/A,2,15,segun.bello@apexbank,0804-229-5712,05/04/2015,Terminated
APX0390,Ugochi Aliyu,f,"November 4, 1990",D,Enugu,CUSTOMER SERVICE,Senior Risk Officer,Senior,Full Time,2014-10-08,15/04/2015,03/11/2018,948000,2,44,ugochi.aliyu@apexbank.ng,0804 3828189,,Active
APX0391,Patience Oladele,female,1984-07-16,S,Maiduguri,Corp Banking,CFO,Director,CONTRACT,"March 25, 2014","August 31, 2014",03/02/2017,N/A,1,22,patience.oladele@apexbank.com,0801476,,Active
APX0392,Lanre Okoro,male,30/04/1986,M,Lagos,HR,IT Executive,Mid-Level,permanent,2010-08-29,2011-02-10,"December 17, 2014",459000,4,20,lanre.okoro@apexbank.ng,0809 1852923,31/03/2016,Terminated
APX0393,Ahmed Owolabi,male,1995-03-16,divorced,Port Harcourt,IT,Relationship Officer,Mid-Level,Full Time,16/06/2014,08/01/2015,12/07/2016,"579,000",5,10,ahmed.owolabi@apexbank,0807-071-8957,,active
APX0394,Ibrahim Badmus,M,"September 25, 1998",Divorced,Calabar,Fin,Compliance Officer,Junior,PERMANENT,13/03/2021,17/09/2021,2023-06-19,"280,000",1,13,ibrahim.badmus@apexbank.com,0806579,,Active
APX0395,Kola Okonkwo,MALE,1986-05-08,Single,Asaba,CS,CFO,Director,permanent,2010-09-13,"March 20, 2011",04/10/2013,2022000,1,17,kola.okonkwo@apexbank,0808624,,ACTIVE
APX0396,Victoria Eze,F,"June 24, 1972",SINGLE,Ilorin,Retail,HR Executive,Mid-Level,Contractor,"September 23, 2010",2011-03-28,05/03/2014,391000,2,18,victoria.eze@apexbank.com,08040004930,,Active
APX0397,Chioma Isah,Female,22/05/1973,Divorced,Sokoto,CS,IT Executive,Mid-Level,Full Time,"August 20, 2012",2013-03-13,"February 1, 2015","?448,000",4,7,chioma.isah@apexbank,08049643297,,ACTIVE
APX0398,Eniola Salami,f,12/08/1982,S,Asaba,H.R,Senior HR Officer,Senior,CONTRACT,"June 29, 2016",2017-01-19,"January 5, 2020","941,000",3,8,eniola.salami@apexbank.ng,08020077664,,ACTIVE
APX0399,Miriam Balogun,female,"July 22, 1998",M,Sokoto,OPERATIONS,HR Officer,Junior,Full Time,"August 1, 2011","January 13, 2012",2016-02-09,206000,1,4,miriam.balogun@apexbank.com,0808-970-6078,,ACTIVE
APX0400,Sandra Ojo,f,"January 19, 1977",S,Benin City,Finance & Accounts,Risk Officer,Mid-Level,Contract,2020-08-13,"February 6, 2021",10/03/2020,"?457,000",2,21,sandra.ojo@apexbank.ng,08067594360,,active
APX0401,Kabiru Bassey,male,28/07/1977,S,Abuja,Customer Care,IT Executive,Mid-Level,Full Time,24/05/2022,"December 16, 2022",01/01/2024,530000,3,7,kabiru.bassey@apexbank.com,0807497,,ACTIVE
APX0402,Nnamdi Lawal,Male,24/02/1977,divorced,Uyo,Finance,Executive Director,Director,CONTRACT,"November 30, 2012",2013-05-16,2014-07-10,1926000,5,5,nnamdi.lawal@apexbank,0803-727-7752,,ACTIVE
APX0403,Queen Obi,female,"April 14, 1978",DIVORCED,Abuja,hr,Relationship Officer,Mid-Level,Permanent,29/06/2013,2013-12-18,26/12/2016,"583,000",3,6,queen.obiapexbank.com,08059232841,,ACTIVE
APX0404,Nasiru Adeleke,male,"January 23, 1986",single,Maiduguri,Customer Care,Finance Manager,Manager,permanent,"February 21, 2023",2023-07-24,"December 19, 2024",1126000,5,8,nasiru.adeleke@apexbank.com,0803-840-0358,,active
APX0405,  Lanre Fola,MALE,1970-06-06,M,Ibadan,RETAIL,Banking Officer,Junior,contract,18/07/2020,26/12/2020,"August 27, 2021",N/A,1,20,lanre.fola@apexbank.ng,0804100,,Exited
APX0406,Fatima Adeyemi,F,"July 18, 1976",MARRIED,Enugu,Finance & Accounts,HR Manager,Manager,Contract,2021-07-14,"January 3, 2022",2024-01-01,1486000,5,5,fatima.adeyemi@apexbank,08081526863,,Active
APX0407,Lanre Agu,M,"August 19, 1976",Single,Lagos,Risk/Compliance,Relationship Officer,Mid-Level,CONTRACT,"August 7, 2013",01/02/2014,2014-08-26,472000,4,14,lanre.agu@apexbank.ng,0803 3785899,,active
APX0408,Ngozi Oladele,f,26/03/1996,Married,Sokoto,Cust Service,Senior IT Officer,Senior,Full-Time,"June 16, 2013","December 4, 2013","September 2, 2014",627000,3,7,ngozi.oladele@apexbank,0808 0259359,,ACTIVE
APX0409,Toyin Mohammed,Female,"May 12, 1977",Married,Enugu,Risk/Compliance,Team Lead,Senior,Contract,2020-12-13,"July 4, 2021",16/05/2022,732000,2,19,toyin.mohammed@apexbank,0806 1861596,,Active
APX0410,Ahmed Ojo,M,10/12/1984,Married,Sokoto,Risk,Senior Analyst,Mid-Level,PERMANENT,2018-07-16,"January 1, 2019",2023-01-01,N/A,5,6,ahmed.ojo@apexbank.ng,0803-070-4047,,ACTIVE
APX0411,Ngozi Balogun,female,"July 17, 1993",Married,Kano,FINANCE,Customer Rep,Junior,Permanent,"June 3, 2017","December 26, 2017","August 3, 2018","217,000",4,10,ngozi.balogun@apexbank.com,0804453,,active
APX0412,Zara Dike,f,1996-04-03,M,Port Harcourt,Corporate,Head of Retail,Director,Full-Time,"September 7, 2015","February 4, 2016",25/08/2017,1761000,2,18,zara.dike@apexbank.ng,0808 5434620,12/12/2019,Terminated
APX0413,Nneka Oluwole,Female,26/09/1980,divorced,Maiduguri,I.T,Senior HR Officer,Senior,Full-Time,2022-05-19,2022-11-26,17/08/2024,805000,1,1,nneka.oluwole@apexbank,0806472,,Active
APX0414,Helen Isah,F,05/03/1985,Married,Uyo,Risk,Senior Risk Officer,Senior,PERMANENT,"July 28, 2022",03/02/2023,"January 1, 2024","?948,000",4,21,helen.isah@apexbank.com,08058760866,,Active
APX0415,Dayo Okonkwo,Male,"September 9, 1973",D,Ilorin,HR,Senior Credit Officer,Senior,Full Time,11/07/2022,04/01/2023,2024-01-01,750000,5,1,dayo.okonkwo@apexbank.com,0808906,,active
APX0416,Felix Oluwole,MALE,"July 26, 1991",Married,Sokoto,Customer Care,Risk Officer,Mid-Level,Full-Time,"February 23, 2010","September 17, 2010",11/02/2014,447000,1,14,felix.oluwole@apexbank,0806-040-6035,,ACTIVE
APX0417,  Kola Okonkwo,MALE,18/07/1983,S,Benin City,Customer Service,Risk Manager,Manager,Full-Time,26/08/2018,2019-02-05,2020-01-08,1150000,4,18,kola.okonkwo@apexbank,0802221,22/08/2022,exited
APX0418,Uche Obi,Male,1982-09-24,D,Kaduna,Corporate Banking,Risk Officer,Mid-Level,Permanent,"July 11, 2023",26/12/2023,"January 1, 2024","551,000",1,10,uche.obi@apexbank,0808587,,Active
APX0419,  Mohammed Adewole,MALE,"August 31, 1980",MARRIED,Ilorin,Human Resource,Banking Officer,Junior,Contract,01/07/2011,2012-01-04,2014-05-01,"?347,000",4,13,mohammed.adewole@apexbank,0806-107-5661,,ACTIVE
APX0420,Garba Ogunyemi,m,1990-10-28,Single,Abeokuta,H.R,Banking Officer,Junior,Full Time,22/09/2016,2017-03-09,30/09/2019,"254,000",1,30,garba.ogunyemi@apexbank.ng,0808-665-6066,"November 26, 2022",Exited
APX0421,Chioma Eze,Female,19/03/1985,Divorced,Maiduguri,CUSTOMER SERVICE,Teller,Junior,CONTRACT,08/05/2016,2016-12-03,17/10/2017,274000,1,44,chioma.eze@apexbank.ng,0804 0809040,,ACTIVE
APX0422,Ngozi Okafor,female,"August 3, 1991",SINGLE,Abuja,Human Resources,Director of Operations,Director,PERMANENT,29/06/2014,02/12/2014,"September 7, 2017",1740000,2,34,ngozi.okafor@apexbank,0809 0208763,2023-09-02,Active
APX0423,  Eniola Musa,f,"May 24, 1981",MARRIED,Asaba,CS,Team Lead,Senior,contract,"November 11, 2011",2012-05-22,"January 1, 2015",673000,5,14,eniola.musa@apexbank.ng,0809248,,Active
APX0424,Chioma Taiwo,F,"March 28, 1975",SINGLE,Abuja,Ops,Chief Risk Officer,Director,Contract,2018-03-17,"October 11, 2018",27/04/2019,2005000,5,13,chioma.taiwo@apexbank.ng,08079976449,,ACTIVE
APX0425,Rasheed Musa,M,"June 5, 1994",DIVORCED,Ibadan,CORP,Relationship Officer,Mid-Level,PERMANENT,"July 2, 2019",06/01/2020,"April 30, 2021","456,000",1,5,rasheed.musa@apexbank.ng,0809 0371198,2025-03-09,Terminated
APX0426,Felix Fola,MALE,1972-11-10,married,Ibadan,RETAIL,Team Lead,Senior,Permanent,2016-04-12,"October 10, 2016",06/04/2019,646000,4,9,felix.fola@apexbank,08039314414,,ACTIVE
APX0427,Yetunde Mohammed,F,"May 8, 1987",SINGLE,Abuja,ICT,Risk Manager,Manager,permanent,2023-05-14,24/11/2023,2024-01-01,-137686,5,6,yetunde.mohammed@apexbank,0802-189-8097,,ACTIVE
APX0428,Segun Olanrewaju,m,24/12/1992,SINGLE,Kaduna,Operation,HR Officer,Junior,Permanent,2015-07-05,"December 25, 2015","June 14, 2020",229000,4,11,segun.olanrewaju@apexbank.com,0803-926-8234,,Active
APX0429,Femi Nnaji,male,02/02/1991,married,Kaduna,Information Technology,Senior IT Officer,Senior,Permanent,2014-03-03,16/08/2014,2013-11-22,759000,2,22,femi.nnaji@apexbank.com,0806 3776993,,Active
APX0430,Emeka Nnaji,M,"January 30, 1971",married,Asaba,Finance & Accounts,HR Officer,Junior,CONTRACT,2023-10-20,18/03/2024,01/01/2024,"218,000",4,18,emeka.nnaji@apexbank.com,0804441,,ACTIVE
APX0431,Uche Agu,M,"January 20, 1980",Divorced,Owerri,Risk,Finance Manager,Manager,PERMANENT,"February 23, 2022",31/07/2022,29/09/2024,"?1,102,000",1,21,uche.agu@apexbank,0803-655-4856,,active
APX0432,Dolapo Dike,Female,1973-03-16,SINGLE,Calabar,Retail Banking,Relationship Officer,Mid-Level,CONTRACT,2010-12-14,"May 19, 2011","June 3, 2012",N/A,1,14,dolapo.dike@apexbank.com,0803817,,Active
APX0433,Eniola Nwosu,FEMALE,02/07/1982,S,Port Harcourt,Operation,Customer Rep,Junior,Permanent,2014-12-19,23/05/2015,"October 10, 2018","?261,000",1,12,eniola.nwosu@apexbank.ng,0808825,,ACTIVE
APX0434,Ebuka Balogun,m,1995-06-23,M,Asaba,Customer Service,CFO,Director,contract,12/08/2015,2016-03-01,"December 10, 2019","3,363,000",3,22,ebuka.balogun@apexbank.com,0807 2283885,,Active
APX0435,Quadri Bello,MALE,31/03/1981,D,Kaduna,Corporate,IT Manager,Manager,contract,"December 6, 2018","June 14, 2019",2021-12-17,N/A,5,1,quadri.bello@apexbank.com,08017859310,,Active
APX0436,Helen Bello,f,25/03/1974,DIVORCED,Ibadan,,Customer Rep,Junior,Permanent,2017-05-10,15/10/2017,"August 16, 2021",260000,5,13,helen.bello@apexbank,08040998024,,Active
APX0437,Nasiru Agu,male,24/08/1988,D,Calabar,CS,Regional Manager,Manager,Contractor,26/05/2022,"November 21, 2022",2024-01-01,1093000,1,8,nasiru.agu@apexbank.ng,08073248066,,active
APX0438,Jibril Olanrewaju,MALE,1986-08-30,DIVORCED,Port Harcourt,Accounts,Senior Risk Officer,Senior,Full Time,"March 7, 2016","August 13, 2016",2021-01-16,665000,4,14,jibril.olanrewaju@apexbank,0805-050-9998,,ACTIVE
APX0439,Quadri Agu,male,1998-10-01,S,Uyo,Customer Care,IT Executive,Mid-Level,Contractor,31/01/2014,"July 28, 2014","April 29, 2017","?478,000",5,15,quadri.agu@apexbank.com,0809982,,active
APX0440,Nkechi Oluwole,Female,"February 13, 1989",single,Calabar,RETAIL,Teller,Junior,Full-Time,2018-10-20,2019-03-29,24/07/2018,"229,000",2,21,nkechi.oluwole@apexbank,0804 2417641,,Active
APX0441,Queen Ekwu,Female,03/12/1979,SINGLE,Kano,CS,Chief Risk Officer,Director,contract,2010-01-21,"June 22, 2010",02/05/2011,N/A,5,14,queen.ekwu@apexbank.com,08074307104,,ACTIVE
APX0442,Nkechi Fola,female,1983-09-27,D,Owerri,Corp Banking,IT Executive,Mid-Level,CONTRACT,2014-11-17,2015-05-15,2016-07-16,"?572,000",2,15,nkechi.folaapexbank.com,0807681,2018-07-08,Terminated
APX0443,Ada Badmus,FEMALE,1993-10-25,Divorced,Enugu,IT,Team Lead,Senior,CONTRACT,"April 16, 2013",15/10/2013,13/10/2017,794000,3,22,ada.badmus@apexbank.ng,0803-134-1002,,active
APX0444,Patience Ekwu,Female,24/08/1983,MARRIED,Calabar,FINANCE,Risk Manager,Manager,Contractor,17/01/2019,"August 1, 2019",2023-11-04,1369000,5,19,patience.ekwuapexbank,0802 4964563,"December 13, 2022",exited
APX0445,Eniola Isah,f,1982-11-25,single,Kaduna,CUSTOMER SERVICE,Senior Manager,Senior,Full Time,2010-07-23,"January 14, 2011",12/02/2014,854000,4,15,eniola.isah@apexbank.com,0804-590-6474,,active
APX0446,Vivian Isah,Female,1985-12-16,divorced,Maiduguri,Information Technology,Senior Credit Officer,Senior,Contract,"December 3, 2011",04/05/2012,"January 22, 2015",700000,5,10,vivian.isah@apexbank.com,0806942,,ACTIVE
APX0447,Fatima Obi,F,"November 8, 1976",DIVORCED,Benin City,Compliance,Executive Director,Director,Permanent,2022-04-24,01/10/2022,"January 1, 2024",2582000,2,14,fatima.obi@apexbank.ng,0807972,,ACTIVE
APX0448,Kemi Dike,F,1982-05-23,S,Enugu,Risk/Compliance,Teller,Junior,Contract,"December 16, 2012","May 30, 2013",2017-08-14,194000,4,16,kemi.dike@apexbank.ng,0808 9051024,,active
APX0449,  Kola Eze,m,1987-01-18,Divorced,Uyo,Finance,Chief Risk Officer,Director,CONTRACT,22/01/2015,"July 6, 2015",2017-04-01,3081000,3,9,kola.eze@apexbank.ng,0801136,,active
APX0450,Dolapo Achebe,female,1983-11-21,DIVORCED,Benin City,Fin,Credit Analyst,Junior,CONTRACT,03/05/2010,"November 25, 2010",05/10/2012,320000,3,1,dolapo.achebe@apexbank,0809572,,Active
APX0451,Kunle Nwosu,m,28/06/1980,DIVORCED,Asaba,CUSTOMER SERVICE,Senior Analyst,Mid-Level,Full-Time,14/04/2014,"October 4, 2014","May 16, 2017",592000,2,7,kunle.nwosu@@apexbank,0805 0047313,,Active
APX0452,Ngozi Adeyemi,female,1975-10-01,married,Maiduguri,Fin,HR Executive,Mid-Level,Contractor,19/06/2021,"December 18, 2021",15/06/2024,"547,000",5,4,ngozi.adeyemi@apexbank.com,0802-973-5384,,Active
APX0453,Garba Isah,Male,25/01/1971,D,Lagos,,Senior Manager,Senior,contract,2020-07-02,2020-12-29,06/05/2022,700000,2,16,garba.isah@apexbank,0806 8115642,26/07/2023,Resigned
APX0454,Rasheed Owolabi,m,"February 19, 1975",M,Owerri,CORP,IT Support,Junior,Full-Time,"May 12, 2010","November 10, 2010","August 26, 2011",N/A,2,21,rasheed.owolabi@apexbank,08055105716,,ACTIVE
APX0455,Nneka Igwe,female,"November 24, 1976",S,Uyo,Retail Bank,IT Support,Junior,contract,"September 17, 2023",30/03/2024,"January 1, 2024",229000,5,14,nneka.igwe@apexbank.com,0804591,,Active
APX0456,  Ifeoma Isah,F,"April 23, 1982",MARRIED,Calabar,Retail,Finance Manager,Manager,Contractor,02/11/2023,28/05/2024,2024-01-01,"?1,175,000",1,6,ifeoma.isah@apexbank.ng,08017807117,,ACTIVE
APX0457,  Jumoke Okafor,female,"February 18, 1994",SINGLE,Ibadan,Compliance,Branch Manager,Manager,Full Time,"February 14, 2012","September 16, 2014",2016-04-28,1332000,4,7,jumoke.okafor@apexbank,08080015655,,ACTIVE
APX0458,Bello Adeyemi,Male,"May 5, 1991",S,Kano,Risk & Compliance,Senior Analyst,Mid-Level,Contractor,2013-09-18,27/02/2014,01/12/2017,443000,5,10,bello.adeyemi@apexbank.ng,0807 1555037,,active
APX0459,Vivian Okafor,f,1998-02-18,SINGLE,Kano,Compliance,Director of Operations,Director,Full Time,"January 5, 2017",17/06/2017,"February 9, 2018",232062,1,4,vivian.okafor@apexbank.com,08054944992,"December 25, 2020",Exited
APX0460,Nneka Owolabi,Female,06/05/1986,DIVORCED,Kaduna,CUSTOMER SERVICE,IT Manager,Manager,Contract,"April 9, 2016",28/09/2016,26/11/2018,"1,249,000",5,5,nneka.owolabi@apexbank.com,08020007190,28/04/2021,exited
APX0461,Ada Okonkwo,f,08/01/1998,married,Calabar,Operation,IT Support,Junior,Contract,14/04/2013,2013-10-23,2015-07-20,185000,5,18,ada.okonkwo@apexbank.ng,0806933,,Resigned
APX0462,Queen Ekwu,female,1988-08-15,S,Ilorin,IT,Finance Manager,Manager,Contractor,28/03/2020,"September 16, 2020","August 21, 2022",1026000,1,17,queen.ekwu@apexbank,08010081069,,ACTIVE
APX0463,Felix Achebe,Male,1997-07-06,SINGLE,Lagos,RETAIL,Regional Manager,Manager,permanent,26/03/2019,2019-10-07,2020-10-20,1161000,5,7,felix.achebe@apexbank.ng,0805940,,Active
APX0464,Ibrahim Eze,MALE,"October 31, 1971",divorced,Abuja,Retail,Executive Director,Director,contract,03/06/2023,"November 27, 2023",2024-01-01,3317000,2,16,ibrahim.eze@apexbank.ng,0808923,,Active
APX0465,  Amaka Aliyu,female,1984-12-15,married,Asaba,Corporate,Senior IT Officer,Senior,Full Time,"February 12, 2010","August 6, 2010",19/12/2013,831000,3,22,amaka.aliyu@apexbank,08043538587,,Active
APX0466,Lara Uche,FEMALE,1979-03-15,D,Owerri,CUSTOMER SERVICE,Senior IT Officer,Senior,Full Time,2016-03-25,2016-10-20,2019-12-26,685000,1,11,lara.uche@apexbank,0809471,,active
APX0467,Adaeze Dike,FEMALE,1992-12-05,SINGLE,Owerri,Ops,Senior Credit Officer,Senior,permanent,14/04/2022,"September 27, 2022",10/10/2024,719000,4,6,adaeze.dike@apexbank.com,0806198,,ACTIVE
APX0468,Chioma Uche,female,1974-11-26,S,Owerri,OPERATIONS,HR Manager,Manager,contract,"January 2, 2012","June 16, 2012","February 4, 2016",1218000,3,15,chioma.uche@apexbank,08033951680,,Active
APX0469,Patience Lawal,female,1996-02-29,Single,Calabar,Retail Banking,Banking Executive,Mid-Level,Full-Time,"September 13, 2023",30/03/2024,2024-01-01,442000,2,20,patience.lawal@apexbank.ng,0807519,,active
APX0470,Biodun Okonkwo,male,"August 8, 1971",married,Enugu,Risk/Compliance,HR Manager,Manager,Full Time,"May 22, 2010",23/11/2010,2014-03-05,N/A,3,14,biodun.okonkwo@apexbank.ng,08012789327,,active
APX0471,Haruna Olanrewaju,m,21/07/1970,single,Sokoto,Corporate,Compliance Officer,Junior,Full Time,29/12/2010,16/07/2011,13/12/2012,"342,000",4,17,haruna.olanrewaju@apexbank.ng,0801-764-7527,,active
APX0472,Lara Olanrewaju,F,20/10/1985,divorced,Owerri,Information Technology,Senior Credit Officer,Senior,Contractor,"June 3, 2016",2016-12-08,"February 5, 2020","?763,000",4,13,lara.olanrewaju@,08037520778,,ACTIVE
APX0473,Ngozi Bankole,FEMALE,"September 1, 1989",SINGLE,Enugu,Finance,Branch Manager,Manager,Full Time,2012-12-18,26/05/2013,2016-06-26,1482000,3,4,ngozi.bankole@apexbank,0803 9248352,,active
APX0474,Jumoke Okoro,FEMALE,21/05/1980,Married,Maiduguri,Corp Banking,Risk Manager,Manager,Contractor,24/02/2022,2022-08-27,01/01/2024,1375000,7,7,jumoke.okoro@apexbank.ng,0805-096-6547,2027-08-11,Exited
APX0475,Chibuzor Adeyemi,male,1976-11-29,SINGLE,Abeokuta,Retail,Head of Credit,Manager,CONTRACT,29/10/2022,2023-04-12,2024-01-01,"?1,184,000",2,0,chibuzor.adeyemi@apexbank.com,08025504906,,Exited
APX0476,Ekaette Badmus,F,1984-02-02,DIVORCED,Asaba,CUSTOMER SERVICE,Director of Operations,Director,permanent,2015-01-05,"June 18, 2015",2017-08-22,3021000,3,11,ekaette.badmus@apexbank.com,0804 4312168,,Exited
APX0477,Garba Bello,Male,1996-07-09,single,Asaba,Compliance,HR Manager,Manager,Contractor,2023-11-25,2024-06-11,"January 1, 2024","1,246,000",4,5,garba.bello@apexbank.ng,0803 5628800,,Active
APX0478,Bello Lawal,MALE,1990-11-01,married,Ilorin,Customer Care,Customer Rep,Junior,Full-Time,26/11/2011,2012-06-23,2015-07-13,N/A,1,12,bello.lawal@apexbank.com,0805-709-7010,,active
APX0479,Kemi Olanrewaju,female,2010-11-04,D,Port Harcourt,HR,Senior HR Officer,Senior,Full-Time,"January 13, 2023",12/06/2023,"January 24, 2024","902,000",7,12,kemi.olanrewaju@apexbank,0809-863-9415,"March 27, 2027",Exited
APX0480,  Nn@mdi Idris,M,1986-02-14,MARRIED,Lagos,Accounts,IT Manager,Manager,Full Time,"December 14, 2010","June 7, 2011","February 8, 2012",-339988,5,20,nnamdi.idris@apexbank.com,0803 0583923,,Active
APX0481,Chinwe Owolabi,female,18/05/1970,S,Abuja,CUSTOMER SERVICE,Senior Manager,Senior,CONTRACT,2019-01-30,"August 27, 2019",2020-10-15,"?820,000",5,12,chinwe.owolabi@apexbank,0801-764-5049,,Active
APX0482,Chibuzor S@lami,Male,1972-10-08,single,Maiduguri,Operation,Group Head,Director,permanent,"November 27, 2016","May 2, 2017",21/12/2020,2836000,5,1,chibuzor.salami@apexbank.ng,0801 1884796,,Active
APX0483,Blessing Anyanwu,f,28/04/1970,DIVORCED,Maiduguri,Corporate Banking,IT Manager,Manager,CONTRACT,29/12/2019,11/06/2020,31/12/2021,"984,000",4,0,blessing.anyanwu@apexbank.com,0809813,,active
APX0484,  Moh@mmed Bassey,Male,"November 9, 1972",MARRIED,Ilorin,Corporate Banking,Senior IT Officer,Senior,Full Time,30/05/2022,13/12/2022,10/03/2024,N/A,5,2,mohammed.bassey@apexbank,08036399990,,ACTIVE
APX0485,Garba Igwe,MALE,16/09/1973,D,Calabar,Risk/Compliance,Banking Executive,Mid-Level,permanent,23/11/2018,03/06/2019,13/01/2022,"?528,000",4,21,garba.igwe@apexbank.com,0804 7220960,,Resigned
APX0486,Queen Isah,f,"November 10, 1996",S,Kaduna,Ops,Finance Manager,Manager,Full-Time,2012-11-07,2013-05-18,10/10/2017,1278000,1,8,queen.isah@apexbank.ng,0803 9368307,,active
APX0487,Peter Badmus,m,1991-01-08,Single,Maiduguri,Retail,Chief Risk Officer,Director,Contractor,31/12/2016,"June 19, 2017","November 20, 2021","?1,911,000",3,21,peter.badmus@apexbank.com,08090586248,,active
APX0488,Ugochi Agu,Female,1977-02-19,SINGLE,Ibadan,Fin,IT Executive,Mid-Level,CONTRACT,2014-09-19,2015-03-02,2018-06-14,371000,3,8,ugochi.agu@apexbank.ng,0808-859-5248,,Active
APX0489,Ahmed Bello,MALE,1979-04-28,MARRIED,Lagos,Corp Banking,IT Manager,Manager,CONTRACT,29/01/2016,"August 19, 2016","June 6, 2020","?1,120,000",1,20,ahmed.bello@apexbank.ng,08074157275,,ACTIVE
APX0490,Damilola Ekwu,female,1997-05-25,D,Sokoto,CUSTOMER SERVICE,Credit Analyst,Junior,CONTRACT,2017-04-20,2017-11-13,"October 8, 2021",N/A,1,5,damilola.ekwu@apexbank.ng,0807-690-7002,,active
APX0491,Garba Okoro,Male,2010-06-21,Married,Maiduguri,Information Technology,Chief Risk Officer,Director,Full-Time,29/12/2015,"May 28, 2016",09/06/2019,"3,037,000",5,5,garba.okoro@apexbank.ng,0807-089-6223,,Active
APX0492,Nnamdi Aliyu,male,1984-07-07,Married,Enugu,H.R,IT Support,Junior,Contractor,2012-02-23,"July 28, 2012","August 6, 2015",,2,4,nnamdi.aliyu@apexbank,0804491,,active
APX0493,Adaeze Eze,female,"April 24, 1990",MARRIED,Maiduguri,Risk/Compliance,Senior Risk Officer,Senior,PERMANENT,2021-03-15,"August 19, 2021",16/09/2024,723000,1,20,adaeze.eze@apexbank.com,0804772,,active
APX0494,Nnamdi Musa,Male,1981-08-17,MARRIED,Port Harcourt,FINANCE,Senior Manager,Senior,permanent,2021-07-19,2021-12-18,2024-01-01,"?742,000",5,15,nnamdi.musa@apexbank.ng,0804702,,ACTIVE
APX0495,Kabiru Yusuf,MALE,17/02/1974,Married,Abuja,Operations,Regional Manager,Manager,Contract,2018-03-21,2017-12-06,2021-12-27,N/A,1,13,kabiru.yusufapexbank.ng,08018842123,,Active
APX0496,Jumoke Ogunyemi,female,"January 3, 1971",DIVORCED,Abuja,Retail Bank,IT Manager,Manager,Full-Time,03/05/2010,"November 2, 2010","September 11, 2012",0,4,20,jumoke.ogunyemi@apexbank,08091524427,,Active
APX0497,Fatima Anyanwu,f,1976-11-28,single,Abuja,Corporate,Senior IT Officer,Senior,Full Time,"January 29, 2016",25/08/2016,28/06/2017,"?651,000",2,8,fatima.anyanwu@apexbank.com,0809-623-0201,,active
APX0498,Lara Suleiman,f,1976-04-10,married,Ibadan,Cust Service,Senior Manager,Senior,Contract,2016-05-07,"November 29, 2016",2020-06-02,687000,4,14,lara.suleiman@apexbank.ng,0804947,,active
APX0499,  Babatunde Okafor,male,"May 26, 1993",Married,Owerri,Accounts,Head of Credit,Manager,Contract,18/03/2010,2010-09-28,2011-11-11,"?1,301,000",4,16,babatunde.okafor@apexbank,0801 7094782,,active
APX0500,Damilola Agu,f,"September 11, 1986",S,Owerri,OPERATIONS,HR Executive,Mid-Level,Full Time,28/09/2021,2021-05-12,2024-01-01,"?538,000",3,6,damilola.aguapexbank.ng,0809 7365934,,active
APX0501,Tunde Fola,male,"February 4, 1970",Married,Abeokuta,Corporate,Banking Officer,Junior,Full Time,29/05/2021,"November 27, 2021","January 1, 2024","319,000",1,4,tunde.fola@apexbank.com,08068415109,,Active
APX0502,Garba Ibrahim,male,2010-07-24,Divorced,Lagos,Customer Care,Senior Manager,Senior,CONTRACT,18/01/2023,"August 13, 2023","July 12, 2024",707000,5,9,garba.ibrahim@apexbank.ng,08090320488,,active
APX0503,Chukwuma Balogun,m,"April 6, 1994",married,Ibadan,ICT,HR Executive,Mid-Level,PERMANENT,18/01/2019,"August 4, 2019",2022-02-18,"?576,000",3,9,chukwuma.balogun@apexbank.com,08078333369,,active
APX0504,Bello Nwosu,M,1971-12-10,MARRIED,Enugu,Retail Bank,Banking Officer,Junior,Full-Time,02/09/2012,2013-02-15,2016-02-14,"?203,000",4,5,bello.nwosu@apexbank,0808169,,ACTIVE
APX0505,Chidi Okoro,M,"December 31, 1998",single,Abeokuta,Accounts,Regional Manager,Manager,Full Time,24/11/2019,"May 13, 2020",23/06/2021,1005000,4,10,chidi.okoro@apexbank.com,08038968957,,active
APX0506,Amaka Badmus,f,17/10/1976,DIVORCED,Ibadan,Corporate Banking,Executive Director,Director,Full Time,14/11/2020,2021-05-22,2023-11-14,2023000,3,11,amaka.badmus@apexbank.ng,0803 1513483,,active
APX0507,Tunde Ogunyemi,M,1982-04-08,S,Kano,Risk & Compliance,Customer Rep,Junior,Full-Time,22/11/2021,24/05/2022,2024-01-01,192000,4,19,tunde.ogunyemi@apexbank.ng,08023119847,,Active
APX0508,Lanre Bassey,MALE,30/11/1970,divorced,Ilorin,CUSTOMER SERVICE,Teller,Junior,Contractor,26/09/2014,15/04/2015,2017-12-05,280000,2,12,lanre.bassey@apexbank.com,0801100,,Active
APX0509,Rex Fola,M,"February 25, 1991",SINGLE,Port Harcourt,HR,Chief Risk Officer,Director,Permanent,06/11/2019,"May 12, 2020",2023-03-18,3408000,1,13,rex.fola@apexbank,0809 9514667,,ACTIVE
APX0510,Kola Adewole,m,1984-08-23,divorced,Ilorin,Finance & Accounts,Credit Analyst,Junior,permanent,"January 2, 2016","October 30, 2014","September 19, 2019",199000,2,18,kola.adewole@apexbank,0806 1898277,2023-08-24,active
APX0511,Lanre Eze,M,"February 10, 1971",Divorced,Kano,Accounts,Senior Manager,Senior,PERMANENT,2013-07-20,"January 15, 2014",2016-10-24,"695,000",3,5,lanre.eze@apexbank.ng,0806-577-0117,,active
APX0512,Damilola Ekwu,F,1996-02-21,SINGLE,Kaduna,IT,HR Executive,Mid-Level,Contractor,15/06/2012,"December 25, 2012","November 5, 2014",390000,2,20,damilola.ekwu@apexbank.ng,0803 2180292,,Active
APX0513,Garba Lawal,m,1995-10-26,SINGLE,Asaba,Fin,Customer Rep,Junior,Full Time,"October 30, 2020",04/04/2021,"November 22, 2024",N/A,2,11,garba.lawal@apexbank.com,0802587,,ACTIVE
APX0514,Segun Lawal,male,06/06/1975,S,Lagos,Operations,HR Executive,Mid-Level,Full Time,06/06/2015,04/11/2015,12/07/2016,466000,4,21,segun.lawal@apexbank.com,0808 5942948,25/08/2018,exited
APX0515,Yetunde Agu,FEMALE,04/10/1980,D,Owerri,,CFO,Director,PERMANENT,"February 6, 2023",30/08/2023,"October 13, 2024",1735000,1,4,yetunde.agu@apexbank.com,0808 5339057,,active
APX0516,Patience Aliyu,F,"May 7, 1988",divorced,Ibadan,ICT,Compliance Officer,Junior,CONTRACT,"December 1, 2020",2021-05-29,"January 1, 2024",208000,4,6,patience.aliyuapexbank.com,0803250,,ACTIVE
APX0517,Quadri Oladele,Male,13/07/1982,Divorced,Ilorin,Cust Service,Teller,Junior,Full Time,2018-06-05,13/12/2018,2020-07-30,2087610,1,15,quadri.oladele@apexbank.ng,0804286,,Active
APX0518,Obiageli Anyanwu,female,25/11/1981,S,Abeokuta,CS,Executive Director,Director,contract,2012-06-17,"December 10, 2012","March 23, 2016",1935000,1,9,obiageli.anyanwu@apexbank.ng,08022695875,,active
APX0519,Ebuka Uche,M,24/03/1988,M,Uyo,hr,Team Lead,Senior,contract,"February 11, 2014","July 29, 2014",2018-03-05,754000,3,5,ebuka.uche@apexbank,0803338,,ACTIVE
APX0520,Garba Olanrewaju,Male,"March 21, 1972",divorced,Lagos,Retail Bank,Branch Manager,Manager,Contractor,26/12/2022,01/06/2023,01/01/2024,1197000,4,16,garba.olanrewaju@apexbank.com,0805-256-2457,,Active
APX0521,Nkechi Achebe,f,1973-10-09,married,Lagos,Operations,Senior Credit Officer,Senior,Permanent,"November 7, 2019","April 17, 2020",2024-07-04,767000,2,9,nkechi.achebe@apexbank,0802014,,ACTIVE
APX0522,Eniola Obi,Female,1992-07-01,MARRIED,Sokoto,Operation,Head of Retail,Director,Contractor,2013-12-09,26/06/2014,25/12/2015,2278000,4,3,eniola.obi@@apexbank.ng,08079859580,,Active
APX0523,Amaka Obi,Female,12/02/1992,Divorced,Enugu,Risk/Compliance,Branch Manager,Manager,Permanent,2016-01-07,"July 23, 2016","November 12, 2019",1243000,7,17,amaka.obi@apexbank.com,0804833,,active
APX0524,Babatunde Bassey,Male,1991-09-21,Divorced,Lagos,Human Resources,Senior HR Officer,Senior,contract,03/01/2013,2012-11-13,16/04/2016,"909,000",5,11,babatunde.bassey@apexbank,0806213,,active
APX0525,Chidinma Eze,Female,27/02/1994,single,Benin City,Operations,IT Support,Junior,Permanent,2015-01-12,"August 6, 2015",2018-06-08,"?272,000",2,6,chidinma.eze@apexbank.com,0804-018-2697,"March 13, 2018",exited
APX0526,Mohammed Ogunyemi,M,18/09/1993,single,Abuja,H.R,HR Officer,Junior,Permanent,05/10/2011,"March 31, 2012",25/11/2015,185000,0,20,mohammed.ogunyemi@apexbank.ng,0809-073-1782,,ACTIVE
APX0527,Obiageli Taiwo,F,"June 5, 1972",Single,Abuja,Human Resource,Team Lead,Senior,permanent,"October 4, 2015",2014-09-29,"March 22, 2020","735,000",1,11,obiageli.taiwo@apexbank,0807284,,Active
APX0528,Kola Eze,M,1981-02-01,D,Benin City,ICT,Senior Manager,Senior,CONTRACT,"August 17, 2017",06/02/2018,2019-04-03,679000,3,14,kola.eze@apexbank.ng,08048387870,,Terminated
APX0529,Tunde Mohammed,m,1998-04-26,married,Ilorin,Retail,Senior IT Officer,Senior,permanent,"November 11, 2013",2014-04-16,2014-04-02,625000,3,27,tunde.mohammed@apexbank,0801 7811721,"October 13, 2023",active
APX0530,Ekaette Idris,Female,1981-12-23,Married,Sokoto,Corp Banking,Senior Analyst,Mid-Level,CONTRACT,"November 22, 2011","June 19, 2012","October 5, 2016",492000,1,0,ekaette.idris@apexbank.ng,0802 3587998,,active
APX0531,Ada Akinwale,f,"February 28, 1975",married,Asaba,Retail Bank,Risk Manager,Manager,Full-Time,26/08/2018,"February 17, 2019","February 13, 2020",1013000,1,19,ada.akinwale@apexbank,0802-141-6491,"June 25, 2021",Resigned
APX0532,Blessing Mohammed,Female,1994-11-30,Single,Asaba,hr,HR Manager,Manager,PERMANENT,2023-05-10,09/11/2023,2024-01-01,1240000,4,7,blessing.mohammed@apexbank.ng,0803889,,active
APX0533,Obinna Bassey,Male,1990-04-23,D,Uyo,hr,Team Lead,Senior,Full Time,2011-11-28,09/06/2012,2013-05-08,626000,4,14,obinna.bassey@apexbank.ng,0808225,,Active
APX0534,Peter Igwe,male,"October 29, 1972",DIVORCED,Uyo,Retail Bank,Finance Manager,Manager,CONTRACT,2021-06-08,2021-12-25,17/09/2023,1498000,7,7,peter.igwe@apexbank.com,08064413101,,ACTIVE
APX0535,Adaeze Uche,f,"January 18, 1994",divorced,Lagos,RETAIL,Team Lead,Senior,contract,30/03/2019,"October 26, 2019",2021-06-26,915000,5,12,adaeze.uche@apexbank.ng,0801417,,Active
APX0536,Kunle Bassey,Male,1989-04-11,D,Ibadan,I.T,Senior Credit Officer,Senior,CONTRACT,2021-12-09,28/05/2022,01/01/2024,"894,000",1,7,kunle.bassey@apexbank.com,0805 0778415,,ACTIVE
APX0537,Ngozi Ojo,F,1972-12-06,S,Ilorin,Customer Care,Senior Analyst,Mid-Level,permanent,18/07/2017,"January 20, 2018","May 24, 2022","?425,000",5,34,ngozi.ojo@apexbank,0806 8655940,,Active
APX0538,Zara Akinwale,f,1989-01-22,Single,Asaba,CS,Senior IT Officer,Senior,PERMANENT,"July 29, 2014",2015-01-03,19/01/2019,772000,4,11,zara.akinwale@apexbank.com,08088017021,,active
APX0539,Obiageli Lawal,Female,"September 23, 1970",divorced,Benin City,hr,Risk Officer,Mid-Level,Full Time,2010-01-01,26/07/2010,2012-09-21,472000,4,2,obiageli.lawal@apexbank,08074881191,06/02/2011,Resigned
APX0540,Ekaette Yusuf,F,1981-11-06,DIVORCED,Benin City,Retail Bank,HR Executive,Mid-Level,Contract,"September 12, 2010",2011-03-05,2013-07-30,527000,3,21,ekaette.yusuf@apexbank,0808 5140702,,Active
APX0541,Ahmed Salami,m,"May 2, 1972",divorced,Uyo,Cust Service,Executive Director,Director,Contract,01/10/2016,"April 21, 2017",16/04/2020,2734000,4,18,ahmed.salami@apexbank,0809223,,Active
APX0542,Chukwuma Okonkwo,MALE,1979-09-08,Divorced,Maiduguri,Risk/Compliance,Branch Manager,Manager,Contractor,"July 15, 2018","January 4, 2019",24/04/2014,1255000,1,18,chukwuma.okonkwo@apexbank.ng,0802 4415997,2021-04-30,Resigned
APX0543,Seun Adeyemi,male,"July 26, 1986",M,Ilorin,R&C,Risk Officer,Mid-Level,CONTRACT,24/08/2010,22/02/2011,30/05/2014,441000,3,14,seun.adeyemi@apexbank.ng,08050169378,2011-08-28,Resigned
APX0544,Lara Owolabi,Female,"September 7, 1996",Single,Lagos,FINANCE,HR Manager,Manager,Full-Time,25/08/2019,23/02/2020,2021-04-24,"?1,162,000",1,13,lara.owolabi@apexbank.com,08051390357,,Active
APX0545,  Adaeze Lawal,F,1996-08-02,Divorced,Calabar,Risk/Compliance,HR Executive,Mid-Level,PERMANENT,2023-10-11,"May 7, 2024",01/01/2024,493000,2,16,adaeze.lawal@apexbank,08047676926,,Active
APX0546,Ngozi Ojo,FEMALE,1970-01-24,Single,Abeokuta,hr,Group Head,Director,PERMANENT,2019-07-27,2020-02-17,"July 1, 2023",2394000,3,20,ngozi.ojo@apexbank.ng,0803 4445428,,ACTIVE
APX0547,Zainab Musa,F,"December 5, 1976",Married,Benin City,,Risk Manager,Manager,Full-Time,29/11/2023,12/06/2024,"January 1, 2024",1156000,4,16,zainab.musa@apexbank,0807-773-5683,,active
APX0548,Uche Olanrewaju,male,1993-03-31,D,Owerri,RETAIL,Banking Officer,Junior,Full-Time,14/06/2015,"November 24, 2015",2018-11-10,312000,2,2,uche.olanrewaju@apexbank,08026660243,,Active
APX0549,Ekaette Bassey,F,27/04/1984,Single,Lagos,Corp Banking,HR Manager,Manager,PERMANENT,29/01/2018,2018-08-05,2021-01-17,1019000,5,11,ekaette.bassey@apexbank.ng,0803-284-9419,,active
APX0550,Fatima Badmus,FEMALE,05/05/1985,DIVORCED,Enugu,Fin,Senior IT Officer,Senior,CONTRACT,20/05/2019,12/11/2019,04/02/2024,N/A,5,15,fatima.badmus@apexbank,0804-746-5659,,Active
APX0551,Zara Salami,Female,1983-03-08,Married,Lagos,Retail,Senior HR Officer,Senior,Full Time,2020-12-16,"July 14, 2021",13/08/2020,902000,2,10,zara.salami@apexbank.ng,0805054,,ACTIVE
APX0552,Ebuka Achebe,male,"November 20, 1996",Married,Sokoto,Information Technology,Finance Manager,Manager,Permanent,"December 16, 2013","June 12, 2014",08/01/2015,1462000,4,11,ebuka.achebe@apexbank.com,0802-235-8920,,Active
APX0553,Rex Ekwu,Male,1975-05-19,divorced,Sokoto,Finance,IT Executive,Mid-Level,Contractor,2014-01-10,"June 19, 2014","May 1, 2016","480,000",4,3,rex.ekwu@apexbank,0809317,,active
APX0554,Chukwuma Anyanwu,m,"June 8, 1988",M,Port Harcourt,HR,Head of Credit,Manager,Contractor,2015-11-29,"May 6, 2016",27/11/2017,1135000,1,6,chukwuma.anyanwu@apexbank.com,08049327410,,active
APX0555,Vivian Badmus,f,03/01/1973,Married,Abuja,Operations,CFO,Director,Contract,20/11/2014,"June 1, 2015",29/05/2019,N/A,4,5,vivian.badmus@apexbank.com,0809-712-2241,,Active
APX0556,Sandra Ibrahim,F,1996-11-09,MARRIED,Kano,Compliance,Senior Manager,Senior,permanent,"September 13, 2023","February 17, 2024",2024-01-01,904000,4,9,sandra.ibrahim@apexbank.ng,0802-369-9050,,ACTIVE
APX0557,Sola Bello,MALE,18/03/1985,SINGLE,Abeokuta,Risk,Banking Officer,Junior,Full Time,"April 13, 2016","November 9, 2016","June 30, 2017",250000,2,21,sola.bello@apexbank.ng,0803280,,active
APX0558,  Ngozi Agu,FEMALE,11/04/1990,MARRIED,Calabar,Operations,Finance Manager,Manager,Full-Time,11/01/2019,2019-07-05,"May 7, 2021",1279000,1,2,ngozi.agu@apexbank,0802 2999391,,ACTIVE
APX0559,Ugochi Balogun,f,1998-06-11,SINGLE,Owerri,CORP,Credit Analyst,Junior,Full-Time,26/02/2012,2012-08-15,29/04/2014,271000,4,12,ugochi.balogun@apexbank,0801029,,exited
APX0560,Funmilayo Eze,F,19/07/1993,M,Maiduguri,Compliance,Head of Credit,Manager,Contractor,"May 28, 2016",22/12/2016,2017-12-25,1111000,5,14,funmilayo.eze@apexbank.ng,0801297,"December 12, 2023",active
APX0561,Yetunde Agu,Female,21/11/1977,D,Asaba,Tech,Risk Manager,Manager,CONTRACT,2012-12-19,"June 14, 2013","January 22, 2017",1137000,1,1,yetunde.agu@@apexbank.com,0808 4077967,,active
APX0562,Queen Olanrewaju,F,24/01/1991,SINGLE,Ibadan,Information Technology,Chief Risk Officer,Director,CONTRACT,23/10/2022,2023-05-02,"May 31, 2024",N/A,2,11,queen.olanrewaju@apexbank,0802-809-3121,,Active
APX0563,Obinna Okafor,male,23/11/1972,DIVORCED,Abuja,Retail Banking,Teller,Junior,Permanent,2022-05-18,2022-11-15,"January 1, 2024","304,000",1,21,obinna.okafor@apexbank.com,0806677,,Active
APX0564,Rita Ogunyemi,f,01/12/1977,Single,Kano,Human Resource,Customer Rep,Junior,Permanent,"October 26, 2016",2017-04-23,13/05/2019,202000,7,5,rita.ogunyemi@apexbank.ng,0801-666-6025,,Active
APX0565,Grace Yusuf,f,01/12/1971,single,Ilorin,Human Resources,Teller,Junior,Contractor,"January 12, 2018",2018-07-15,"February 28, 2020","?287,000",2,21,grace.yusuf@apexbank.ng,0804-654-0494,,Active
APX0566,Femi Akinwale,MALE,"November 19, 1981",Single,Benin City,Retail Banking,HR Executive,Mid-Level,PERMANENT,2018-12-19,13/07/2019,2023-06-02,546000,4,21,femi.akinwale@apexbank,0808-744-9603,,ACTIVE
APX0567,Kabiru Oluwole,m,1997-02-27,Single,Enugu,ICT,Senior Risk Officer,Senior,Contractor,2018-09-15,03/04/2019,2021-05-01,"?811,000",4,13,kabiru.oluwole@apexbank,0809-391-7588,,ACTIVE
APX0568,Samuel Adeyemi,m,"December 30, 1995",DIVORCED,Ilorin,Corporate Banking,HR Officer,Junior,contract,2013-02-08,2013-08-27,2017-05-07,"?277,000",2,20,samuel.adeyemi@@apexbank,0805 0300755,,Active
APX0569,Dolapo Oluwole,F,20/11/1972,Divorced,Benin City,RETAIL,Relationship Officer,Mid-Level,PERMANENT,2021-04-23,2021-11-17,"October 26, 2024",485000,4,4,dolapo.oluwole@apexbank,08025296116,,active
APX0570,Wale Musa,Male,1996-03-18,MARRIED,Lagos,Corp Banking,Senior IT Officer,Senior,Contract,"July 19, 2018","February 3, 2019",2020-06-07,"?801,000",3,13,wale.musa@apexbank,08014330241,,ACTIVE
APX0571,Quadri Anyanwu,Male,"June 30, 1988",Single,Kano,Corporate,Risk Manager,Manager,Permanent,"March 24, 2017","October 7, 2017",04/06/2019,1372000,2,13,quadri.anyanwu@apexbank,0801-076-7646,,ACTIVE
APX0572,Rita Anyanwu,f,16/04/1984,M,Calabar,Operation,Regional Manager,Manager,PERMANENT,18/02/2014,"July 21, 2014","November 19, 2015",1421000,4,44,rita.anyanwu@apexbank.ng,0806 2367457,,Active
APX0573,  Adaeze Idris,female,"September 24, 1976",Divorced,Enugu,Corporate Banking,Group Head,Director,permanent,08/01/2014,02/07/2014,2017-11-12,2494000,4,0,adaeze.idris@apexbank.com,0804 5213545,,active
APX0574,Nneka Aliyu,f,05/01/1998,Divorced,Port Harcourt,hr,Senior Credit Officer,Senior,Contractor,"July 30, 2010",2011-02-02,2012-04-12,735000,3,12,nneka.aliyu@apexbank,0807 4969371,,active
APX0575,Rita Obi,f,22/07/1987,SINGLE,Port Harcourt,Risk,Banking Executive,Mid-Level,contract,"June 9, 2016","December 28, 2016","January 18, 2021",,7,17,rita.obi@apexbank,08037050285,,active
APX0576,  Babatunde Akinwale,M,11/10/1973,S,Calabar,CUSTOMER SERVICE,Senior Analyst,Mid-Level,Permanent,30/07/2011,03/02/2012,10/12/2014,409000,1,18,babatunde.akinwale@apexbank.com,08094402406,2013-08-19,exited
APX0577,Sandra Badmus,Female,"September 2, 1996",D,Uyo,Retail Banking,Senior Analyst,Mid-Level,contract,2022-07-17,"January 15, 2023",2024-01-01,451000,1,11,sandra.badmus@apexbank,0806-578-5910,,ACTIVE
APX0578,Dayo Adeyemi,m,"January 6, 1995",Divorced,Maiduguri,Accounts,Teller,Junior,CONTRACT,2021-05-22,2021-10-25,31/07/2023,297000,1,11,dayo.adeyemi@apexbank.ng,0801-982-0607,,ACTIVE
APX0579,Chidi Fola,MALE,04/01/1984,divorced,Asaba,Ops,Group Head,Director,Full-Time,2019-08-14,"February 7, 2020",2021-10-17,"2,694,000",2,20,chidi.fola@,08072113656,,Active
APX0580,Ngozi Balogun,female,1992-11-14,MARRIED,Benin City,Operations,Risk Officer,Mid-Level,Full Time,30/06/2012,26/01/2013,"March 19, 2017",396000,4,14,ngozi.balogun@apexbank.com,0805678,,active
APX0581,  Obinna Dike,m,"January 1, 1987",divorced,Calabar,Retail Bank,Head of Retail,Director,Full Time,2014-05-05,10/10/2014,"November 14, 2017","1,739,000",2,18,obinna.dike@apexbank.com,0805 9378351,,ACTIVE
APX0582,  Toyin Obi,F,14/03/1980,MARRIED,Abuja,Ops,Relationship Officer,Mid-Level,CONTRACT,"April 24, 2016",03/11/2016,"August 30, 2018",567000,2,11,toyin.obiapexbank.ng,08092650191,,Active
APX0583,Peter Badmus,M,"July 14, 1997",M,Sokoto,Retail Banking,Finance Manager,Manager,Permanent,31/07/2020,2021-01-13,2022-05-21,1042000,2,6,peter.badmus@apexbank,08057696516,,ACTIVE
APX0584,Bello Obi,M,1980-04-03,single,Lagos,hr,Senior Risk Officer,Senior,Contractor,2010-08-02,14/02/2011,"May 20, 2013",N/A,3,21,bello.obi@apexbank.com,08033776378,,Exited
APX0585,Lanre Bello,MALE,11/11/1980,M,Maiduguri,Customer Service,Banking Executive,Mid-Level,Full-Time,2022-07-08,17/12/2022,2024-04-15,572000,4,0,lanre.belloapexbank.ng,0802-699-8572,,active
APX0586,Zainab Isah,f,03/08/1985,Married,Abuja,Accounts,Senior Manager,Senior,Permanent,01/02/2016,"August 22, 2016",2018-01-07,"870,000",5,12,zainab.isah@apexbank,0802 0485766,18/11/2017,Exited
APX0587,  Mohammed Nnaji,Male,"July 30, 1980",D,Benin City,CS,Risk Officer,Mid-Level,Full-Time,"June 5, 2017",01/01/2018,2021-01-04,534000,5,1,mohammed.nnaji@apexbank.com,0803 6022019,,active
APX0588,Rasheed Uche,M,"January 12, 1980",divorced,Owerri,hr,Relationship Officer,Mid-Level,Permanent,2020-07-22,21/12/2020,03/07/2024,467000,5,5,rasheed.uche@apexbank.ng,0801 1044508,,Exited
APX0589,Uche Lawal,Male,"June 10, 1977",Single,Kano,RETAIL,Team Lead,Senior,Full Time,2019-11-03,27/04/2020,"August 2, 2022","894,000",1,7,uche.lawal@apexbank.ng,0803074,,exited
APX0590,Damilola Nnaji,F,1970-12-14,divorced,Sokoto,Retail,Banking Executive,Mid-Level,Full-Time,2019-01-14,31/07/2019,2022-02-03,537000,1,10,damilola.nnaji@apexbank.ng,0805 2966239,,active
APX0591,Obiageli Nnaji,FEMALE,"September 16, 1993",D,Uyo,Customer Care,CFO,Director,PERMANENT,2016-06-14,02/12/2016,2020-10-11,N/A,1,8,obiageli.nnaji@apexbank,08073251684,,Exited
APX0592,Grace Adewole,FEMALE,1988-12-05,M,Uyo,CUSTOMER SERVICE,Banking Officer,Junior,CONTRACT,"January 8, 2019","July 5, 2019",2021-05-26,"305,000",3,1,grace.adewole@,0806382,,ACTIVE
APX0593,Ibrahim Okonkwo,Male,12/06/1990,SINGLE,Uyo,Corp Banking,HR Officer,Junior,PERMANENT,2010-07-01,2011-01-04,11/06/2015,272000,1,29,ibrahim.okonkwo@apexbank.com,0809-260-8256,,Active
APX0594,Zara Ekwu,FEMALE,"May 1, 1973",Divorced,Port Harcourt,Compliance,Senior Analyst,Mid-Level,contract,2013-02-20,2013-08-13,26/11/2016,475000,5,22,zara.ekwu@apexbank,0807 3858377,2016-08-18,Resigned
APX0595,Haruna Musa,male,"February 18, 1976",SINGLE,Kaduna,I.T,Senior Risk Officer,Senior,Permanent,2016-11-17,11/06/2017,2019-04-14,,2,6,haruna.musa@apexbank.com,08051913089,,active
APX0596,Chioma Ekwu,Female,21/04/1976,divorced,Maiduguri,I.T,Finance Manager,Manager,Contractor,"June 24, 2013",2013-11-21,"February 29, 2016",1187000,2,9,chioma.ekwu@apexbank,08080996387,,ACTIVE
APX0597,Nnamdi Okonkwo,m,1987-10-31,Married,Sokoto,Ops,HR Officer,Junior,CONTRACT,"February 7, 2019","August 1, 2019",2020-12-01,"339,000",5,19,nnamdi.okonkwo@apexbank.com,0805735,02/03/2023,active
APX0598,Babatunde Adeleke,MALE,"March 12, 1987",DIVORCED,Asaba,CUSTOMER SERVICE,Credit Analyst,Junior,permanent,"May 14, 2018",14/11/2018,"March 18, 2022",219000,3,9,babatunde.adeleke@apexbank.com,0807 7330700,,ACTIVE
APX0599,Haruna Bello,Male,"February 5, 1984",M,Ibadan,Fin,IT Support,Junior,Permanent,14/08/2017,2017-03-24,18/04/2019,244000,3,13,haruna.bello@apexbank.com,0808 1398690,,Active
APX0600,Wale Okafor,M,30/01/1979,Single,Kaduna,R&C,Senior Analyst,Mid-Level,Full Time,"February 12, 2017",16/08/2017,"September 26, 2018","500,000",4,0,wale.okafor@apexbank,0808918,"May 5, 2018",exited
APX0601,Dolapo Adewole,Female,1998-01-17,Single,Enugu,Human Resources,Customer Rep,Junior,Permanent,2020-06-24,"January 20, 2021",2023-01-07,261000,3,17,dolapo.adewole@apexbank.com,0808-580-8615,,Active
APX0602,Peter Mohammed,MALE,21/09/1980,M,Abeokuta,Retail Banking,Finance Manager,Manager,Full Time,14/03/2016,2016-09-11,10/03/2019,N/A,1,0,peter.mohammed@apexbank.ng,0809088,,Active
APX0603,Zara Oladele,female,1990-09-22,Single,Sokoto,Accounts,Senior Risk Officer,Senior,Permanent,2023-02-11,2023-09-06,01/01/2024,"?632,000",2,16,zara.oladele@apexbank.com,0806575,,active
APX0604,Ugochi Oluwole,f,1975-08-01,Married,Uyo,Risk,Director of Operations,Director,Contract,2019-04-29,"September 30, 2019","January 23, 2024",3252000,3,18,ugochi.oluwole@apexbank.com,0802068,,ACTIVE
APX0605,F@tima Ogunyemi,FEMALE,"November 9, 1988",married,Uyo,Corporate,Head of Retail,Director,permanent,"September 9, 2020",2021-03-15,"January 1, 2024",3140000,1,13,fatima.ogunyemi@apexbank.com,08041512009,28/11/2026,exited
APX0606,Rita Salami,female,"January 12, 1982",M,Ilorin,Human Resources,Senior Analyst,Mid-Level,CONTRACT,"June 19, 2011",2011-12-13,21/12/2013,570000,0,1,rita.salami@apexbank.com,08094354918,,Active
APX0607,Ifeoma Bankole,FEMALE,"January 3, 1993",S,Uyo,Fin,Finance Manager,Manager,CONTRACT,"August 23, 2017",2018-01-28,2020-08-25,N/A,5,14,ifeoma.bankole@apexbank.com,0801-875-3593,,ACTIVE
APX0608,Damilola Taiwo,FEMALE,1982-08-31,M,Maiduguri,RETAIL,Banking Executive,Mid-Level,Permanent,27/09/2021,"February 28, 2022",01/01/2024,556000,4,13,damilola.taiwo@apexbank,0803865,,active
APX0609,Chidi Lawal,MALE,"November 24, 1994",Divorced,Maiduguri,Finance,CFO,Director,Full Time,"October 4, 2013",28/09/2014,2018-07-18,1967000,4,13,chidi.lawal@apexbank.ng,0804660,,active
APX0610,Rita Bassey,female,"March 29, 1983",Divorced,Uyo,Finance & Accounts,Senior Risk Officer,Senior,permanent,02/01/2012,2012-06-06,02/12/2013,"726,000",3,7,rita.bassey@apexbank.ng,0809-386-5602,,active
APX0611,Chibuzor Owolabi,M,"January 6, 1989",S,Benin City,FINANCE,Senior Manager,Senior,CONTRACT,15/09/2016,"April 10, 2017",2019-09-22,773000,3,10,chibuzor.owolabi@@apexbank.ng,0805 8067889,,active
APX0612,Wale Okonkwo,male,1980-09-30,M,Calabar,Operations,Senior Manager,Senior,Contractor,"November 30, 2011",22/07/2014,13/08/2013,817000,2,11,wale.okonkwo@,0807-104-1215,,active
APX0613,Mohammed Uche,Male,1986-11-21,Single,Abeokuta,OPERATIONS,Branch Manager,Manager,PERMANENT,2011-03-28,"September 18, 2011","June 4, 2012",N/A,4,14,mohammed.uche@@apexbank.ng,08099921799,,Exited
APX0614,Sola Bello,M,16/06/1971,Single,Kaduna,I.T,Chief Risk Officer,Director,CONTRACT,2016-05-20,14/12/2016,26/05/2019,2196000,5,16,sola.bello@apexbank.ng,0805-023-1832,,active
APX0615,Mohammed Igwe,MALE,"August 9, 1980",Married,Abeokuta,OPERATIONS,Senior HR Officer,Senior,contract,19/03/2018,12/09/2018,28/09/2021,"830,000",2,10,mohammed.igwe@apexbank,08015258945,,Active
APX0616,Felix Oluwole,male,19/08/1998,M,Port Harcourt,Risk/Compliance,Senior Analyst,Mid-Level,Contract,02/01/2021,2021-06-15,2024-01-01,N/A,4,10,felix.oluwole@apexbank.com,08046679873,,Active
APX0617,Zainab Nnaji,f,28/12/1988,DIVORCED,Calabar,FINANCE,Finance Manager,Manager,Contract,2015-12-15,"May 16, 2016","September 5, 2017",1080000,1,9,zainab.nnaji@apexbank.com,0805-657-3181,,Active
APX0618,Sandra Isah,Female,09/04/1981,MARRIED,Maiduguri,Ops,Banking Officer,Junior,contract,"September 30, 2011","April 20, 2012","May 31, 2016","191,000",3,21,sandra.isah@apexbank,0806 4955797,,exited
APX0619,Lanre Ogunyemi,m,08/10/1970,Divorced,Port Harcourt,R&C,Branch Manager,Manager,Full-Time,25/11/2017,21/06/2018,2020-06-22,1198000,5,22,lanre.ogunyemi@apexbank.ng,08090205990,14/04/2019,Resigned
APX0620,Patience Balogun,Female,"December 17, 1982",Single,Ibadan,I.T,Chief Risk Officer,Director,contract,2023-08-15,09/02/2024,01/01/2024,1947000,4,6,patience.balogun@apexbank.ng,0801-527-8920,,active
APX0621,Quadri Badmus,Male,1974-02-24,D,Port Harcourt,CS,Risk Manager,Manager,contract,"September 9, 2018",12/03/2019,"September 8, 2020",1485000,3,13,quadri.badmus@apexbank.com,0808-214-8947,"September 29, 2020",Terminated
APX0622,Ada Adewole,f,1981-01-11,Divorced,Port Harcourt,RETAIL,IT Manager,Manager,Permanent,20/02/2013,03/08/2013,2015-04-07,N/A,1,16,ada.adewole@apexbank,0801-999-4457,,ACTIVE
APX0623,Obiageli Owolabi,F,"October 13, 1984",M,Benin City,H.R,Banking Executive,Mid-Level,PERMANENT,2010-05-01,2010-10-13,16/05/2013,361000,4,3,obiageli.owolabi@apexbank.ng,0803013,,ACTIVE
APX0624,Kunle Suleiman,MALE,1982-12-12,divorced,Sokoto,Fin,Senior HR Officer,Senior,permanent,2022-11-01,"May 29, 2023",2024-12-22,"636,000",4,15,kunle.suleiman@apexbank.com,0808 0531024,,active
APX0625,Toyin Oluwole,f,29/10/1972,Single,Maiduguri,ICT,Compliance Officer,Junior,CONTRACT,2018-08-24,2019-02-02,"October 14, 2019",270000,2,4,toyin.oluwole@apexbank.ng,0805 3998602,,ACTIVE
APX0626,Emeka Ibrahim,Male,20/02/1998,M,Ilorin,Human Resource,Teller,Junior,contract,2011-08-22,2012-03-07,"October 15, 2015",238000,3,18,emeka.ibrahim@apexbank.ng,08069123812,,Active
APX0627,  Queen Agu,f,"February 19, 1980",divorced,Port Harcourt,,Executive Director,Director,Permanent,31/10/2019,"April 13, 2020",18/02/2021,"?2,480,000",2,21,queen.agu@apexbank.com,0807 4128047,,Active
APX0628,Queen Ibrahim,Female,2010-03-17,SINGLE,Calabar,OPERATIONS,Credit Analyst,Junior,contract,03/06/2014,21/11/2014,"October 4, 2018","?281,000",0,11,queen.ibrahim@apexbank.ng,08070716639,,active
APX0629,Funmilayo Bello,FEMALE,02/06/1970,divorced,Port Harcourt,Corporate Banking,Senior Analyst,Mid-Level,contract,08/07/2016,"January 28, 2017",25/12/2017,-408778,5,16,funmilayo.bello@apexbank.com,0802-264-6938,,Active
APX0630,S@muel Okoro,m,"October 26, 1971",SINGLE,Benin City,Retail Bank,HR Officer,Junior,contract,"April 1, 2020","September 3, 2020",21/08/2024,N/A,5,21,samuel.okoro@apexbank,0809514,,ACTIVE
APX0631,Ifeoma Bassey,female,25/09/1994,M,Owerri,Corporate,Banking Executive,Mid-Level,Full-Time,13/03/2010,17/08/2010,2012-06-19,"?492,000",1,1,ifeoma.bassey@apexbank.ng,0804 8368905,,Active
APX0632,Ibrahim Ojo,M,19/06/1995,S,Owerri,Cust Service,Group Head,Director,permanent,2022-04-04,2022-10-29,"January 1, 2024",0,5,18,ibrahim.ojo@apexbank,0804-139-1533,,Active
APX0633,Seun Oladele,M,29/06/1998,MARRIED,Abeokuta,CUSTOMER SERVICE,Director of Operations,Director,Full Time,10/07/2010,16/01/2011,"May 13, 2012","2,691,000",3,13,seun.oladele@apexbank,0803-425-0390,,active
APX0634,Zainab Lawal,female,"April 3, 1987",Single,Owerri,Finance & Accounts,Teller,Junior,Contractor,"June 18, 2017",20/11/2017,"January 14, 2021",258000,1,20,zainab.lawal@apexbank.ng,0805789,,Active
APX0635,Funmilayo Uche,female,19/05/1994,single,Calabar,R&C,Finance Manager,Manager,Full-Time,"September 15, 2019",2020-03-29,19/08/2022,,3,19,funmilayo.uche@apexbank.ng,08054459204,,Active
APX0636,Rita Nwosu,FEMALE,1972-10-09,M,Calabar,hr,Chief Risk Officer,Director,contract,"May 29, 2020",03/11/2020,2022-10-29,2097000,5,6,rita.nwosu@apexbank.com,0801 3647699,,ACTIVE
APX0637,Ngozi Bankole,FEMALE,"October 16, 1974",DIVORCED,Abuja,Information Technology,Branch Manager,Manager,permanent,2014-03-09,"September 2, 2014","November 8, 2017","?1,181,000",4,5,ngozi.bankole@apexbank.com,0808877,,ACTIVE
APX0638,Grace Agu,f,28/10/1994,divorced,Calabar,CORP,HR Officer,Junior,Full Time,16/06/2017,"December 4, 2017",06/10/2019,"234,000",4,17,grace.agu@apexbank,0804-243-3947,2018-09-23,exited
APX0639,Chidi Olanrewaju,Male,1972-06-24,D,Kano,Risk/Compliance,Risk Officer,Mid-Level,Permanent,"October 28, 2017",03/04/2018,"March 17, 2020","?598,000",5,2,chidi.olanrewaju@apexbank.ng,0805-821-3434,,active
APX0640,Haruna Dike,Male,"May 13, 1998",D,Uyo,Retail Banking,Teller,Junior,CONTRACT,2017-12-30,"June 18, 2018",2021-05-12,302000,4,17,haruna.dike@apexbank.ng,0802 5388604,25/12/2023,active
APX0641,Segun Anyanwu,male,"November 3, 1983",MARRIED,Ibadan,Corporate Banking,Senior HR Officer,Senior,Contractor,"February 22, 2022","September 10, 2022",24/04/2023,"?624,000",3,20,segun.anyanwu@apexbank.ng,0807897,,Active
APX0642,  Nkechi Dike,F,"July 1, 1988",DIVORCED,Asaba,Human Resources,Team Lead,Senior,Contract,2011-12-03,27/05/2012,05/07/2013,776000,5,22,nkechi.dike@apexbank.com,0802-352-2791,,active
APX0643,Obinna Bankole,MALE,08/04/1971,single,Kano,Human Resources,Chief Risk Officer,Director,CONTRACT,01/12/2010,"June 7, 2011","January 15, 2012","?3,085,000",5,9,obinna.bankole@apexbank.com,0805 9463861,,Active
APX0644,Yetunde Balogun,female,"August 22, 1996",Divorced,Abuja,hr,Senior Analyst,Mid-Level,permanent,19/09/2011,"April 6, 2012",25/09/2012,410000,1,10,yetunde.balogun@apexbank.ng,08084665621,2016-11-28,exited
APX0645,Seun Adewole,Male,"December 3, 1998",divorced,Ilorin,RETAIL,Senior Manager,Senior,Contractor,2014-05-23,"October 22, 2014",2017-07-30,0,3,11,seun.adewole@apexbank.ng,0803762,,active
APX0646,Fatima Igwe,f,16/04/1983,MARRIED,Asaba,CORP,Credit Analyst,Junior,contract,"November 28, 2018",2019-05-03,2023-02-21,"?186,000",1,22,fatima.igweapexbank.ng,0809-223-7454,,active
APX0647,Biodun Olanrewaju,MALE,"September 6, 1994",SINGLE,Kano,Tech,Regional Manager,Manager,Full-Time,"May 17, 2013",15/11/2013,"March 28, 2017","1,114,000",3,21,biodun.olanrewaju@apexbank.com,0802477,,ACTIVE
APX0648,Peter Obi,m,"April 9, 1971",single,Owerri,CUSTOMER SERVICE,IT Support,Junior,contract,"November 26, 2016",2017-04-26,"August 26, 2018",304000,5,19,peter.obi@apexbank.com,0801-324-3083,,ACTIVE
APX0649,Helen Fola,female,06/11/1974,SINGLE,Benin City,I.T,Group Head,Director,Contract,27/05/2021,05/11/2021,"December 5, 2024",,2,10,helen.fola@apexbank,0802814,,ACTIVE
APX0650,Chidi Bankole,m,"January 8, 1975",S,Abuja,Cust Service,Executive Director,Director,contract,"June 12, 2021","November 26, 2021",09/10/2022,N/A,3,22,chidi.bankole@apexbank,0804154,,exited
APX0651,Amaka Bankole,FEMALE,"October 19, 1989",D,Lagos,Risk/Compliance,Senior Credit Officer,Senior,CONTRACT,2010-04-11,"September 12, 2010","July 29, 2014",630000,2,10,amaka.bankole@apexbank,0807-125-5552,2023-09-09,Active
APX0652,Nneka Achebe,Female,11/09/1975,divorced,Abeokuta,,Team Lead,Senior,contract,"April 13, 2013","September 27, 2013",2017-08-05,647000,4,1,nneka.achebe@apexbank.ng,0805 5748931,,Active
APX0653,Peter Dike,MALE,"January 30, 1990",MARRIED,Kano,Ops,HR Officer,Junior,Contractor,07/04/2016,"October 19, 2016","February 11, 2020",208000,1,1,peter.dike@apexbank.com,0801-305-8016,2022-11-04,Terminated
APX0654,Uche Lawal,MALE,1977-07-16,Married,Port Harcourt,Retail Banking,HR Manager,Manager,permanent,2013-11-11,2014-04-25,06/03/2016,1142000,2,18,uche.lawal@apexbank.com,0806-303-4887,,ACTIVE
APX0655,Helen Nnaji,f,27/01/1977,Married,Sokoto,Corp Banking,IT Executive,Mid-Level,contract,"November 1, 2010","May 6, 2011","December 15, 2013","494,000",5,19,helen.nnaji@apexbank.com,0805 1862464,"January 18, 2017",Terminated
APX0656,Ada Isah,FEMALE,1997-02-02,divorced,Port Harcourt,CUSTOMER SERVICE,Group Head,Director,Full Time,29/09/2011,"March 8, 2012",31/05/2016,3394000,4,21,ada.isahapexbank.ng,08053576749,,Active
APX0657,  Kola Ekwu,Male,"June 29, 1984",SINGLE,Ibadan,hr,Banking Executive,Mid-Level,PERMANENT,2010-12-14,"June 25, 2011",16/07/2013,471000,1,19,kola.ekwu@apexbank.ng,08029198252,,active
APX0658,Miriam Musa,F,07/02/1985,MARRIED,Calabar,CORP,Banking Executive,Mid-Level,CONTRACT,"April 3, 2015",27/10/2015,2019-06-27,365000,5,4,miriam.musa@apexbank.com,08039125795,,ACTIVE
APX0659,Kunle Owolabi,M,25/07/1973,D,Ibadan,ICT,IT Support,Junior,Contract,2016-10-21,"May 15, 2017",2017-10-24,247000,4,6,kunle.owolabi@apexbank.com,0809945,,ACTIVE
APX0660,Mohammed Fola,M,"June 23, 1977",Single,Kano,Retail,Director of Operations,Director,permanent,25/06/2014,"December 16, 2014",24/10/2015,2772000,4,22,mohammed.fola@apexbank,0803 7746431,2019-02-01,Resigned
APX0661,Nnamdi Nnaji,m,01/08/1998,MARRIED,Ibadan,HR,Banking Executive,Mid-Level,Full-Time,14/04/2012,2012-03-11,"January 27, 2016",426000,5,17,nnamdi.nnaji@apexbank,0801-335-1180,,Active
APX0662,Lanre Idris,Male,2010-08-05,Married,Abeokuta,Ops,Group Head,Director,CONTRACT,"December 13, 2011",11/06/2012,"October 3, 2015","?3,433,000",2,26,lanre.idris@apexbank.ng,0806982,,Active
APX0663,Rex Yusuf,MALE,10/12/1976,Single,Enugu,IT,Risk Officer,Mid-Level,Full-Time,06/05/2013,2013-10-27,"October 27, 2016",,4,18,rex.yusuf@apexbank,08076999298,,Active
APX0664,Nnamdi Okafor,M,08/02/1993,Divorced,Calabar,Corporate Banking,HR Manager,Manager,CONTRACT,2020-01-19,2020-08-11,2021-11-12,1253000,4,17,nnamdi.okafor@apexbank.com,0805-281-7958,,ACTIVE
APX0665,Ifeanyi Salami,M,1985-03-19,Divorced,Kaduna,Ops,Team Lead,Senior,CONTRACT,23/09/2013,2014-04-12,"February 11, 2018","710,000",5,10,ifeanyi.salami@apexbank.com,0806-019-9701,,active
APX0666,Vivian Adeleke,f,"September 14, 1989",MARRIED,Asaba,Corporate Banking,Senior IT Officer,Senior,contract,2016-10-16,"April 30, 2017","September 14, 2018","936,000",2,12,vivian.adeleke@apexbank.com,08030770208,,Active
APX0667,Dolapo Oluwole,FEMALE,"May 21, 1977",M,Ilorin,FINANCE,HR Manager,Manager,Permanent,"December 1, 2017",14/05/2018,"January 8, 2020","1,499,000",1,42,dolapo.oluwole@apexbank.ng,08050510765,,active
APX0668,Samuel Bankole,MALE,1974-12-19,DIVORCED,Maiduguri,ICT,Senior Credit Officer,Senior,PERMANENT,"February 7, 2018","August 23, 2018",21/08/2019,848000,3,20,samuel.bankole@,08094139754,,Active
APX0669,Femi Igwe,m,1988-12-30,MARRIED,Maiduguri,CORP,Relationship Officer,Mid-Level,Full-Time,2014-03-29,07/10/2014,2018-12-31,412000,4,1,femi.igwe@apexbank,0803932,,ACTIVE
APX0670,Dayo Igwe,male,1975-10-14,D,Calabar,Risk & Compliance,Senior Risk Officer,Senior,Contract,"April 7, 2012",07/10/2012,2014-05-19,"?760,000",4,19,dayo.igwe@apexbank,0805-604-9280,,ACTIVE
APX0671,Amaka Achebe,female,24/10/1986,married,Owerri,Finance & Accounts,Senior Credit Officer,Senior,permanent,22/08/2015,"February 12, 2016",10/01/2017,882000,5,22,amaka.achebe@apexbank.com,0808782,,ACTIVE
APX0672,Yetunde Taiwo,Female,26/10/1988,D,Enugu,RETAIL,HR Officer,Junior,Permanent,2021-07-15,04/01/2022,2024-01-01,227000,2,19,yetunde.taiwo@apexbank.com,0801-407-1872,,ACTIVE
APX0673,Tunde Taiwo,m,1975-07-21,SINGLE,Maiduguri,HR,Senior Analyst,Mid-Level,contract,"May 23, 2014","December 5, 2014",06/07/2015,594000,4,4,tunde.taiwo@apexbank.com,0804064,,ACTIVE
APX0674,Jumoke Bello,FEMALE,"November 12, 1993",DIVORCED,Kaduna,Finance,Senior Credit Officer,Senior,CONTRACT,11/09/2011,17/03/2012,2012-09-26,"?656,000",1,4,jumoke.bello@apexbank,0805 1063351,,ACTIVE
APX0675,Wale Obi,MALE,30/07/1993,S,Lagos,Human Resources,Group Head,Director,PERMANENT,"November 28, 2019",2020-05-26,15/10/2022,N/A,4,13,wale.obi@apexbank,0803 6619155,"October 8, 2023",Resigned
APX0676,Sandra Uche,FEMALE,2010-12-22,DIVORCED,Uyo,Finance & Accounts,Credit Analyst,Junior,Permanent,"April 5, 2011","October 14, 2011",07/09/2015,"?206,000",1,18,sandra.uche@apexbank.com,0802 7854073,,Active
APX0677,Jumoke Akinwale,F,10/06/1988,Married,Maiduguri,R&C,Relationship Officer,Mid-Level,Full-Time,2010-03-16,02/10/2010,"November 27, 2014",483000,5,9,jumoke.akinwale@apexbank.com,08014475699,,ACTIVE
APX0678,Lanre Ogunyemi,m,"July 26, 1973",married,Asaba,CUSTOMER SERVICE,HR Executive,Mid-Level,PERMANENT,2021-08-07,"February 5, 2022","January 1, 2024","?523,000",2,14,lanre.ogunyemi@apexbank.com,0806-474-6749,,active
APX0679,Chidi Balogun,M,05/07/1997,single,Abuja,,Banking Officer,Junior,CONTRACT,29/01/2013,24/08/2013,"September 28, 2017",206000,6,21,chidi.balogun@apexbank.com,08098889211,,exited
APX0680,Kola Okoro,male,1987-10-24,Divorced,Abuja,R&C,Finance Manager,Manager,Contract,14/07/2010,"January 26, 2011",2014-12-01,"1,246,000",3,21,kola.okoro@apexbank.ng,08048676244,,active
APX0681,Lara Agu,f,"September 10, 1975",SINGLE,Abuja,Corporate Banking,HR Executive,Mid-Level,Contractor,28/06/2015,2015-12-03,"March 9, 2020",N/A,1,18,lara.agu@apexbank,0803607,04/05/2017,exited
APX0682,Ifeoma Obi,Female,"March 22, 1988",MARRIED,Sokoto,Compliance,Finance Manager,Manager,Contract,2016-03-22,10/09/2016,2018-04-20,N/A,2,1,ifeoma.obi@apexbank.com,0807153,,active
APX0683,Tunde Ekwu,m,1978-09-01,D,Abeokuta,HR,Customer Rep,Junior,Contract,2015-10-14,05/05/2016,15/03/2017,"245,000",1,5,tunde.ekwu@apexbank,0808-849-7342,,active
APX0684,Jumoke Akinwale,Female,1988-04-22,DIVORCED,Kano,Corp Banking,Senior Risk Officer,Senior,Full Time,2023-01-24,"July 3, 2023","January 1, 2024",629000,5,8,jumoke.akinwale@apexbank.com,0804263,"May 6, 2027",Exited
APX0685,Ifeoma Okafor,FEMALE,"October 29, 1973",SINGLE,Ilorin,I.T,Banking Executive,Mid-Level,Permanent,"April 11, 2017","October 20, 2017","March 4, 2020",-345097,2,10,ifeoma.okaforapexbank.com,08062706356,"December 3, 2021",Exited
APX0686,Seun Yusuf,MALE,1980-08-06,Divorced,Owerri,Compliance,Head of Retail,Director,Contractor,2020-04-13,"October 15, 2020",2021-04-26,"2,797,000",4,21,seun.yusuf@apexbank.com,08033600378,,exited
APX0687,Segun Nnaji,MALE,"May 16, 1983",Divorced,Benin City,RETAIL,Senior Manager,Senior,Full-Time,"May 10, 2018","November 21, 2018","October 18, 2020",N/A,4,17,segun.nnaji@apexbank.ng,0802513,,active
APX0688,Victoria Balogun,FEMALE,09/09/1971,DIVORCED,Asaba,Customer Service,Head of Retail,Director,Full Time,"September 6, 2023","March 25, 2024","January 1, 2024",1703000,3,0,victoria.balogun@apexbank,08032496916,,Active
APX0689,Tunde Fola,MALE,1977-01-04,SINGLE,Lagos,IT,Credit Analyst,Junior,Permanent,01/06/2021,"December 10, 2021",2023-08-02,N/A,2,6,tunde.fola@apexbank.com,08060439815,,Active
APX0690,Ada Okoro,f,1995-03-19,S,Abuja,Corp Banking,HR Manager,Manager,Contractor,2022-03-11,"September 20, 2022","January 1, 2024","1,151,000",3,0,ada.okoro@apexbank.ng,0808173,,Active
APX0691,Zainab Eze,female,"September 4, 1997",DIVORCED,Asaba,Operation,Finance Manager,Manager,Contract,"November 6, 2018","April 28, 2019","February 2, 2021",1057000,2,2,zainab.eze@apexbank,0806638,,ACTIVE
APX0692,Rex Isah,MALE,1984-04-22,married,Kano,CORP,HR Executive,Mid-Level,Permanent,2018-06-09,28/12/2018,2020-04-02,469000,3,15,rex.isahapexbank.ng,0807-251-6137,,Active
APX0693,Miriam Musa,female,"July 8, 1972",married,Owerri,Finance & Accounts,Banking Officer,Junior,contract,2016-03-06,"September 6, 2016",2017-08-07,306000,1,13,miriam.musa@apexbank,0808 6508398,,ACTIVE
APX0694,Zara Taiwo,Female,1994-02-16,D,Lagos,Compliance,IT Executive,Mid-Level,permanent,30/09/2015,16/04/2016,"November 14, 2019",0,2,11,zara.taiwo@apexbank,0807827,"March 21, 2018",Terminated
APX0695,  Nneka Okonkwo,female,1973-06-30,divorced,Enugu,Ops,Risk Manager,Manager,Contract,2022-10-16,"May 13, 2023",01/01/2024,"1,014,000",1,14,nneka.okonkwo@apexbank.com,0806169,04/04/2023,active
APX0696,Rex Bello,M,06/08/1975,Married,Maiduguri,Finance & Accounts,HR Executive,Mid-Level,PERMANENT,"April 27, 2020","November 1, 2020",17/06/2021,"?381,000",2,8,rex.bello@apexbank,08085105571,,ACTIVE
APX0697,Fatima Ekwu,f,1988-05-10,Divorced,Abuja,Risk,Group Head,Director,Permanent,2014-09-28,"March 22, 2015","June 9, 2018",2042000,5,16,fatima.ekwu@apexbank.ng,0808 1813909,,Active
APX0698,Seun Isah,M,16/09/1983,DIVORCED,Maiduguri,Corporate,Director of Operations,Director,Contract,2010-03-24,2010-10-06,07/11/2014,2909000,3,7,seun.isah@apexbank.ng,08083215995,,Active
APX0699,Am@ka Olanrewaju,F,"August 23, 1976",S,Ibadan,Ops,Senior Risk Officer,Senior,Permanent,21/03/2017,"September 14, 2017","March 13, 2022",710000,7,19,amaka.olanrewaju@apexbank.com,0803 1777583,,Active
APX0700,Femi Aliyu,male,"December 25, 1986",Single,Ibadan,Finance,Banking Executive,Mid-Level,Full-Time,2021-01-09,29/07/2021,"January 1, 2024",-285121,3,31,femi.aliyuapexbank.ng,0804356,,active
APX0701,Nasiru Salami,Male,"July 1, 1979",Single,Owerri,I.T,Senior Risk Officer,Senior,Permanent,06/05/2019,2019-11-16,09/01/2022,"?710,000",2,7,nasiru.salami@apexbank,0807-399-0762,,exited
APX0702,Lanre Yusuf,m,07/07/1979,Married,Sokoto,Corporate Banking,Senior Analyst,Mid-Level,permanent,28/09/2014,2015-03-14,2017-04-08,408000,2,9,lanre.yusuf@apexbank,08095752708,,exited
APX0703,Bello Adeyemi,m,"March 21, 1992",Married,Ilorin,CORP,Senior Manager,Senior,CONTRACT,14/01/2021,23/06/2021,"January 1, 2024","877,000",1,19,bello.adeyemi@apexbank.ng,0802 9097422,,Active
APX0704,Seun Okoro,MALE,28/09/1983,Married,Owerri,Customer Service,IT Manager,Manager,Contractor,"October 28, 2013",2014-04-22,"September 30, 2017",N/A,4,9,seun.okoro@apexbank,0807 8215065,,ACTIVE
APX0705,Blessing Adeyemi,f,"March 3, 1972",S,Lagos,Corporate,Banking Executive,Mid-Level,contract,2012-06-01,15/12/2012,2015-05-12,449000,5,13,blessing.adeyemi@apexbank.com,08020660736,,active
APX0706,Ibrahim Nwosu,Male,1973-08-22,divorced,Benin City,Corporate,HR Executive,Mid-Level,Full Time,"February 5, 2010","August 27, 2010",2013-08-23,"?519,000",4,10,ibrahim.nwosu@apexbank,08013862711,,ACTIVE
APX0707,Queen Suleiman,f,1974-03-05,SINGLE,Ilorin,OPERATIONS,Banking Executive,Mid-Level,CONTRACT,16/02/2016,30/08/2016,"December 15, 2019",451000,2,4,queen.suleiman@apexbank.com,0808951,,ACTIVE
APX0708,Ada Igwe,F,1974-04-02,MARRIED,Enugu,Finance & Accounts,HR Manager,Manager,Contract,13/11/2016,18/05/2017,07/05/2021,"1,271,000",2,10,ada.igwe@apexbank.com,0805-291-7229,,Active
APX0709,Zainab Okonkwo,f,1996-01-19,single,Lagos,Ops,Relationship Officer,Mid-Level,Contract,"May 30, 2017",20/11/2017,2020-02-05,439000,6,22,zainab.okonkwo@apexbank,08082622926,,ACTIVE
APX0710,Garba Isah,M,13/03/1985,S,Sokoto,Accounts,Risk Officer,Mid-Level,Contract,10/01/2012,27/06/2012,2013-09-26,465000,5,20,garba.isah@apexbank,0803512,,ACTIVE
APX0711,Fatima Balogun,female,1992-01-14,D,Port Harcourt,CUSTOMER SERVICE,CFO,Director,Full-Time,2016-09-09,"February 19, 2017","July 7, 2021","?1,728,000",1,6,fatima.balogun@apexbank.com,08026227014,,ACTIVE
APX0712,R@sheed Oladele,male,01/02/1977,MARRIED,Ilorin,FINANCE,Senior IT Officer,Senior,Full-Time,13/05/2017,2017-03-08,"March 13, 2020","?799,000",2,0,rasheed.oladele@apexbank.com,0809-777-1297,,Active
APX0713,  Obiageli Bello,F,"August 27, 1982",D,Asaba,Corp Banking,Risk Officer,Mid-Level,permanent,"October 9, 2014",21/04/2015,2017-07-21,364000,2,11,obiageli.bello@apexbank.ng,0803342,,active
APX0714,Chidinma Ojo,female,1985-01-10,Divorced,Sokoto,R&C,Senior Analyst,Mid-Level,Permanent,29/06/2019,13/01/2020,2019-01-16,394000,5,11,chidinma.ojo@apexbank.ng,08051542611,"June 15, 2022",Terminated
APX0715,  Nnek@ Yusuf,female,1991-07-21,DIVORCED,Lagos,FINANCE,Branch Manager,Manager,contract,"January 26, 2011",2011-07-14,10/09/2012,N/A,2,44,nneka.yusuf@apexbank.com,08073571657,,ACTIVE
APX0716,Ekaette Uche,female,08/02/1985,MARRIED,Sokoto,Retail,CFO,Director,permanent,02/02/2019,"July 7, 2019",2021-01-08,-262558,4,12,ekaette.uche@apexbank.ng,0802303,,Active
APX0717,Yetunde Agu,FEMALE,"July 11, 1978",single,Kano,Retail Banking,CFO,Director,contract,20/12/2013,15/06/2014,"February 1, 2015",3013000,1,17,yetunde.agu@apexbank.ng,0805209,,ACTIVE
APX0718,Tunde Taiwo,Male,"October 22, 1976",divorced,Enugu,H.R,Head of Retail,Director,Full Time,18/10/2017,2018-04-04,2020-11-07,1666000,2,5,tunde.taiwo@apexbank.com,08027899403,,ACTIVE
APX0719,Ibrahim Ibrahim,Male,"March 17, 1979",Divorced,Kaduna,Compliance,Customer Rep,Junior,PERMANENT,14/02/2017,12/09/2017,"May 23, 2021",N/A,5,22,ibrahim.ibrahim@apexbank.com,0806683,,Active
APX0720,Lanre Anyanwu,m,1988-03-12,Divorced,Calabar,Finance & Accounts,HR Executive,Mid-Level,Permanent,20/02/2023,25/07/2023,"January 1, 2024",582000,3,9,lanre.anyanwu@apexbank.ng,08050023767,,active
APX0721,Ebuka Ibrahim,m,24/12/1982,SINGLE,Port Harcourt,Ops,Senior Credit Officer,Senior,permanent,"November 13, 2010",20/04/2011,"May 20, 2012","?855,000",5,2,ebuka.ibrahim@apexbank.ng,0804-415-3321,,active
APX0722,Lanre Nnaji,M,29/07/1973,M,Enugu,Finance & Accounts,Chief Risk Officer,Director,CONTRACT,2023-07-14,17/12/2023,22/11/2024,N/A,1,8,lanre.nnaji@apexbank,0807175,,ACTIVE
APX0723,Toyin Okafor,f,24/10/1978,Married,Ibadan,CORP,Senior Credit Officer,Senior,Permanent,10/01/2019,"August 1, 2019",2020-07-16,747000,4,5,toyin.okafor@@apexbank.ng,08063341174,2022-11-09,Exited
APX0724,Nnamdi Ekwu,male,1984-02-29,SINGLE,Ilorin,Customer Service,HR Officer,Junior,contract,"September 22, 2023",21/02/2024,"January 1, 2024",-136993,3,5,nnamdi.ekwu@apexbank.com,0808-437-4373,,active
APX0725,Seun Bankole,Male,1971-02-06,married,Benin City,IT,Banking Executive,Mid-Level,CONTRACT,11/06/2018,2018-11-23,2019-07-25,N/A,1,4,seun.bankole@apexbank.com,0809062,,active
APX0726,Uche Salami,m,21/12/1991,DIVORCED,Enugu,Retail Banking,Executive Director,Director,Contractor,2020-12-12,"June 16, 2021",20/07/2024,2324000,4,2,uche.salamiapexbank,0806-531-3128,,Active
APX0727,  Felix Ogunyemi,M,"November 9, 1975",Divorced,Ibadan,Risk,Senior IT Officer,Senior,Permanent,28/11/2022,"April 27, 2023",01/01/2024,826000,1,21,felix.ogunyemi@apexbank,0806-742-0592,13/03/2025,exited
APX0728,Chidinma Eze,F,06/12/1998,DIVORCED,Kaduna,CORP,Compliance Officer,Junior,Contract,23/11/2011,01/05/2012,2013-09-08,328000,2,14,chidinma.eze@apexbank.ng,0806702,,Active
APX0729,Dolapo Idris,F,"March 25, 1994",Divorced,Sokoto,Human Resource,Group Head,Director,PERMANENT,"October 28, 2023",2024-04-08,01/01/2024,1841000,5,19,dolapo.idris@apexbank.com,0808-701-6371,,active
APX0730,Babatunde Ojo,Male,1975-09-28,Divorced,Maiduguri,Corp Banking,IT Executive,Mid-Level,permanent,2012-01-20,"August 12, 2012",27/01/2014,539000,3,3,babatunde.ojo@apexbank.com,0809592,,ACTIVE
APX0731,Wale Ekwu,MALE,1984-11-06,S,Calabar,I.T,IT Support,Junior,contract,23/11/2012,"June 16, 2012",2014-01-16,283000,2,6,wale.ekwu@apexbank.com,08017053557,,Active
APX0732,Rita Balogun,FEMALE,14/07/1976,Married,Abuja,Corporate Banking,Finance Manager,Manager,contract,"May 13, 2013","October 25, 2013",2015-06-09,"?1,104,000",4,15,rita.balogun@apexbank.ng,0804755,,active
APX0733,Chibuzor Uche,m,1996-08-03,divorced,Kano,Finance & Accounts,Customer Rep,Junior,Full-Time,2021-12-24,"July 3, 2022",26/11/2024,210000,2,9,chibuzor.uche@apexbank,0803-648-3519,,Active
APX0734,Grace Yusuf,FEMALE,"September 4, 1998",DIVORCED,Ibadan,Retail Banking,Risk Manager,Manager,Full-Time,"July 25, 2013","February 16, 2014",2016-09-26,1169000,2,1,grace.yusuf@apexbank,0807672,,Active
APX0735,Chidinma Akinwale,female,09/10/1986,divorced,Abeokuta,Corp Banking,Senior Risk Officer,Senior,CONTRACT,"May 14, 2021",2021-11-25,"February 14, 2023",702000,5,5,chidinma.akinwale@apexbank,0802913,"November 14, 2023",Terminated
APX0736,Wale Uche,M,"April 6, 1987",single,Asaba,Retail Banking,Director of Operations,Director,Contract,07/02/2012,"August 16, 2012","July 7, 2016","2,427,000",5,8,wale.uche@apexbank.com,0801195,,ACTIVE
APX0737,Ibrahim Okafor,M,"November 8, 1988",Divorced,Sokoto,Retail Banking,Risk Manager,Manager,Contract,"January 1, 2015","July 29, 2015",19/03/2019,1313000,5,21,ibrahim.okaforapexbank.ng,08019803193,,Active
APX0738,Tunde Anyanwu,Male,"January 29, 1997",DIVORCED,Abuja,Retail Bank,Senior Credit Officer,Senior,contract,15/10/2020,24/03/2021,22/07/2023,706000,1,16,tunde.anyanwu@apexbank.com,0801 5306500,,active
APX0739,Eniola Yusuf,Female,05/03/1974,DIVORCED,Kaduna,Retail Banking,Credit Analyst,Junior,Contractor,"August 30, 2021",2022-02-06,2024-12-02,N/A,5,16,eniola.yusuf@apexbank.com,08026999008,,active
APX0740,Mohammed Olanrewaju,m,"June 16, 1997",MARRIED,Port Harcourt,Retail Banking,Group Head,Director,Full-Time,2023-02-01,"July 12, 2023",01/01/2024,"?3,287,000",3,14,mohammed.olanrewaju@apexbank.ng,0804-491-3979,,active
APX0741,  Funmilayo Balogun,f,12/04/1972,Divorced,Kano,Cust Service,Compliance Officer,Junior,Contract,20/08/2013,2014-03-13,2016-03-20,257000,3,11,funmilayo.balogun@apexbank,08014874641,,Active
APX0742,Damilola Akinwale,female,07/12/1987,Single,Owerri,HR,HR Executive,Mid-Level,Contract,2014-10-24,2015-04-22,"January 11, 2017",N/A,0,13,damilola.akinwale@apexbank.ng,0805 8860790,,ACTIVE
APX0743,Jibril Bassey,m,26/08/1977,Married,Ibadan,CS,Senior Risk Officer,Senior,permanent,2020-05-11,05/11/2020,18/09/2022,0,3,12,jibril.bassey@apexbank.ng,0808-680-0949,,active
APX0744,Felix Ibrahim,Male,10/09/1984,Married,Abeokuta,Tech,IT Executive,Mid-Level,Contract,2023-08-24,"February 1, 2024",01/01/2024,365000,2,21,felix.ibrahim@apexbank.ng,08067097830,,Active
APX0745,Obiageli Olanrewaju,f,16/06/1983,S,Ibadan,H.R,Regional Manager,Manager,Permanent,13/07/2018,21/12/2018,2023-05-26,"1,386,000",4,20,obiageli.olanrewaju@apexbank,08024971967,,active
APX0746,Sola Eze,male,11/02/1993,D,Kano,Corporate,Risk Manager,Manager,Full-Time,2017-05-02,2017-11-05,03/08/2020,1487000,3,42,sola.eze@apexbank.ng,0802-106-6589,,active
APX0747,Jumoke Lawal,Female,17/07/1974,D,Abeokuta,Accounts,HR Executive,Mid-Level,permanent,"October 13, 2013",29/04/2014,2018-01-06,467000,3,22,jumoke.lawal@apexbank.com,0801 7888692,,ACTIVE
APX0748,Vivian Nnaji,f,11/01/1981,MARRIED,Abeokuta,Human Resources,Executive Director,Director,PERMANENT,15/04/2021,2021-10-25,"April 19, 2022",3330000,4,19,vivian.nnaji@apexbank.com,08076316988,,ACTIVE
APX0749,S@ndra Aliyu,F,13/11/1988,single,Kano,Cust Service,IT Executive,Mid-Level,permanent,"April 28, 2016","November 16, 2016",10/07/2018,"478,000",5,13,sandra.aliyu@apexbank.com,0805 0175960,2023-04-26,Active
APX0750,Peter Olanrewaju,m,1996-04-04,divorced,Port Harcourt,OPERATIONS,Senior Risk Officer,Senior,CONTRACT,2017-10-01,20/04/2018,"July 18, 2021","?914,000",3,5,peter.olanrewaju@apexbank.com,08056034199,,Active
APX0751,Blessing Fola,F,"April 18, 1972",S,Abuja,Corp Banking,Senior HR Officer,Senior,Contractor,2015-04-26,"October 7, 2015","June 28, 2017","894,000",3,16,blessing.fola@apexbank,08083715691,,ACTIVE
APX0752,Nneka Dike,f,1975-08-12,Single,Ilorin,Cust Service,Banking Officer,Junior,permanent,2014-06-08,22/11/2014,"October 26, 2018","?215,000",1,11,nneka.dike@apexbank.ng,0806533,,Active
APX0753,Ebuka Okonkwo,male,1980-12-26,divorced,Kaduna,Retail,Compliance Officer,Junior,permanent,22/06/2022,2022-12-27,2024-06-05,"?214,000",4,16,ebuka.okonkwo@apexbank.com,0802444,07/08/2025,Terminated
APX0754,Samuel Olanrewaju,M,"August 31, 1981",DIVORCED,Calabar,CS,Director of Operations,Director,CONTRACT,05/04/2019,16/10/2019,22/08/2021,N/A,4,10,samuel.olanrewaju@apexbank.ng,0801 0133007,,active
APX0755,Ada Salami,F,02/07/1986,SINGLE,Ilorin,Retail Bank,Group Head,Director,Full Time,"January 23, 2014",2014-08-18,"April 18, 2017",3490000,4,8,ada.salami@apexbank.com,0808257,,ACTIVE
APX0756,Felix Oladele,M,1978-08-26,Single,Owerri,IT,Chief Risk Officer,Director,permanent,2014-11-17,31/05/2015,2018-04-07,N/A,5,9,felix.oladele@@apexbank.com,0806 3042995,,Active
APX0757,Jumoke Ekwu,female,25/11/1970,DIVORCED,Port Harcourt,ICT,Relationship Officer,Mid-Level,Permanent,31/07/2023,"December 29, 2023","January 1, 2024",N/A,5,9,jumoke.ekwu@,0806435,,Active
APX0758,Sandra Dike,Female,"December 9, 1992",SINGLE,Calabar,Operation,CFO,Director,PERMANENT,2012-06-08,"December 30, 2012","June 29, 2015",1824000,4,5,sandra.dike@apexbank.ng,08091590146,05/08/2023,active
APX0759,  Garba Nwosu,MALE,1980-03-18,Married,Maiduguri,Operation,Executive Director,Director,permanent,"November 25, 2023",22/08/2014,2024-01-01,3345000,3,16,garba.nwosu@apexbank.com,08075951520,,ACTIVE
APX0760,Damilola Aliyu,FEMALE,1993-11-06,divorced,Kano,Corporate Banking,IT Support,Junior,Contract,2012-03-09,"October 3, 2012",2015-05-05,"347,000",2,16,damilola.aliyu@apexbank,0806109,,Active
APX0761,Lanre Idris,male,1986-08-06,Single,Kaduna,Customer Service,Team Lead,Senior,Contractor,"April 7, 2018","September 6, 2018","October 13, 2022",914000,5,18,lanre.idris@apexbank,0801 6878845,,Active
APX0762,Adaeze Okonkwo,female,1994-07-25,D,Uyo,Retail Banking,Relationship Officer,Mid-Level,PERMANENT,"May 1, 2018",21/11/2018,26/04/2022,490000,2,4,adaeze.okonkwo@apexbank.ng,0804-332-2606,,ACTIVE
APX0763,Fatima Balogun,FEMALE,03/12/1990,Single,Lagos,Finance,Risk Officer,Mid-Level,PERMANENT,22/02/2015,07/09/2015,23/02/2019,412000,5,16,fatima.balogun@apexbank.com,0808 5599716,,ACTIVE
APX0764,Sola Obi,male,18/10/1996,M,Kaduna,Retail Bank,Regional Manager,Manager,CONTRACT,15/05/2017,"November 5, 2017",2022-03-24,"1,377,000",1,10,sola.obi@apexbank.com,0805022,,Active
APX0765,Jumoke Ibrahim,female,1998-04-16,MARRIED,Abeokuta,CUSTOMER SERVICE,Risk Manager,Manager,CONTRACT,10/09/2010,2011-02-10,2012-01-10,1134000,5,18,jumoke.ibrahim@apexbank,0807 5016430,03/04/2014,Exited
APX0766,Chidinma Eze,female,23/12/1998,Divorced,Kano,Finance,Senior IT Officer,Senior,Contract,"April 14, 2018",2018-09-22,2023-01-08,"637,000",4,4,chidinma.eze@,0806-047-3326,,Active
APX0767,Uche Olanrewaju,MALE,1991-02-04,S,Port Harcourt,OPERATIONS,CFO,Director,Full Time,"April 18, 2022",11/11/2022,2024-01-01,3232000,2,14,uche.olanrewaju@apexbank,0807427,,ACTIVE
APX0768,Chibuzor Owolabi,Male,"October 30, 1987",Single,Sokoto,RETAIL,Branch Manager,Manager,permanent,06/08/2023,2024-01-25,2024-01-01,1260000,4,2,chibuzor.owolabi@apexbank.ng,0803331,,ACTIVE
APX0769,Eniola Achebe,female,1997-07-03,married,Calabar,Retail Bank,Senior Risk Officer,Senior,CONTRACT,2015-01-12,2015-07-25,06/03/2018,"719,000",3,1,eniola.achebeapexbank.ng,0803-286-2646,2016-06-17,exited
APX0770,Vivian Balogun,female,1976-02-14,S,Abeokuta,Tech,Senior HR Officer,Senior,Contract,2014-12-14,"July 5, 2015",14/08/2016,"936,000",1,10,vivian.balogun@apexbank.ng,0802 9902584,,ACTIVE
APX0771,Sola Salami,M,1993-09-11,divorced,Asaba,Corporate,Compliance Officer,Junior,contract,30/05/2010,14/12/2010,"December 29, 2014",310000,4,6,sola.salami@apexbank.com,0803127,,active
APX0772,Samuel Taiwo,MALE,1983-10-15,M,Abeokuta,Corporate,IT Support,Junior,Permanent,05/04/2016,15/10/2016,2017-05-20,2093054,5,17,samuel.taiwo@apexbank,08036186005,,Active
APX0773,Segun Taiwo,Male,"March 28, 1987",DIVORCED,Calabar,hr,IT Support,Junior,Contract,"July 24, 2015",10/01/2016,24/08/2017,"214,000",5,5,segun.taiwo@apexbank.com,0805 5527235,04/09/2019,Resigned
APX0774,Kola Aliyu,Male,18/03/1991,divorced,Ilorin,Finance & Accounts,Group Head,Director,Full-Time,18/04/2014,09/11/2014,2015-09-02,2684000,0,8,kola.aliyu@apexbank.com,0801-218-8060,,Active
APX0775,Segun Lawal,MALE,19/02/1997,Divorced,Ibadan,R&C,CFO,Director,PERMANENT,2015-01-08,07/07/2015,"May 3, 2017",1708000,1,12,segun.lawal@apexbank.ng,08090403350,,Active
APX0776,Queen Ekwu,f,09/06/1974,SINGLE,Port Harcourt,Finance & Accounts,Credit Analyst,Junior,CONTRACT,2021-12-29,06/07/2022,2024-01-01,245000,5,12,queen.ekwu@apexbank,08040907062,,Active
APX0777,Queen Olanrewaju,F,"July 27, 1976",DIVORCED,Maiduguri,CORP,Executive Director,Director,Contract,"October 11, 2022","April 4, 2023",2024-01-01,3297000,4,11,queen.olanrewaju@apexbank.com,0804-684-2715,26/12/2027,Exited
APX0778,Jumoke Taiwo,f,25/01/1996,single,Kano,Customer Care,Finance Manager,Manager,Contractor,2015-11-22,2016-05-17,2019-04-20,"?1,451,000",1,33,jumoke.taiwo@apexbank.ng,0807664,,Exited
APX0779,  Ngozi Salami,Female,"May 1, 1991",S,Uyo,Information Technology,Credit Analyst,Junior,CONTRACT,"March 4, 2015","September 30, 2015",18/04/2019,242000,4,6,ngozi.salami@apexbank.com,0804-160-3325,,Active
APX0780,Rex Ogunyemi,MALE,13/08/1976,D,Abuja,Retail,Banking Officer,Junior,Full Time,"September 18, 2012","April 11, 2013",2014-06-24,202000,1,6,rex.ogunyemiapexbank,0808-682-9570,,active
APX0781,Seun Owolabi,M,27/12/1975,D,Ilorin,Information Technology,Executive Director,Director,permanent,31/10/2013,10/04/2014,18/04/2017,3378000,3,11,seun.owolabi@apexbank,0802 6637263,,Active
APX0782,Dayo Balogun,Male,1970-10-30,S,Abuja,Operations,Group Head,Director,PERMANENT,25/05/2022,2022-11-08,"January 1, 2024","?1,952,000",5,8,dayo.balogun@apexbank.ng,08010166590,,Active
APX0783,Obinna Nnaji,Male,1974-12-03,S,Kaduna,CS,Compliance Officer,Junior,Full-Time,2012-09-06,2013-02-10,05/08/2015,"?326,000",5,7,obinna.nnaji@apexbank.com,08019901070,05/04/2018,exited
APX0784,Jibril Musa,Male,"December 19, 1992",M,Asaba,OPERATIONS,HR Executive,Mid-Level,CONTRACT,09/05/2016,14/11/2016,2019-04-25,578000,3,21,jibril.musa@apexbank,0808 7708816,,Active
APX0785,Ife@nyi Anyanwu,m,26/07/1978,married,Maiduguri,Retail Bank,Chief Risk Officer,Director,Permanent,14/04/2019,"December 27, 2018",05/07/2021,2548000,4,7,ifeanyi.anyanwu@apexbank.com,0806 3066433,,ACTIVE
APX0786,Vivian Dike,f,1972-07-20,Single,Uyo,OPERATIONS,Finance Manager,Manager,Permanent,05/03/2015,"August 27, 2015",2017-03-23,"?1,382,000",2,15,vivian.dike@apexbank,0801 4974227,"June 26, 2018",Exited
APX0787,Ekaette Nwosu,Female,18/04/1990,M,Calabar,Retail Banking,IT Manager,Manager,permanent,2011-07-22,"December 28, 2011",2015-02-16,0,4,1,ekaette.nwosu@apexbank.com,0804 7494932,,active
APX0788,Ifeoma Bassey,female,1985-01-19,D,Calabar,Information Technology,Regional Manager,Manager,Contract,2023-01-05,"July 7, 2023",04/12/2024,1498000,2,8,ifeoma.bassey@apexbank.ng,0803 6454747,,exited
APX0789,Haruna Bassey,m,"November 10, 1986",Married,Calabar,Corp Banking,Senior Manager,Senior,permanent,10/03/2011,2011-10-02,21/12/2014,929000,3,18,haruna.bassey@apexbank.com,08077512200,,ACTIVE
APX0790,Jumoke Olanrewaju,female,1978-12-29,M,Abuja,Retail Bank,Banking Officer,Junior,Contract,2014-08-16,13/02/2015,"November 9, 2017",302000,1,9,jumoke.olanrewaju@apexbank,0806522,,Active
APX0791,Grace Olanrewaju,female,1985-07-19,married,Ilorin,CORP,Executive Director,Director,contract,04/09/2022,28/02/2023,"December 12, 2024",3235000,4,10,grace.olanrewaju@apexbank.ng,0808 1219128,,active
APX0792,Nkechi Nnaji,f,"February 5, 1990",SINGLE,Lagos,Corp Banking,HR Manager,Manager,contract,08/05/2020,01/11/2020,2024-01-01,1094000,4,15,nkechi.nnaji@apexbank.ng,0806-658-8385,,ACTIVE
APX0793,Rex Salami,M,1976-05-25,DIVORCED,Abuja,FINANCE,CFO,Director,Full Time,"September 23, 2021",2022-04-16,31/05/2023,2771000,1,7,rex.salami@apexbank,0803407,,active
APX0794,Mohammed Okonkwo,male,"May 23, 1978",M,Kano,Operations,Compliance Officer,Junior,permanent,2018-10-31,2019-05-23,2019-12-04,341000,2,4,mohammed.okonkwo@apexbank,0801084,2023-12-18,ACTIVE
APX0795,Kunle Adeleke,male,1974-01-11,S,Enugu,CORP,Senior Risk Officer,Senior,Contractor,"February 4, 2020","August 28, 2020",24/01/2022,874000,1,6,kunle.adeleke@apexbank.ng,0805-194-6710,,active
APX0796,Bello Idris,Male,17/10/1970,Married,Asaba,Corporate Banking,Team Lead,Senior,CONTRACT,02/04/2018,"August 31, 2018",2017-07-14,871000,1,14,bello.idris@apexbank.ng,08014346357,,active
APX0797,Lara Bankole,female,1982-06-19,DIVORCED,Kano,OPERATIONS,IT Support,Junior,permanent,23/11/2021,"May 23, 2022","June 18, 2024",2373521,4,14,lara.bankole@apexbank,0808273,,Active
APX0798,Ebuka Akinwale,Male,"November 24, 1978",MARRIED,Kano,OPERATIONS,Senior Analyst,Mid-Level,Permanent,"June 23, 2013",2013-12-20,"November 21, 2016","427,000",2,19,ebuka.akinwale@apexbank.com,08022681286,,active
APX0799,Sandra Oluwole,F,1998-12-06,D,Abeokuta,Ops,Chief Risk Officer,Director,Contract,2023-05-26,2023-12-02,"January 1, 2024",0,4,12,sandra.oluwole@apexbank,0804-506-1616,,ACTIVE
APX0800,Nasiru Musa,MALE,"March 18, 1997",Single,Uyo,Finance & Accounts,Senior Risk Officer,Senior,CONTRACT,"November 5, 2023","May 31, 2024",2014-02-02,695000,5,16,nasiru.musa@apexbank,0804-399-1610,,active
APX0801,  Yetunde Eze,f,13/07/1977,M,Calabar,OPERATIONS,Head of Retail,Director,CONTRACT,2018-02-27,04/09/2018,"January 3, 2023",2411000,1,11,yetunde.eze@apexbank.ng,0807764,"January 13, 2020",Exited
APX0802,Tunde Nnaji,m,26/06/1995,SINGLE,Ilorin,Fin,Team Lead,Senior,Full Time,"July 6, 2017",24/12/2017,08/12/2021,809000,2,16,tunde.nnaji@apexbank.com,0802-802-5835,,active
APX0803,Seun Adeleke,male,1984-12-03,single,Ibadan,FINANCE,Team Lead,Senior,CONTRACT,"July 23, 2016","January 14, 2017",2018-01-18,"922,000",1,19,seun.adeleke@apexbank.com,08091918123,,active
APX0804,Rex Ibrahim,male,14/11/1992,D,Kaduna,Ops,Teller,Junior,permanent,18/11/2022,2023-04-19,01/01/2024,"190,000",1,3,rex.ibrahim@apexbank.ng,08010071213,,active
APX0805,Fatima Nnaji,FEMALE,13/10/1986,MARRIED,Abuja,Finance & Accounts,Senior Analyst,Mid-Level,Permanent,"December 30, 2014",07/07/2014,"October 16, 2019",490000,2,18,fatima.nnaji@apexbank.ng,0806 0446250,,active
APX0806,Kunle Anyanwu,MALE,"May 4, 1978",D,Benin City,I.T,HR Officer,Junior,contract,2015-05-30,"November 29, 2015","April 3, 2020",340000,2,17,kunle.anyanwu@apexbank.com,0803 7238028,"May 18, 2017",Terminated
APX0807,Victoria Bankole,FEMALE,"September 30, 1997",married,Enugu,Tech,Head of Credit,Manager,PERMANENT,2020-08-19,2021-02-25,2023-06-26,"1,161,000",1,17,victoria.bankole@apexbank.ng,0809-847-8946,"August 17, 2023",Active
APX0808,Lanre Adeleke,male,"March 23, 1991",M,Uyo,R&C,Banking Executive,Mid-Level,permanent,22/11/2016,"April 25, 2017",2019-03-09,471000,4,1,lanre.adeleke@apexbank.com,0809 7501085,,Active
APX0809,Femi Ogunyemi,Male,30/08/1977,married,Abeokuta,Operations,Executive Director,Director,PERMANENT,2021-10-10,"April 18, 2022","January 1, 2024",1702000,1,21,femi.ogunyemi@apexbank,08027902114,,active
APX0810,Blessing Aliyu,f,1988-11-27,S,Uyo,Finance & Accounts,Senior HR Officer,Senior,Contract,"April 15, 2010","October 28, 2010",29/08/2012,"949,000",5,18,blessing.aliyu@apexbank.com,0808941,,active
APX0811,Tunde Akinwale,M,"November 17, 1970",married,Abeokuta,hr,CFO,Director,PERMANENT,2013-06-11,2013-11-25,"September 18, 2015",2815000,4,8,tunde.akinwale@,0802-522-1307,,Exited
APX0812,S@ndra Bello,FEMALE,"March 19, 1971",DIVORCED,Kaduna,Operation,Customer Rep,Junior,Permanent,04/04/2014,23/09/2014,06/09/2018,N/A,2,3,sandra.bello@apexbank.ng,0806-940-4243,,active
APX0813,Chinwe Idris,Female,1987-05-26,MARRIED,Lagos,Compliance,Customer Rep,Junior,permanent,23/09/2015,2016-04-02,"November 3, 2018","?288,000",4,20,chinwe.idris@apexbank,0807 8374033,,active
APX0814,Fatima Fola,FEMALE,1986-04-04,M,Port Harcourt,,HR Manager,Manager,contract,2014-12-24,"June 15, 2015",03/04/2019,1167000,5,18,fatima.fola@apexbank,0803 0029998,,active
APX0815,  Kunle Mohammed,M,1994-11-21,SINGLE,Asaba,Corp Banking,Regional Manager,Manager,Contract,23/09/2022,"February 22, 2023",01/01/2024,1286000,5,5,kunle.mohammed@apexbank.ng,0809-680-7558,,Terminated
APX0816,Emeka Yusuf,MALE,2010-11-19,M,Uyo,,Senior Manager,Senior,permanent,2016-11-23,2017-05-10,06/01/2019,757000,5,19,emeka.yusuf@,0801-561-8543,,ACTIVE
APX0817,Biodun Ekwu,M,1993-10-28,DIVORCED,Kano,Fin,HR Executive,Mid-Level,contract,"December 20, 2015","July 13, 2016",11/12/2018,N/A,7,20,biodun.ekwu@apexbank.ng,0809-819-4271,,active
APX0818,Peter Bankole,Male,05/02/1985,DIVORCED,Ibadan,Corporate,Team Lead,Senior,PERMANENT,08/01/2016,27/06/2016,2018-08-24,741000,5,2,peter.bankole@apexbank.com,08033516424,,active
APX0819,Funmilayo Nnaji,female,1995-03-29,M,Kaduna,Risk/Compliance,Group Head,Director,Full Time,2012-01-03,"June 18, 2012","May 31, 2015","?2,356,000",1,22,funmilayo.nnaji@apexbank.ng,0802 2479679,,active
APX0820,Blessing Balogun,Female,1986-09-20,Single,Ibadan,OPERATIONS,Senior Credit Officer,Senior,PERMANENT,20/08/2023,"January 28, 2024",2024-01-01,712000,1,13,blessing.balogun@apexbank.ng,0806-513-4005,,ACTIVE
APX0821,Patience Fola,female,"January 20, 1992",divorced,Benin City,CS,Banking Executive,Mid-Level,Permanent,03/04/2018,2018-10-03,2019-08-25,"422,000",3,21,patience.fola@apexbank,0805 5681419,,Active
APX0822,Jumoke Isah,female,1979-06-22,DIVORCED,Owerri,Risk/Compliance,Regional Manager,Manager,Contractor,02/01/2017,18/07/2017,19/12/2019,1260000,1,1,jumoke.isah@apexbank,0803-879-2790,,active
APX0823,Garba Adeleke,MALE,"April 21, 1991",SINGLE,Kano,Information Technology,Customer Rep,Junior,Contractor,"May 24, 2014","December 12, 2014","January 5, 2017",302000,2,11,garba.adeleke@apexbank.com,0809994,,ACTIVE
APX0824,Helen Adeleke,FEMALE,09/01/1991,Divorced,Enugu,ICT,Group Head,Director,CONTRACT,03/03/2014,2014-09-28,2018-12-01,N/A,4,5,helen.adeleke@apexbank,0802041,"August 15, 2019",exited
APX0825,  Adaeze Olanrewaju,f,09/10/1996,M,Lagos,Human Resources,Director of Operations,Director,Full-Time,2013-06-21,26/11/2013,2017-08-01,2197000,1,13,adaeze.olanrewaju@apexbank.ng,0807063,,Active
APX0826,Mohammed Oluwole,MALE,22/10/1975,single,Benin City,Risk,Senior Risk Officer,Senior,Contract,"July 1, 2019",03/01/2020,"May 6, 2024",700000,3,3,mohammed.oluwole@apexbank,0809-144-3068,,active
APX0827,Nkechi Uche,F,1983-11-22,married,Asaba,Risk,Compliance Officer,Junior,Permanent,03/06/2020,"November 12, 2020",2024-04-03,339000,4,9,nkechi.uche@apexbank.ng,0808-229-0146,,active
APX0828,Kemi Anyanwu,female,18/05/1983,S,Owerri,Retail Bank,Senior Manager,Senior,Contractor,30/11/2010,06/05/2011,12/05/2012,766000,4,20,kemi.anyanwuapexbank.ng,0806 6395215,,active
APX0829,Ifeoma Achebe,FEMALE,"May 1, 1982",Married,Asaba,Retail,Senior HR Officer,Senior,Contract,10/08/2021,2022-01-23,"January 1, 2024",N/A,2,14,ifeoma.achebe@apexbank.com,0807 3480180,,Active
APX0830,  Kunle Yusuf,m,29/11/1980,DIVORCED,Benin City,Retail Banking,Senior HR Officer,Senior,Full-Time,28/12/2010,"July 9, 2011",2014-03-20,"?765,000",2,19,kunle.yusuf@apexbank.ng,0809-578-2615,,Active
APX0831,Damilola Okafor,female,"February 5, 1985",Divorced,Lagos,Customer Care,Team Lead,Senior,PERMANENT,"February 5, 2023",2023-07-09,01/01/2024,N/A,1,19,damilola.okafor@apexbank,0807 5872709,,active
APX0832,Lara Fola,f,"October 30, 1970",Single,Enugu,RETAIL,Branch Manager,Manager,Permanent,"April 1, 2023",06/10/2023,"June 10, 2024",1301000,5,19,lara.fola@apexbank,0801 0547884,,ACTIVE
APX0833,Rex Igwe,m,1992-10-07,divorced,Kaduna,R&C,Director of Operations,Director,Contract,"March 28, 2012","October 1, 2012",06/01/2015,2293000,5,20,rex.igwe@apexbank.ng,0809-273-9597,,ACTIVE
APX0834,Mohammed Dike,MALE,1975-09-13,D,Ibadan,Retail,HR Executive,Mid-Level,Contract,20/05/2021,2021-11-26,02/09/2024,"?467,000",4,0,mohammed.dike@@apexbank,0807707,"April 1, 2023",exited
APX0835,Jumoke Badmus,Female,1989-04-19,single,Owerri,Operation,Senior IT Officer,Senior,contract,2014-07-10,"January 8, 2015",27/02/2018,"785,000",1,5,jumoke.badmus@apexbank.com,0804 7249513,,ACTIVE
APX0836,Tunde Adeleke,Male,1970-08-28,S,Owerri,Human Resource,Senior Risk Officer,Senior,contract,01/01/2021,2021-06-11,2023-04-26,855000,2,3,tunde.adeleke@apexbank.ng,0807-558-9955,,Active
APX0837,Funmilayo Eze,female,"September 26, 1995",DIVORCED,Port Harcourt,Retail Bank,Group Head,Director,CONTRACT,"February 19, 2016",28/08/2016,12/04/2019,2234000,4,8,funmilayo.eze@apexbank.com,0809-249-7363,,active
APX0838,Chibuzor Lawal,MALE,04/01/1998,SINGLE,Kaduna,Operation,Executive Director,Director,Full-Time,"February 7, 2012","August 11, 2012",11/07/2015,"3,012,000",3,18,chibuzor.lawal@apexbank,0809 2425347,,ACTIVE
APX0839,Biodun Okonkwo,m,01/10/1989,married,Abuja,Retail Bank,Chief Risk Officer,Director,Permanent,2013-06-14,2014-01-06,"September 26, 2014",3235000,4,20,biodun.okonkwo@apexbank,0806-847-0277,,ACTIVE
APX0840,Lanre Okonkwo,M,1977-09-30,Divorced,Abuja,Corporate,Head of Retail,Director,permanent,2023-02-12,2023-07-20,"January 1, 2024","1,623,000",3,4,lanre.okonkwo@apexbank.com,08039636068,,active
APX0841,Garba Bassey,male,"September 10, 1997",DIVORCED,Port Harcourt,Retail Banking,Senior Risk Officer,Senior,contract,"August 23, 2016","February 28, 2017","December 20, 2020",621000,4,8,garba.basseyapexbank.com,0805470,,active
APX0842,Segun Owolabi,MALE,24/09/1978,S,Maiduguri,hr,Chief Risk Officer,Director,Contractor,2012-04-02,2012-10-07,2015-07-24,N/A,4,16,segun.owolabi@apexbank.com,0807571,,ACTIVE
APX0843,Chukwuma Ekwu,male,"December 19, 1983",divorced,Owerri,ICT,HR Officer,Junior,Permanent,23/12/2020,22/05/2021,"October 14, 2022",277000,5,6,chukwuma.ekwu@apexbank.com,0807614,"July 21, 2025",exited
APX0844,  Sola Bankole,M,"January 19, 1973",single,Ilorin,Customer Care,IT Manager,Manager,Contract,2011-02-11,"August 15, 2011","September 26, 2015","1,327,000",3,11,sola.bankole@apexbank.com,0801213,,ACTIVE
APX0845,Biodun Okafor,m,1996-08-11,D,Abuja,Retail,Director of Operations,Director,permanent,"January 16, 2011",2011-06-20,"April 22, 2015","3,247,000",3,7,biodun.okafor@apexbank,0807 1731550,,Active
APX0846,Grace Obi,f,14/10/1980,Single,Kano,Risk/Compliance,Senior HR Officer,Senior,Permanent,"September 7, 2016",30/08/2014,"June 22, 2019",679000,4,0,grace.obi@apexbank,0801851,,active
APX0847,Garba Adeleke,male,1987-04-17,M,Ilorin,Corp Banking,Senior HR Officer,Senior,Contractor,2014-07-04,2014-12-29,"March 2, 2019",743000,2,21,garba.adeleke@apexbank.ng,0802351,,ACTIVE
APX0848,Rasheed Okafor,M,21/09/1993,S,Enugu,Information Technology,Head of Retail,Director,Contractor,2021-08-26,"February 24, 2022","July 5, 2024","?2,442,000",5,20,rasheed.okafor@apexbank,0804-424-1855,,Active
APX0849,Kemi Dike,female,1978-09-12,M,Asaba,Risk/Compliance,Finance Manager,Manager,Full Time,"August 27, 2017",23/03/2018,2022-01-24,1004000,3,2,kemi.dike@apexbank.com,08086693110,,active
APX0850,Vivian Adeyemi,FEMALE,1995-08-29,married,Maiduguri,Ops,HR Officer,Junior,CONTRACT,"March 21, 2020","August 31, 2020","April 21, 2021","?212,000",1,7,vivian.adeyemi@apexbank.com,08072172739,,active
APX0851,Dolapo Balogun,female,"August 31, 1996",MARRIED,Kaduna,I.T,CFO,Director,Permanent,"June 9, 2017",27/11/2017,"October 5, 2019","?2,043,000",5,17,dolapo.balogunapexbank.ng,08069910901,,Active
APX0852,Ifeanyi Taiwo,male,26/07/1990,M,Asaba,Risk/Compliance,Head of Credit,Manager,Full-Time,2017-06-14,"December 24, 2017","January 16, 2022","1,146,000",4,7,ifeanyi.taiwo@apexbank,0802-960-2121,"September 9, 2023",Resigned
APX0853,Rasheed Idris,m,29/09/1992,married,Asaba,Information Technology,IT Manager,Manager,PERMANENT,2021-02-23,14/08/2021,"January 1, 2024",1374000,5,1,rasheed.idris@apexbank,0805-289-0604,,ACTIVE
APX0854,Peter Badmus,Male,15/03/1984,MARRIED,Asaba,R&C,Senior IT Officer,Senior,Contractor,2020-08-17,14/02/2021,24/12/2024,,2,18,peter.badmus@apexbank.com,0806-420-4960,"June 9, 2025",Resigned
APX0855,Ngozi Mohammed,FEMALE,1993-08-31,Single,Benin City,Cust Service,Credit Analyst,Junior,Permanent,26/10/2019,27/04/2020,18/12/2023,181000,2,10,ngozi.mohammed@apexbank,08098311664,,Active
APX0856,Eniola Okonkwo,f,05/10/1976,married,Kano,H.R,Branch Manager,Manager,Contract,"February 14, 2019",21/07/2019,2023-03-24,1336000,5,13,eniola.okonkwo@apexbank.com,0805-124-6202,,active
APX0857,Chioma Mohammed,female,1975-09-30,single,Calabar,R&C,Head of Retail,Director,Contract,2021-11-15,2022-05-18,"May 26, 2023",3411000,1,5,chioma.mohammed@apexbank.ng,0805-048-0943,,ACTIVE
APX0858,Sandra Ojo,F,1987-04-11,single,Ilorin,CORP,Customer Rep,Junior,Full Time,"December 5, 2021",2022-05-05,25/12/2022,"?315,000",4,3,sandra.ojo@apexbank.ng,0803632,,Active
APX0859,Uche Ekwu,M,1990-05-08,divorced,Port Harcourt,H.R,Finance Manager,Manager,contract,2016-07-02,31/12/2016,11/02/2019,1078000,5,5,uche.ekwu@apexbank,0805 2717790,,ACTIVE
APX0860,Rex Achebe,MALE,09/09/1986,single,Enugu,Customer Service,Team Lead,Senior,contract,"January 9, 2018",14/07/2018,22/06/2022,"726,000",5,9,rex.achebe@apexbank.com,0806779,,Active
APX0861,Kemi Eze,Female,"March 7, 1998",MARRIED,Abeokuta,Fin,IT Manager,Manager,PERMANENT,"January 5, 2021","July 29, 2021",2023-02-18,1233000,2,22,kemi.eze@apexbank.com,0802-271-3891,,ACTIVE
APX0862,Babatunde Aliyu,male,"June 12, 1986",Single,Uyo,Operation,Senior HR Officer,Senior,Contractor,2023-02-14,11/08/2023,2024-01-01,"?871,000",5,22,babatunde.aliyu@apexbank,08014293905,"October 18, 2023",ACTIVE
APX0863,Ebuka Adewole,MALE,1988-05-04,DIVORCED,Asaba,Corporate,Teller,Junior,PERMANENT,"July 1, 2010",10/01/2011,23/11/2014,317000,2,9,ebuka.adewole@apexbank,0807720,,active
APX0864,Lanre Salami,MALE,"March 5, 1996",SINGLE,Ibadan,HR,Regional Manager,Manager,Permanent,2019-05-14,"November 6, 2019",2022-12-15,-281942,5,3,lanre.salami@apexbank.ng,0804997,,active
APX0865,Segun Idris,M,30/12/1970,DIVORCED,Owerri,Accounts,Team Lead,Senior,Contractor,01/09/2013,2014-03-28,"October 30, 2017",684000,4,11,segun.idris@apexbank.com,0809769,,active
APX0866,Obiageli Eze,Female,"June 30, 1991",divorced,Kaduna,Human Resources,Relationship Officer,Mid-Level,Contractor,"June 1, 2022",15/12/2022,"January 1, 2024",-391641,2,5,obiageli.eze@apexbank.ng,0805-088-6974,,active
APX0867,Kemi Ibrahim,F,"June 29, 1978",MARRIED,Kano,RETAIL,Senior Analyst,Mid-Level,contract,25/11/2014,04/10/2014,26/09/2017,525000,4,9,kemi.ibrahim@apexbank.ng,0806032,,Active
APX0868,Quadri Bankole,male,"January 15, 1984",D,Abuja,Ops,Team Lead,Senior,contract,"June 11, 2012",07/12/2012,"July 6, 2014",-148171,5,15,quadri.bankole@apexbank.ng,08020360998,,active
APX0869,Biodun Nnaji,m,"April 9, 1976",Married,Maiduguri,hr,Compliance Officer,Junior,PERMANENT,"November 2, 2014",05/05/2015,"November 23, 2016",266000,2,9,biodun.nnaji@apexbank.com,0804 3061836,,active
APX0870,Ifeanyi Ibrahim,M,25/06/1978,married,Asaba,RETAIL,HR Officer,Junior,Contractor,"December 31, 2023",2024-06-19,2024-01-01,342000,2,3,ifeanyi.ibrahim@apexbank,0801 3865862,,Active
APX0871,Kabiru Adewole,m,1995-09-25,Married,Abeokuta,CUSTOMER SERVICE,Risk Officer,Mid-Level,CONTRACT,2010-02-15,"August 26, 2010","September 17, 2011",530000,0,21,kabiru.adewole@apexbank.ng,0802-126-1424,,Active
APX0872,Rasheed Mohammed,MALE,18/06/1977,MARRIED,Uyo,Human Resources,Chief Risk Officer,Director,Contractor,13/06/2020,"November 10, 2020",21/10/2023,1788000,3,21,rasheed.mohammed@apexbank.com,0805 9269268,,active
APX0873,Babatunde Aliyu,male,"March 28, 1997",DIVORCED,Kaduna,Retail,Banking Officer,Junior,Permanent,"October 14, 2018",2019-03-30,"September 26, 2014",,5,9,babatunde.aliyu@apexbank.ng,08030244359,,ACTIVE
APX0874,Ifeanyi Oluwole,m,1988-05-07,SINGLE,Maiduguri,HR,Group Head,Director,Full-Time,15/10/2014,"March 15, 2015","December 11, 2015",2535000,2,15,ifeanyi.oluwole@apexbank,0804-182-7493,,ACTIVE
APX0875,Dayo Fola,MALE,1980-09-04,DIVORCED,Sokoto,FINANCE,HR Manager,Manager,Full Time,"August 9, 2012","January 29, 2013","November 29, 2016","?1,346,000",4,8,dayo.fola@apexbank.ng,0802258,,active
APX0876,R@sheed Oladele,m,15/08/1974,married,Lagos,hr,HR Manager,Manager,PERMANENT,24/06/2014,"November 28, 2014",21/03/2019,1356000,2,7,rasheed.oladele@apexbank.ng,0807241,,ACTIVE
APX0877,Kabiru Suleiman,Male,2010-02-28,single,Maiduguri,Corp Banking,Senior Risk Officer,Senior,contract,"December 11, 2023",2024-06-17,"January 1, 2024",797000,5,14,kabiru.suleiman@apexbank,0804 8234033,,ACTIVE
APX0878,Biodun Adeyemi,MALE,19/10/1983,D,Benin City,Retail,Banking Executive,Mid-Level,CONTRACT,"June 1, 2017",2017-12-12,2019-09-30,578000,1,9,biodun.adeyemi@apexbank.ng,0804944,,exited
APX0879,Segun Taiwo,MALE,"April 24, 1991",D,Abeokuta,Retail Banking,Head of Retail,Director,PERMANENT,27/06/2021,2021-12-22,"January 1, 2024",,4,12,segun.taiwo@apexbank.com,0802 2259487,,ACTIVE
APX0880,Kola Bankole,Male,20/03/1994,single,Ibadan,CUSTOMER SERVICE,Relationship Officer,Mid-Level,CONTRACT,2021-12-25,24/06/2022,2023-04-01,"?589,000",5,18,kola.bankole@apexbank,0805-816-6333,"June 1, 2027",Terminated
APX0881,Nneka Balogun,f,1970-08-28,Married,Calabar,Retail,Risk Officer,Mid-Level,permanent,2021-05-23,19/12/2021,01/01/2024,474000,1,4,nneka.balogun@apexbank,0801 5208974,,ACTIVE
APX0882,Obinna Isah,MALE,1976-08-23,Single,Calabar,RETAIL,Group Head,Director,Contractor,"September 21, 2010",18/02/2011,07/04/2014,"3,130,000",3,20,obinna.isah@apexbank.ng,0801 0181491,,Active
APX0883,Emeka Suleiman,Male,"June 10, 1985",SINGLE,Owerri,Operation,Team Lead,Senior,Contract,05/09/2022,"March 8, 2023",01/01/2024,"678,000",4,5,emeka.suleiman@apexbank.ng,08060377283,,active
APX0884,Ahmed Ojo,m,12/06/1991,M,Asaba,Ops,Executive Director,Director,CONTRACT,12/08/2017,2018-03-01,2019-09-06,1968000,5,1,ahmed.ojo@apexbank.com,08079018342,,ACTIVE
APX0885,Obinna Taiwo,male,22/08/1994,Single,Enugu,R&C,IT Support,Junior,CONTRACT,15/08/2018,"March 7, 2019",10/09/2022,"?274,000",2,10,obinna.taiwo@@apexbank.ng,0808 0513365,2021-01-20,Resigned
APX0886,Toyin Eze,f,24/08/1979,Married,Owerri,RETAIL,Senior HR Officer,Senior,Permanent,"July 5, 2012",21/12/2012,2014-02-17,N/A,3,11,toyin.eze@apexbank.com,0802-671-2137,,ACTIVE
APX0887,Rex Taiwo,m,"December 24, 1970",married,Maiduguri,Corp Banking,Executive Director,Director,contract,2013-02-22,2013-08-24,2017-01-07,"1,679,000",5,1,rex.taiwo@@apexbank.com,0807 7893330,,active
APX0888,Grace Musa,Female,"September 17, 1989",Divorced,Benin City,Ops,Senior HR Officer,Senior,Contract,"June 11, 2020",12/12/2020,2024-03-16,884000,1,4,grace.musaapexbank.ng,0802-276-1671,,active
APX0889,Bello Okonkwo,MALE,31/08/1984,Divorced,Ilorin,Finance & Accounts,CFO,Director,CONTRACT,"October 23, 2013","April 18, 2014",2016-10-11,3149000,3,32,bello.okonkwo@apexbank.ng,0801 2049152,,active
APX0890,  Uche Oluwole,Male,1983-06-21,M,Ibadan,Corporate,Banking Officer,Junior,Contract,2019-04-08,07/09/2019,"April 30, 2021",284000,1,13,uche.oluwole@apexbank,0803 9442796,,Active
APX0891,Ugochi Yusuf,Female,09/02/1974,M,Benin City,Operation,Risk Officer,Mid-Level,CONTRACT,"November 22, 2020",16/06/2021,2023-12-13,"?574,000",2,7,ugochi.yusuf@apexbank.ng,08027299975,,Active
APX0892,Femi Oluwole,m,05/05/1981,MARRIED,Kano,Customer Care,IT Support,Junior,Contract,24/08/2019,2020-03-14,2021-01-04,329000,3,0,femi.oluwole@,0808761,2023-07-06,Active
APX0893,Amaka Bello,Female,"April 16, 1973",M,Ibadan,Finance & Accounts,Relationship Officer,Mid-Level,Contractor,"November 4, 2013",12/04/2014,"January 25, 2015",481000,2,17,amaka.bello@apexbank.com,0804059,,active
APX0894,Rita Suleiman,Female,"February 13, 1970",single,Lagos,Operation,Senior Manager,Senior,Full-Time,2020-03-02,02/08/2020,"August 21, 2024",N/A,1,12,rita.suleiman@@apexbank.com,08046334426,01/08/2023,Active
APX0895,Helen Nnaji,female,1994-04-12,Divorced,Benin City,Risk/Compliance,Senior Credit Officer,Senior,PERMANENT,26/05/2014,2014-12-04,11/08/2018,682000,3,19,helen.nnaji@apexbank.com,08041638667,,active
APX0896,  Kola Dike,M,1980-06-08,M,Calabar,RETAIL,Branch Manager,Manager,Contract,"September 18, 2023",27/02/2024,01/01/2024,1204000,5,21,kola.dike@apexbank,08068786274,,active
APX0897,Kunle Idris,m,04/11/1997,S,Kaduna,Corporate,Senior Risk Officer,Senior,Full Time,15/04/2021,"November 4, 2021","February 22, 2023",N/A,3,8,kunle.idris@apexbank.ng,08052289100,,active
APX0898,Kabiru Ekwu,MALE,1977-09-28,S,Ibadan,Cust Service,Senior Risk Officer,Senior,contract,14/04/2014,28/10/2014,"December 13, 2016",677000,1,9,kabiru.ekwu@apexbank.com,0801823,2018-06-11,Exited
APX0899,Obiageli Balogun,FEMALE,1973-04-05,Single,Owerri,R&C,HR Executive,Mid-Level,contract,30/11/2020,02/06/2021,01/01/2024,564000,1,6,obiageli.balogun@apexbank.com,0801 2638199,,Active
APX0900,Obiageli Ekwu,female,"December 14, 1987",D,Ibadan,Ops,Chief Risk Officer,Director,PERMANENT,12/11/2013,12/05/2014,2015-07-06,1984000,2,13,obiageli.ekwu@apexbank.ng,0808518,,ACTIVE
APX0901,Haruna Salami,M,29/01/1971,M,Sokoto,RETAIL,Customer Rep,Junior,Contractor,2016-08-23,15/02/2017,2016-01-15,347000,3,4,haruna.salami@apexbank,0804-886-2951,,Active
APX0902,Nkechi Ojo,female,"April 18, 1970",single,Ibadan,hr,Senior Analyst,Mid-Level,Contract,15/12/2012,21/05/2013,15/01/2016,406000,3,17,nkechi.ojo@apexbank.com,0806212,,ACTIVE
APX0903,Nneka Oluwole,F,1993-01-09,divorced,Abeokuta,ICT,HR Manager,Manager,Contractor,13/03/2014,10/09/2014,"March 7, 2016","?1,001,000",4,13,nneka.oluwole@apexbank,0803-387-1576,"August 1, 2015",Resigned
APX0904,Emeka Bassey,Male,"December 14, 1998",MARRIED,Abuja,Cust Service,Director of Operations,Director,PERMANENT,25/08/2016,"January 27, 2017",2021-01-16,2199000,5,16,emeka.bassey@apexbank.com,08037261423,2019-04-25,Terminated
APX0905,Ahmed Anyanwu,Male,1975-07-10,divorced,Abeokuta,Operation,Branch Manager,Manager,Full Time,"May 14, 2013",2013-12-10,"October 12, 2015",1398000,1,17,ahmed.anyanwu@apexbank.ng,08089161834,,Active
APX0906,Funmilayo Isah,F,20/02/1992,divorced,Uyo,Customer Care,Senior Manager,Senior,Contract,"November 18, 2022","June 6, 2023",19/06/2024,0,4,10,funmilayo.isah@apexbank.ng,0808-317-5880,,ACTIVE
APX0907,Chidinma Badmus,Female,"January 3, 1979",M,Kano,Ops,IT Executive,Mid-Level,Full Time,2022-02-21,2022-09-11,01/01/2024,N/A,3,13,chidinma.badmus@apexbank,0805 4609145,,Active
APX0908,Tunde Mohammed,M,1972-07-18,DIVORCED,Maiduguri,Retail Banking,IT Executive,Mid-Level,CONTRACT,2010-05-04,"October 22, 2010","October 10, 2011",442000,2,22,tunde.mohammed@apexbank,08027978890,,active
APX0909,Jibril Okafor,M,1996-06-26,D,Calabar,ICT,Risk Manager,Manager,Contract,25/06/2023,"January 3, 2024",01/01/2024,1354000,4,6,jibril.okafor@apexbank.ng,0804 4223824,12/10/2023,Active
APX0910,Blessing Owolabi,F,1989-09-24,single,Maiduguri,Fin,Credit Analyst,Junior,Full-Time,29/09/2019,"April 9, 2020",2024-01-09,279000,4,18,blessing.owolabi@apexbank.ng,0803835,,ACTIVE
APX0911,Kunle Anyanwu,M,1982-07-16,S,Asaba,Fin,IT Executive,Mid-Level,Full Time,"January 25, 2015",2015-07-25,22/05/2014,542000,5,0,kunle.anyanwu@apexbank,0804 7775904,,active
APX0912,  Felix Igwe,MALE,1998-04-15,Married,Owerri,Information Technology,Executive Director,Director,CONTRACT,2020-04-14,2020-10-12,"December 24, 2024",N/A,3,13,felix.igwe@apexbank,0806-678-3774,,ACTIVE
APX0913,Queen Eze,Female,01/01/1990,D,Ibadan,I.T,Senior Manager,Senior,Permanent,2018-02-05,09/07/2018,"September 26, 2022",898000,1,7,queen.eze@apexbank.ng,0802779,"October 19, 2024",Resigned
APX0914,Kola Fola,MALE,08/12/1983,single,Enugu,CUSTOMER SERVICE,IT Executive,Mid-Level,Full-Time,21/07/2010,2010-12-25,2014-05-23,516000,4,7,kola.fola@apexbank,0806478,,ACTIVE
APX0915,Ugochi Uche,f,"May 14, 1998",MARRIED,Ibadan,Retail Banking,Finance Manager,Manager,contract,30/10/2016,"May 26, 2016","May 3, 2020",1480000,5,14,ugochi.uche@apexbank.com,0806 9702627,,active
APX0916,Toyin Okafor,FEMALE,18/07/1970,married,Enugu,hr,Senior Manager,Senior,contract,20/09/2018,2019-03-13,"April 13, 2023",N/A,5,7,toyin.okafor@apexbank.ng,08013840241,,active
APX0917,Yetunde Dike,Female,10/03/1976,Single,Enugu,Finance & Accounts,Senior Credit Officer,Senior,contract,"February 20, 2021",2021-08-23,01/01/2024,734000,1,45,yetunde.dike@apexbank.com,0802 6470854,,active
APX0918,Sol@ Ogunyemi,male,07/08/1978,Divorced,Ibadan,Cust Service,Senior HR Officer,Senior,CONTRACT,2023-09-02,24/02/2024,"January 1, 2024",N/A,5,6,sola.ogunyemi@apexbank.ng,08087208954,,active
APX0919,Ekaette Badmus,Female,1981-03-27,SINGLE,Calabar,FINANCE,Senior Manager,Senior,CONTRACT,19/02/2015,2015-09-05,22/02/2016,N/A,3,7,ekaette.badmus@apexbank.ng,08099576076,2023-07-10,active
APX0920,Jibril Owolabi,MALE,"February 13, 1972",DIVORCED,Enugu,Compliance,HR Manager,Manager,contract,2017-06-12,19/12/2017,2018-10-03,1363000,4,15,jibril.owolabi@apexbank,0805 2775119,,active
APX0921,Chinwe Mohammed,FEMALE,"July 18, 1979",Married,Kaduna,,Senior IT Officer,Senior,Full-Time,26/07/2018,08/01/2019,"October 15, 2019",N/A,1,43,chinwe.mohammed@apexbank.ng,0804 6670883,04/12/2023,Resigned
APX0922,Patience Taiwo,FEMALE,18/04/1989,divorced,Kaduna,R&C,Team Lead,Senior,contract,2021-09-24,"March 1, 2022",2024-06-29,"?830,000",7,12,patience.taiwo@,08015482035,,active
APX0923,  Rex Lawal,male,1987-05-21,divorced,Abuja,Human Resource,Senior Analyst,Mid-Level,contract,"September 6, 2020","February 15, 2021",2021-12-01,485000,4,12,rex.lawal@apexbank.com,0801102,,ACTIVE
APX0924,Biodun Okoro,male,"July 11, 1976",married,Ibadan,,Senior IT Officer,Senior,Permanent,08/06/2012,"January 19, 2012","May 3, 2016",-264303,1,3,biodun.okoro@apexbank.com,0807-552-3792,,active
APX0925,Nnamdi Lawal,m,1983-07-04,SINGLE,Port Harcourt,I.T,Teller,Junior,contract,2022-03-22,15/09/2022,"January 1, 2024","?250,000",5,20,nnamdi.lawal@apexbank,08057253187,,Active
APX0926,Queen Obi,f,"November 5, 1984",Single,Uyo,Corporate Banking,Senior Manager,Senior,Contract,04/12/2022,28/06/2023,28/02/2024,"633,000",2,2,queen.obi@apexbank.com,0801 1646357,,Active
APX0927,Jumoke Salami,f,20/03/1973,D,Uyo,I.T,Branch Manager,Manager,Contractor,"January 30, 2017",2017-08-08,2018-10-29,"?1,137,000",2,9,jumoke.salamiapexbank.ng,0808 4571240,"July 27, 2023",Terminated
APX0928,Chibuzor Okonkwo,Male,1972-06-26,DIVORCED,Ibadan,Fin,Risk Manager,Manager,CONTRACT,01/02/2014,10/08/2014,"March 10, 2013",1008000,5,16,chibuzor.okonkwo@apexbank.ng,0802 7040305,,ACTIVE
APX0929,  Adaeze Oluwole,f,05/06/1979,married,Maiduguri,Retail,Senior Analyst,Mid-Level,Full Time,"June 8, 2021","December 13, 2021","January 1, 2024","598,000",2,8,adaeze.oluwole@apexbank.ng,08047711708,,active
APX0930,Kemi Oladele,Female,14/07/1973,M,Ibadan,Risk,Team Lead,Senior,contract,2021-07-27,17/01/2022,"July 13, 2023",775000,5,22,kemi.oladele@apexbank,0806488,,active
APX0931,Ifeanyi Dike,m,1993-04-21,Married,Maiduguri,Human Resource,HR Executive,Mid-Level,Permanent,2020-08-03,"January 27, 2021",16/05/2020,398000,1,8,ifeanyi.dike@apexbank.ng,0802017,,Active
APX0932,F@tima Anyanwu,F,03/03/1980,Married,Kano,Compliance,Senior Credit Officer,Senior,CONTRACT,"August 15, 2013",12/02/2014,14/12/2017,844000,4,17,fatima.anyanwu@apexbank,08047652578,2019-10-20,Resigned
APX0933,Mohammed Musa,MALE,1996-05-07,M,Kaduna,hr,Customer Rep,Junior,Full Time,"April 28, 2014",2014-10-06,2019-04-08,333000,3,7,mohammed.musa@apexbank,0804-176-0228,,ACTIVE
APX0934,Nasiru Badmus,male,"June 17, 1977",MARRIED,Asaba,ICT,Senior Risk Officer,Senior,Contractor,22/07/2021,05/01/2022,01/01/2024,"904,000",5,1,nasiru.badmus@apexbank,0804829,,Resigned
APX0935,Babatunde Bassey,male,"June 21, 1986",Single,Abuja,Compliance,HR Officer,Junior,contract,06/11/2022,2023-05-08,2022-02-04,"?328,000",3,2,babatunde.bassey@apexbank,0806 9861994,,active
APX0936,Ekaette Oladele,FEMALE,13/11/1972,SINGLE,Owerri,hr,Senior HR Officer,Senior,Contract,2014-01-15,2014-06-26,07/02/2018,893000,2,17,ekaette.oladele@apexbank,0802-024-7654,,ACTIVE
APX0937,Nkechi Mohammed,f,11/12/1983,SINGLE,Ilorin,Corp Banking,Senior HR Officer,Senior,permanent,04/04/2011,2011-09-01,"August 20, 2012","?688,000",7,19,nkechi.mohammed@apexbank,08025146966,,active
APX0938,Ekaette Owolabi,f,1996-02-05,divorced,Asaba,Cust Service,Head of Credit,Manager,Full Time,"February 15, 2018",19/08/2018,14/04/2021,1075000,5,11,ekaette.owolabi@apexbank.ng,0807 9876342,,Active
APX0939,Yetunde Ekwu,FEMALE,2010-03-12,M,Ibadan,Accounts,Chief Risk Officer,Director,CONTRACT,"October 1, 2018","April 3, 2019",2019-12-10,"?2,542,000",4,19,yetunde.ekwu@apexbank,08024554038,,active
APX0940,Ada Mohammed,female,"November 4, 1982",married,Abuja,Finance & Accounts,Risk Manager,Manager,Contractor,15/07/2012,"February 6, 2013","February 27, 2017","1,355,000",3,12,ada.mohammed@apexbank.com,0805878,,active
APX0941,Ifeoma Salami,F,10/09/1982,DIVORCED,Abuja,Corporate,Chief Risk Officer,Director,contract,2012-01-10,16/06/2012,2014-02-12,3468000,1,16,ifeoma.salami@apexbank.com,0802892,,ACTIVE
APX0942,Chioma Fola,f,12/11/1970,Divorced,Kano,,Senior HR Officer,Senior,permanent,"June 5, 2012",09/12/2012,"March 17, 2015",720000,3,5,chioma.fola@apexbank.com,0805 8654170,,ACTIVE
APX0943,Kunle Aliyu,MALE,"December 15, 1980",Divorced,Ilorin,Human Resources,Finance Manager,Manager,CONTRACT,"August 5, 2022",21/01/2023,2024-12-20,1044000,4,10,kunle.aliyu@apexbank.ng,0802-038-6408,,Active
APX0944,Jibril Idris,m,25/05/1973,divorced,Sokoto,Human Resource,Senior Risk Officer,Senior,CONTRACT,24/11/2014,"May 31, 2015",17/07/2019,917000,1,8,jibril.idris@,0803650,"February 29, 2020",Terminated
APX0945,Jumoke Taiwo,female,"September 2, 1991",SINGLE,Uyo,R&C,Relationship Officer,Mid-Level,contract,10/12/2018,2019-06-17,2023-04-25,N/A,4,8,jumoke.taiwo@apexbank.ng,0808124,,active
APX0946,Ugochi Ogunyemi,Female,08/09/1978,Married,Asaba,Compliance,Teller,Junior,Contract,25/01/2015,"July 14, 2015","September 19, 2017",-155968,5,37,ugochi.ogunyemi@apexbank.ng,08015039057,,Active
APX0947,Rex Nnaji,M,"June 27, 1995",divorced,Kaduna,Operation,Finance Manager,Manager,Full-Time,07/07/2010,2010-12-08,05/01/2013,1019000,4,7,rex.nnaji@apexbank.ng,0801728,,Terminated
APX0948,Chidinma Igwe,F,"July 18, 1993",Married,Calabar,,Head of Retail,Director,Full-Time,04/07/2013,"January 18, 2014","August 18, 2017",2851000,3,17,chidinma.igwe@apexbank,0802 2799865,,ACTIVE
APX0949,Kabiru Mohammed,Male,1982-09-05,DIVORCED,Uyo,OPERATIONS,IT Executive,Mid-Level,contract,31/10/2021,14/07/2021,"March 6, 2021",464000,3,14,kabiru.mohammed@apexbank.ng,0802684,,active
APX0950,Lara Fola,F,1981-04-12,divorced,Abeokuta,Ops,Senior Analyst,Mid-Level,contract,2023-04-10,12/10/2023,2024-09-17,480000,4,4,lara.fola@apexbank.ng,0803 4473772,,Exited
APX0951,Dayo Olanrewaju,MALE,1981-09-01,D,Abuja,,Senior IT Officer,Senior,contract,"October 29, 2014","May 6, 2015",2018-02-20,"?814,000",5,10,dayo.olanrewaju@apexbank.ng,0802356,12/10/2017,Terminated
APX0952,Kabiru Oluwole,MALE,1996-07-09,Single,Abuja,Accounts,Senior IT Officer,Senior,Contractor,12/03/2021,23/09/2021,"August 26, 2024",722000,2,10,kabiru.oluwole@apexbank.com,0804 9199492,,ACTIVE
APX0953,Biodun Salami,m,2010-08-24,Married,Abeokuta,Operations,IT Manager,Manager,Permanent,2022-08-15,09/02/2023,2024-01-01,1390000,3,21,biodun.salami@@apexbank.com,08024799182,,active
APX0954,Ifeoma Idris,F,1988-03-29,DIVORCED,Lagos,IT,HR Executive,Mid-Level,PERMANENT,2010-05-27,2010-11-22,"December 12, 2013",N/A,2,9,ifeoma.idris@apexbank.ng,0809 0041806,,Active
APX0955,Ad@eze Badmus,F,1988-10-04,divorced,Ilorin,RETAIL,Banking Officer,Junior,PERMANENT,"August 15, 2021",23/02/2022,01/01/2024,"329,000",3,19,adaeze.badmus@apexbank.ng,0808071,,ACTIVE
APX0956,Jibril Akinwale,male,1992-08-03,Single,Enugu,Cust Service,Senior Analyst,Mid-Level,PERMANENT,"December 22, 2012",2013-06-16,2016-08-31,484000,6,4,jibril.akinwale@apexbank,08066615268,,Active
APX0957,Kola Okafor,m,29/11/1987,Married,Abeokuta,Retail,Senior Credit Officer,Senior,CONTRACT,2021-05-24,2021-11-08,"January 1, 2024","?774,000",3,2,kola.okafor@apexbank.com,08067563857,,ACTIVE
APX0958,Kunle Ekwu,Male,"May 28, 1985",S,Kaduna,Customer Service,Senior Analyst,Mid-Level,Contractor,2018-03-25,2018-08-29,24/01/2022,578000,3,4,kunle.ekwu@apexbank.com,0806 3880182,2022-05-07,Exited
APX0959,Babatunde Bello,M,"September 11, 1992",D,Benin City,ICT,Senior Manager,Senior,PERMANENT,2010-12-28,16/06/2011,28/06/2015,0,1,9,babatunde.bello@apexbank,0807881,,Active
APX0960,Chidi Ekwu,M,03/12/1997,married,Enugu,Corporate,Senior Risk Officer,Senior,Full Time,2012-09-08,"March 24, 2013",2015-01-31,"931,000",3,3,chidi.ekwu@apexbank.ng,0807-930-9722,,Active
APX0961,Lanre Musa,Male,15/01/1980,S,Benin City,Operations,Banking Officer,Junior,CONTRACT,"February 26, 2012","July 27, 2012","December 11, 2014","339,000",4,10,lanre.musa@apexbank,0808-837-8226,,Active
APX0962,Kunle Isah,male,26/09/1997,Married,Sokoto,Compliance,Branch Manager,Manager,Contract,2020-06-20,"November 27, 2020","October 14, 2021",1373000,5,10,kunle.isah@apexbank.com,0802-164-5987,,ACTIVE
APX0963,Nasiru Ojo,Male,14/11/1971,S,Maiduguri,Human Resource,HR Officer,Junior,Contractor,07/12/2013,2014-06-04,2016-03-10,347000,3,2,nasiru.ojo@apexbank,0807 9343455,,Active
APX0964,  Dolapo Aliyu,Female,2010-12-12,M,Asaba,Operation,Customer Rep,Junior,Contractor,2018-04-02,"October 11, 2018","February 4, 2020",N/A,5,10,dolapo.aliyuapexbank.ng,0808540,,active
APX0965,Kemi Eze,FEMALE,1984-02-16,Single,Abuja,HR,CFO,Director,Contract,2018-04-15,21/02/2018,2021-06-02,"3,373,000",5,8,kemi.eze@apexbank.ng,0809 6190774,,active
APX0966,Chibuzor Ibrahim,m,1991-08-20,single,Calabar,Retail,Risk Officer,Mid-Level,contract,22/01/2021,2021-08-02,02/08/2022,488000,3,26,chibuzor.ibrahim@apexbank,08063220019,,Active
APX0967,Sandra Ojo,FEMALE,"June 27, 1970",D,Calabar,Operation,Group Head,Director,Contractor,2011-12-12,"June 23, 2012",11/03/2014,2942000,3,2,sandra.ojo@apexbank.com,0807-271-9472,,active
APX0968,Ugochi Balogun,F,1998-05-29,Married,Enugu,ICT,Head of Retail,Director,permanent,05/07/2015,10/12/2015,"March 20, 2020",N/A,4,5,ugochi.balogun@apexbank,0807 4048224,,ACTIVE
APX0969,Jumoke Olanrewaju,F,16/04/1977,D,Calabar,Corporate,Banking Officer,Junior,Contractor,"March 5, 2015","September 20, 2015",09/03/2017,"219,000",6,13,jumoke.olanrewaju@apexbank.com,08094364269,,Resigned
APX0970,Ibrahim Ibrahim,m,"January 30, 1997",single,Ilorin,RETAIL,Risk Manager,Manager,Full-Time,2017-12-03,2018-05-23,2020-05-02,N/A,2,3,ibrahim.ibrahim@apexbank,0802 7203680,,active
APX0971,Emeka Musa,male,18/09/1977,single,Lagos,Risk & Compliance,Risk Manager,Manager,contract,10/10/2014,2015-04-11,23/10/2015,1125000,3,8,emeka.musa@apexbank,0801-385-4269,,active
APX0972,Obinna Ekwu,Male,"May 7, 1974",Single,Kano,Customer Service,Risk Manager,Manager,Full-Time,"October 5, 2022",2023-04-10,"April 22, 2024",1234000,1,5,obinna.ekwu@apexbank.com,08094058381,,active
APX0973,Babatunde Bello,m,1987-01-28,M,Port Harcourt,Accounts,Group Head,Director,Contractor,"August 9, 2019",2020-02-01,2021-01-01,1811000,2,1,babatunde.bello@apexbank,0809718,"February 1, 2024",Resigned
APX0974,Emeka Ibrahim,Male,1995-06-07,married,Kaduna,Customer Care,Senior Credit Officer,Senior,CONTRACT,04/08/2012,2013-01-07,2015-09-06,N/A,6,7,emeka.ibrahim@apexbank,0802 9116734,"September 19, 2014",exited
APX0975,Ahmed Suleiman,Male,1989-08-26,M,Kano,Customer Service,Senior Analyst,Mid-Level,contract,"August 25, 2011","February 24, 2012",2016-07-08,"?485,000",2,8,ahmed.suleiman@apexbank.com,08076844221,,active
APX0976,Zainab Badmus,Female,1994-01-24,DIVORCED,Kaduna,Finance,Senior HR Officer,Senior,Permanent,"November 21, 2020","June 12, 2021",2024-05-16,727000,1,15,zainab.badmus@apexbank.ng,0803041,,active
APX0977,Dayo Ibrahim,m,"March 9, 1990",Married,Ibadan,Customer Service,IT Support,Junior,Full-Time,2023-07-23,23/12/2023,01/01/2024,250000,1,19,dayo.ibrahim@apexbank.ng,08094276197,,ACTIVE
APX0978,Helen Taiwo,female,2010-02-10,S,Ibadan,,Risk Officer,Mid-Level,CONTRACT,2013-03-22,2013-09-07,13/08/2015,401000,1,20,helen.taiwo@apexbank.ng,0801 7886017,,ACTIVE
APX0979,Vivian Ibrahim,female,"January 20, 1978",Single,Sokoto,Operations,Senior Analyst,Mid-Level,Full-Time,2010-09-27,2011-03-29,"May 25, 2013",371000,4,14,vivian.ibrahim@apexbank.ng,0805286,,ACTIVE
APX0980,  Funmilayo Okafor,Female,1989-10-04,M,Asaba,RETAIL,Risk Manager,Manager,CONTRACT,"July 5, 2013",2014-01-14,07/09/2017,1404000,3,18,funmilayo.okafor@apexbank,0807-813-3455,,Active
APX0981,Babatunde Eze,Male,"December 20, 1990",Divorced,Enugu,Customer Care,Finance Manager,Manager,PERMANENT,27/02/2013,2013-08-12,2016-10-04,1219000,4,7,babatunde.eze@apexbank,0802-434-7277,2019-12-10,Terminated
APX0982,Quadri Agu,m,"November 29, 1979",married,Calabar,Corp Banking,Senior Manager,Senior,CONTRACT,"March 30, 2018","September 8, 2018",2021-03-05,0,3,13,quadri.agu@apexbank,0802782,,Active
APX0983,Obinna Oladele,m,"April 16, 1985",divorced,Benin City,RETAIL,IT Support,Junior,Contractor,2015-11-22,"May 7, 2016",06/12/2017,"262,000",2,13,obinna.oladele@apexbank.ng,08021819006,,ACTIVE
APX0984,Jumoke Ekwu,f,"March 2, 1985",divorced,Kaduna,Risk/Compliance,Group Head,Director,PERMANENT,"May 7, 2023","October 31, 2023","January 1, 2024","?2,961,000",1,11,jumoke.ekwu@apexbank.com,0808 3865478,,ACTIVE
APX0985,Dayo Adewole,MALE,24/05/1972,Single,Owerri,Risk & Compliance,Senior Manager,Senior,Contractor,"January 1, 2022",28/06/2022,2024-01-01,N/A,1,6,dayo.adewole@apexbank,08098719069,,Active
APX0986,Peter Anyanwu,MALE,"September 29, 1984",Married,Sokoto,Fin,IT Support,Junior,Contract,27/12/2021,2022-07-14,2023-04-26,"?277,000",1,13,peter.anyanwu@apexbank.com,0801166,,exited
APX0987,Nneka Obi,FEMALE,1992-05-24,Divorced,Ilorin,Fin,Senior IT Officer,Senior,Full-Time,"June 12, 2010",23/12/2010,"January 11, 2015",0,2,20,nneka.obi@apexbank.ng,08034921331,,active
APX0988,Ada Dike,Female,"March 1, 1976",divorced,Ilorin,Risk/Compliance,Branch Manager,Manager,Contract,2018-12-20,2018-09-17,"March 30, 2020","1,049,000",2,12,ada.dikeapexbank.ng,0808551,,ACTIVE
APX0989,Rex Adeleke,MALE,1975-03-29,S,Lagos,Customer Service,Compliance Officer,Junior,contract,2022-03-29,2022-09-29,"September 8, 2024",N/A,4,7,rex.adeleke@apexbank.com,08070200098,,ACTIVE
APX0990,Haruna Idris,Male,1993-04-26,married,Kano,Tech,CFO,Director,CONTRACT,2018-09-17,20/03/2019,27/07/2023,2886000,1,4,haruna.idris@apexbank.ng,0807-865-1667,,ACTIVE
APX0991,Ibrahim Oluwole,male,09/01/1981,single,Enugu,H.R,HR Officer,Junior,contract,2022-11-21,2023-05-24,01/01/2024,"?350,000",2,5,ibrahim.oluwoleapexbank.ng,0801 0294267,,Terminated
APX0992,Fatima Aliyu,f,2010-07-05,DIVORCED,Ilorin,Ops,Relationship Officer,Mid-Level,CONTRACT,21/02/2010,22/07/2010,"September 16, 2013","373,000",4,17,fatima.aliyu@apexbank,0808-209-7736,,ACTIVE
APX0993,Seun Musa,M,1984-03-26,D,Asaba,ICT,Branch Manager,Manager,CONTRACT,2014-04-25,"October 31, 2014","October 11, 2017","1,014,000",2,4,seun.musa@apexbank.ng,0806-382-5198,,active
APX0994,Kunle Ekwu,MALE,1985-11-10,Single,Port Harcourt,Finance & Accounts,HR Officer,Junior,CONTRACT,"June 10, 2021",26/11/2014,"January 1, 2024",301000,5,9,kunle.ekwu@apexbank.ng,08029405460,,ACTIVE
APX0995,Grace Adewole,F,"March 12, 1975",MARRIED,Owerri,CORP,Customer Rep,Junior,CONTRACT,21/01/2016,07/08/2016,"February 12, 2019","?250,000",3,21,grace.adewole@,0807265,,Active
APX0996,Chidinma Lawal,f,03/02/1970,SINGLE,Asaba,Retail Banking,HR Manager,Manager,Contractor,2019-04-20,2019-11-14,13/05/2022,1069000,2,32,chidinma.lawal@apexbank.com,0804209,,ACTIVE
APX0997,Tunde Salami,Male,"August 30, 1974",Single,Ibadan,Ops,IT Executive,Mid-Level,CONTRACT,01/08/2021,"February 11, 2022",01/01/2024,"591,000",3,4,tunde.salami@apexbank.ng,08090672240,,active
APX0998,Patience Musa,F,"February 18, 1982",D,Owerri,Finance & Accounts,Finance Manager,Manager,Contract,26/09/2016,"April 24, 2017",2017-11-02,1152000,4,5,patience.musa@apexbank,08030468245,,active
APX0999,Rex Okonkwo,M,08/02/1978,D,Benin City,Retail Bank,Chief Risk Officer,Director,Permanent,2022-05-24,2022-11-29,01/01/2024,"2,407,000",4,2,rex.okonkwo@apexbank,0803985,,Active
APX1000,Biodun Bello,M,09/05/1982,Single,Kaduna,Corp Banking,HR Executive,Mid-Level,CONTRACT,2013-11-20,2014-04-23,"September 9, 2017",455000,2,8,biodun.bello@apexbank.com,0809-664-8148,,ACTIVE
APX1001,Amaka Uche,female,1990-12-17,MARRIED,Kaduna,,Senior Risk Officer,Senior,Permanent,2018-02-25,"August 31, 2018","May 21, 2021",874000,4,8,amaka.ucheapexbank.com,0805 5416488,2024-12-09,Terminated
APX1002,Sandra Taiwo,f,16/07/1981,married,Kaduna,Compliance,Executive Director,Director,PERMANENT,29/10/2023,22/04/2024,01/01/2024,1909000,1,9,sandra.taiwo@apexbank.com,0801704,,ACTIVE
APX1003,Kunle Nnaji,male,10/08/1974,SINGLE,Asaba,hr,HR Executive,Mid-Level,permanent,"September 16, 2014",25/02/2015,2016-02-23,390000,2,5,kunle.nnaji@apexbank,0805 4580420,,ACTIVE
APX1004,  Helen Fola,FEMALE,1987-02-03,M,Enugu,FINANCE,IT Manager,Manager,contract,"September 20, 2021",15/04/2022,2024-06-20,"?1,095,000",1,4,helen.fola@,0807-711-4552,,ACTIVE
APX1005,Jibril Badmus,m,1974-11-14,divorced,Kaduna,RETAIL,HR Manager,Manager,Contractor,21/06/2012,"December 6, 2012",2015-02-21,"1,350,000",2,9,jibril.badmus@@apexbank.com,08059451042,,ACTIVE
APX1006,Kabiru Isah,m,1995-06-21,D,Ilorin,Compliance,Head of Retail,Director,Full Time,07/06/2021,25/11/2021,2024-01-01,2600000,4,17,kabiru.isah@apexbank.com,08072904186,,Active
APX1007,Grace Ojo,F,16/01/1978,single,Ilorin,Fin,Regional Manager,Manager,Contract,"September 19, 2011",04/03/2012,2015-06-27,N/A,2,0,grace.ojo@apexbank.ng,0801 2436512,,ACTIVE
APX1008,Amaka Eze,F,02/11/1997,MARRIED,Asaba,Finance & Accounts,Credit Analyst,Junior,CONTRACT,03/01/2010,2010-07-27,"November 23, 2011",331000,2,8,amaka.eze@apexbank.com,0806 4051674,,ACTIVE
APX1009,Queen Dike,F,15/03/1995,SINGLE,Owerri,R&C,Finance Manager,Manager,CONTRACT,2013-02-25,27/08/2013,"June 27, 2014",1235000,1,22,queen.dike@apexbank.com,0804-745-6178,,Active
APX1010,Kunle Akinwale,male,"July 17, 1983",M,Abeokuta,Ops,CFO,Director,Contract,2014-11-05,11/05/2015,2016-03-26,3479000,5,1,kunle.akinwale@apexbank.com,0806-171-3828,,Active
APX1011,Chidi Mohammed,Male,"May 26, 1970",Married,Port Harcourt,hr,HR Executive,Mid-Level,Full Time,18/10/2023,2024-05-10,"January 1, 2024","522,000",1,22,chidi.mohammed@apexbank,0804663,26/02/2025,Terminated
APX1012,Chukwuma Achebe,MALE,1996-07-08,MARRIED,Owerri,IT,Director of Operations,Director,permanent,02/01/2020,"July 30, 2020",2021-06-29,2313000,1,9,chukwuma.achebe@apexbank.ng,0803 2575899,,ACTIVE
APX1013,Zainab Bello,FEMALE,"August 29, 1980",married,Abuja,Corp Banking,Senior Manager,Senior,Contract,08/02/2018,"July 29, 2018",04/10/2019,"911,000",2,18,zainab.bello@apexbank.com,08016721388,,ACTIVE
APX1014,Sandra Nwosu,FEMALE,"June 22, 1971",SINGLE,Enugu,Human Resource,CFO,Director,Contractor,"March 13, 2019",2019-09-28,13/01/2024,1865000,2,8,sandra.nwosu@apexbank.ng,08063933188,,active
APX1015,Seun Salami,m,1977-10-20,D,Ibadan,hr,Senior IT Officer,Senior,Contractor,"August 10, 2015",2016-03-05,2020-06-05,740000,5,14,seun.salami@apexbank.com,08014985388,,active
APX1016,Seun Eze,m,"June 17, 1988",MARRIED,Port Harcourt,Retail Banking,IT Manager,Manager,permanent,01/01/2010,2010-07-25,14/04/2013,"1,035,000",4,4,seun.eze@apexbank.ng,08012062444,,Active
APX1017,  Kola Mohammed,male,1998-10-23,Single,Abuja,Human Resource,HR Manager,Manager,Contractor,14/11/2021,12/06/2022,2024-01-01,"?1,382,000",3,15,kola.mohammed@apexbank.ng,08091159603,,active
APX1018,Babatunde Mohammed,m,21/05/1995,SINGLE,Ibadan,H.R,Chief Risk Officer,Director,CONTRACT,"July 26, 2018",2019-01-08,03/02/2023,2014000,5,14,babatunde.mohammed@apexbank.com,08031524099,"March 5, 2022",Exited
APX1019,Ugochi Ekwu,Female,1993-06-23,S,Abeokuta,Operation,HR Executive,Mid-Level,PERMANENT,27/10/2012,2013-05-25,2015-02-11,"525,000",1,8,ugochi.ekwu@apexbank.com,0806-844-8820,,ACTIVE
APX1020,Seun Ekwu,MALE,"April 1, 1978",Married,Maiduguri,Information Technology,Customer Rep,Junior,Contractor,03/06/2013,2013-12-07,2015-11-24,233000,5,17,seun.ekwu@apexbank,0805654,,active
APX1021,Jumoke Adewole,Female,"September 6, 1998",Divorced,Benin City,Retail Bank,Risk Officer,Mid-Level,Full Time,17/08/2022,"February 3, 2023",01/01/2024,427000,5,0,jumoke.adewoleapexbank,0802-724-5851,06/09/2027,Resigned
APX1022,Kola Mohammed,MALE,1989-05-10,DIVORCED,Sokoto,Risk/Compliance,Banking Executive,Mid-Level,Contract,2010-11-03,"April 2, 2011",2010-01-01,490000,5,18,kola.mohammed@apexbank.ng,0803-277-8655,,Active
APX1023,Patience Idris,f,1982-12-08,single,Abuja,Retail Banking,Senior Manager,Senior,contract,"January 14, 2022",2022-08-09,"January 1, 2024",673000,5,6,patience.idris@apexbank,08048501946,,active
APX1024,Garba Adewole,m,28/07/1984,single,Port Harcourt,,Chief Risk Officer,Director,CONTRACT,2017-11-18,2018-05-16,2022-09-30,2727000,5,7,garba.adewole@apexbank.com,0802033,,Active
APX1025,Babatunde Ibrahim,M,1984-11-16,single,Asaba,Operations,Senior HR Officer,Senior,CONTRACT,01/05/2021,"November 17, 2021",20/12/2024,N/A,2,15,babatunde.ibrahim@apexbank,0808-315-8202,"December 6, 2024",Resigned
APX1026,Sola Dike,m,"July 3, 1990",Married,Port Harcourt,Retail,IT Executive,Mid-Level,Contract,21/09/2012,2013-02-24,2016-04-21,532000,4,12,sola.dike@apexbank.ng,08017675030,,Active
APX1027,Zara Okonkwo,F,1974-08-03,DIVORCED,Kano,ICT,Director of Operations,Director,Permanent,18/02/2019,07/08/2019,2023-10-06,N/A,1,3,zara.okonkwo@apexbank.ng,08033029238,,ACTIVE
APX1028,Miriam Suleiman,female,1991-07-10,single,Sokoto,HR,IT Executive,Mid-Level,CONTRACT,20/07/2016,"February 12, 2017","May 20, 2018",494000,3,16,miriam.suleiman@apexbank,0803-898-4667,,active
APX1029,Ugochi Oladele,f,03/04/1974,single,Kaduna,Risk/Compliance,Head of Credit,Manager,Contract,2016-11-04,"April 22, 2017",2018-12-16,"?1,036,000",4,0,ugochi.oladele@apexbank.com,0804890,,exited
APX1030,Obinna Bassey,Male,1974-10-13,M,Abeokuta,Finance,Banking Officer,Junior,contract,2020-02-04,19/07/2020,25/08/2023,"?307,000",2,16,obinna.basseyapexbank.com,0802773,,ACTIVE
APX1031,Helen Uche,female,1978-01-24,SINGLE,Ibadan,Risk/Compliance,Chief Risk Officer,Director,permanent,23/02/2015,"September 8, 2015",26/04/2017,3313000,3,16,helen.uche@apexbank.com,08043276326,,ACTIVE
APX1032,Garba Oluwole,M,"December 26, 1992",S,Kano,HR,IT Manager,Manager,PERMANENT,04/01/2012,"July 26, 2012",2015-04-19,1083000,4,15,garba.oluwole@apexbank,08081287218,,active
APX1033,Lara Bello,FEMALE,1984-12-04,Divorced,Asaba,Ops,Team Lead,Senior,Contractor,2019-09-02,"March 15, 2020",2020-11-24,848000,1,19,lara.bello@apexbank.ng,0808573,,ACTIVE
APX1034,Jumoke Okafor,FEMALE,"July 16, 1982",divorced,Lagos,H.R,Senior Credit Officer,Senior,Contract,"January 18, 2011",14/08/2011,2014-05-03,,1,2,jumoke.okafor@apexbank.com,0803 6032914,"December 13, 2016",Terminated
APX1035,Ekaette Oladele,f,29/07/1979,Single,Owerri,Risk,Compliance Officer,Junior,CONTRACT,"March 27, 2019",08/09/2019,2023-08-21,"205,000",2,20,ekaette.oladele@apexbank.ng,0807828,"June 23, 2021",Terminated
APX1036,Ahmed Anyanwu,male,25/10/1982,S,Benin City,Corporate,Risk Officer,Mid-Level,CONTRACT,"June 7, 2016",2014-08-26,"June 28, 2020",399000,3,12,ahmed.anyanwu@apexbank.ng,0805-346-8352,"January 9, 2019",Resigned
APX1037,Bello Bankole,m,1988-04-29,MARRIED,Abeokuta,Retail Bank,Senior Risk Officer,Senior,Full Time,24/09/2018,2019-04-03,2021-07-08,"?791,000",5,11,bello.bankole@apexbank.com,0807390,,ACTIVE
APX1038,Seun Igwe,MALE,27/03/1983,Married,Calabar,Customer Service,Senior Credit Officer,Senior,contract,13/11/2016,2017-05-07,"August 19, 2020",697000,4,20,seun.igwe@apexbank.ng,0806999,,active
APX1039,  Peter Mohammed,M,1987-06-24,M,Abuja,IT,Credit Analyst,Junior,contract,11/01/2012,2012-07-08,05/01/2017,193000,1,4,peter.mohammed@@apexbank.ng,0801-132-9670,,ACTIVE
APX1040,Kola Salami,MALE,1987-04-30,single,Kano,Finance & Accounts,Banking Executive,Mid-Level,permanent,21/05/2012,2012-10-20,2014-05-17,-172961,1,1,kola.salami@apexbank,0805 6547931,,ACTIVE
APX1041,Eniola Yusuf,F,1971-05-26,S,Port Harcourt,Ops,Executive Director,Director,Contractor,"August 16, 2011",2014-07-16,2013-01-18,"?2,079,000",4,1,eniola.yusuf@apexbank.com,08024683453,,ACTIVE
APX1042,Rita Isah,FEMALE,12/09/1996,single,Ilorin,Operations,Senior HR Officer,Senior,PERMANENT,"December 3, 2011","June 13, 2012",14/11/2016,732000,1,17,rita.isah@apexbank.com,0807-302-1183,,ACTIVE
APX1043,Chidi Bassey,m,14/01/1979,Married,Owerri,Retail Banking,Senior Manager,Senior,Contract,11/08/2023,"March 2, 2024","January 1, 2024","932,000",1,12,chidi.bassey@apexbank.com,08062472695,,ACTIVE
APX1044,Adaeze Igwe,Female,1975-10-21,married,Enugu,RETAIL,Senior Risk Officer,Senior,contract,2022-03-29,"September 15, 2022",2024-01-01,N/A,5,9,adaeze.igwe@apexbank.com,08090560471,03/05/2026,Resigned
APX1045,Biodun Okoro,m,11/11/1995,divorced,Benin City,IT,Finance Manager,Manager,PERMANENT,"March 7, 2013",2013-10-01,2016-10-17,1238000,7,12,biodun.okoro@@apexbank.ng,0802218,,ACTIVE
APX1046,Toyin Anyanwu,Female,1996-02-14,M,Ibadan,Risk,Senior Manager,Senior,Contract,23/09/2017,"March 30, 2018",2021-06-19,948000,1,0,toyin.anyanwu@apexbank.com,0805-533-9159,,ACTIVE
APX1047,  Chinwe Okafor,F,1998-07-01,single,Enugu,Operation,Risk Officer,Mid-Level,Full-Time,"April 3, 2022",18/09/2022,2024-12-18,,4,3,chinwe.okafor@@apexbank.ng,0801407,2024-04-23,Exited
APX1048,Lara Suleiman,female,2010-07-11,divorced,Enugu,Operations,HR Officer,Junior,PERMANENT,2017-05-23,"October 20, 2017",2022-05-19,"?249,000",1,15,lara.suleiman@apexbank.ng,0809177,,ACTIVE
APX1049,Uche Ibrahim,M,02/05/1979,M,Lagos,Information Technology,IT Executive,Mid-Level,Permanent,10/07/2011,12/01/2011,2013-12-13,"?378,000",3,1,uche.ibrahim@apexbank.com,0805663,,ACTIVE
APX1050,  Dayo Oluwole,m,16/09/1992,divorced,Asaba,IT,Senior Analyst,Mid-Level,permanent,07/05/2015,2015-10-21,17/04/2019,"490,000",2,16,dayo.oluwole@apexbank,0804071,,ACTIVE
APX1051,Ibrahim Oladele,m,16/06/1990,D,Uyo,Corporate,Risk Manager,Manager,Permanent,"October 29, 2018","May 4, 2019",2021-05-06,"?1,308,000",1,19,ibrahim.oladeleapexbank.ng,0809555,,Active
APX1052,Dayo Bankole,Male,1978-07-31,divorced,Sokoto,Human Resources,Branch Manager,Manager,Permanent,2012-01-22,14/08/2012,2013-10-17,1035000,4,16,dayo.bankole@apexbank.ng,0806-961-8359,,active
APX1053,Vivian Bello,Female,"October 16, 1986",Divorced,Sokoto,Retail Banking,Branch Manager,Manager,Full Time,2020-08-24,26/01/2021,17/12/2022,1069000,1,2,vivian.bello@apexbank.ng,0807-798-5346,,active
APX1054,Tunde Achebe,MALE,1985-03-03,Single,Benin City,Risk & Compliance,Teller,Junior,CONTRACT,04/02/2013,18/09/2012,2015-09-26,-322676,3,17,tunde.achebe@apexbank.ng,0809 4905057,,active
APX1055,  Chidinma Dike,f,1986-08-11,single,Abeokuta,Operation,Banking Executive,Mid-Level,CONTRACT,2016-11-22,11/05/2017,08/04/2018,0,2,1,chidinma.dike@apexbank.ng,08090089602,,active
APX1056,Yetunde Obi,f,16/08/1982,M,Ibadan,RETAIL,Credit Analyst,Junior,Full-Time,2012-07-07,2012-12-19,23/01/2016,187000,1,12,yetunde.obi@apexbank.ng,08025812435,,exited
APX1057,Kemi Agu,F,"May 21, 1971",S,Ilorin,Accounts,Senior HR Officer,Senior,CONTRACT,2017-05-19,2017-11-01,25/12/2018,678000,4,13,kemi.agu@apexbank.com,0809295,,active
APX1058,Rasheed Obi,MALE,1980-05-30,Single,Maiduguri,I.T,HR Officer,Junior,Permanent,2016-04-22,06/11/2016,16/01/2019,289000,2,9,rasheed.obi@apexbank,0808160,"December 19, 2017",Terminated
APX1059,Bello Lawal,M,1994-09-04,D,Ibadan,Corp Banking,Teller,Junior,Contract,2012-05-27,"October 24, 2012",06/07/2015,-256593,2,22,bello.lawal@apexbank.ng,0804-842-7184,,Resigned
APX1060,Nasiru Olanrewaju,MALE,"December 17, 1985",Single,Abuja,CORP,Group Head,Director,CONTRACT,30/09/2015,"March 23, 2016",2017-06-09,2617000,5,15,nasiru.olanrewaju@apexbank,0807 5076618,,active
APX1061,Seun Owolabi,M,"October 1, 1993",Married,Ilorin,Human Resources,Chief Risk Officer,Director,permanent,2012-05-24,2012-12-07,09/06/2016,N/A,3,43,seun.owolabi@apexbank.ng,0809-974-6525,"June 22, 2017",Terminated
APX1062,Sandra Anyanwu,Female,06/09/1979,D,Owerri,Information Technology,CFO,Director,Contractor,"August 29, 2021","February 20, 2022",20/01/2023,"?1,956,000",1,1,sandra.anyanwu@apexbank.com,0801 3127159,,active
APX1063,Zainab Anyanwu,F,1992-11-06,married,Ibadan,Operations,IT Manager,Manager,Permanent,29/01/2012,2012-06-29,"August 25, 2016",-248930,4,10,zainab.anyanwu@apexbank.ng,08031318420,,Active
APX1064,Nnamdi Eze,MALE,"September 27, 1996",MARRIED,Lagos,ICT,Relationship Officer,Mid-Level,permanent,"May 14, 2015","November 18, 2015",2019-11-30,"?465,000",2,20,nnamdi.eze@apexbank.ng,08076555525,,Active
APX1065,Zainab Adeyemi,Female,"September 14, 1973",S,Benin City,Customer Care,CFO,Director,Contractor,30/12/2021,2022-06-16,2024-01-01,1879000,1,9,zainab.adeyemi@apexbank,08010214492,"December 14, 2024",Exited
APX1066,Amaka Ogunyemi,F,1973-01-05,married,Owerri,H.R,Chief Risk Officer,Director,Permanent,2017-07-10,2018-01-07,"February 3, 2022",2661000,3,12,amaka.ogunyemi@apexbank.ng,0803830,,active
APX1067,Blessing Okoro,Female,"November 29, 1979",single,Abuja,Customer Service,IT Executive,Mid-Level,permanent,2023-11-02,2024-04-25,2024-01-01,464000,2,5,blessing.okoro@apexbank.ng,08011346760,,active
APX1068,Vivian Bello,F,"June 29, 1975",M,Uyo,I.T,Regional Manager,Manager,Contract,05/11/2012,"April 16, 2013",15/11/2013,"?1,419,000",5,12,vivian.bello@apexbank.com,0804-569-7259,,active
APX1069,Funmilayo Eze,f,1977-03-30,divorced,Abeokuta,CUSTOMER SERVICE,IT Executive,Mid-Level,CONTRACT,"May 14, 2012","December 8, 2012",2015-06-06,N/A,1,6,funmilayo.eze@apexbank.ng,0805-349-6258,,ACTIVE
APX1070,Nneka Okafor,Female,1998-04-11,Single,Kaduna,Finance,Senior HR Officer,Senior,Permanent,"June 8, 2022",2022-12-31,"January 1, 2024",931000,4,4,nneka.okafor@apexbank,08089191983,,ACTIVE
APX1071,Chinwe Olanrewaju,female,"October 28, 1977",M,Abuja,Corporate Banking,Senior Credit Officer,Senior,permanent,"March 7, 2016",06/09/2016,"November 6, 2020","749,000",5,12,chinwe.olanrewaju@apexbank.ng,08077173842,,ACTIVE
APX1072,Kemi Bankole,f,1973-03-29,S,Uyo,Finance & Accounts,Senior IT Officer,Senior,permanent,09/03/2011,06/08/2011,"November 13, 2014",N/A,5,5,kemi.bankole@apexbank.com,08071057850,16/08/2023,active
APX1073,Fatima Okafor,f,2010-01-17,D,Abeokuta,hr,HR Manager,Manager,Full Time,"June 13, 2022",08/12/2022,01/01/2024,"?998,000",3,21,fatima.okafor@apexbank.com,0805869,,ACTIVE
APX1074,Lanre Badmus,male,"March 16, 1975",married,Calabar,Operation,Senior IT Officer,Senior,Full Time,2011-02-23,"August 10, 2011",2014-05-04,663000,5,2,lanre.badmus@,0802-800-0886,,Terminated
APX1075,Ugochi Ojo,Female,23/01/1979,D,Asaba,Cust Service,Credit Analyst,Junior,PERMANENT,"November 28, 2020","October 3, 2014","January 1, 2024",233000,1,19,ugochi.ojo@apexbank.ng,0805 7562078,,active
APX1076,Ada Mohammed,f,1973-05-23,S,Owerri,Compliance,Customer Rep,Junior,Full-Time,13/05/2021,06/03/2021,01/01/2024,274000,2,0,ada.mohammed@apexbank,08065077628,,Active
APX1077,Felix Adewole,MALE,"March 17, 1991",single,Calabar,Operations,Executive Director,Director,CONTRACT,2023-07-15,"January 16, 2024",01/01/2024,2820000,4,12,felix.adewole@apexbank,0801-693-4790,,active
APX1078,Ebuk@ Ibrahim,m,"February 23, 1979",MARRIED,Enugu,Corporate,IT Support,Junior,Full-Time,01/10/2020,2021-03-27,01/01/2024,296000,1,13,ebuka.ibrahim@apexbank,0808 0883712,2023-02-07,Active
APX1079,Garba Achebe,m,1971-05-08,MARRIED,Port Harcourt,Human Resource,IT Executive,Mid-Level,permanent,26/07/2019,13/02/2020,"May 18, 2024",540000,3,14,garba.achebe@apexbank.ng,0802370,,ACTIVE
APX1080,Rex Fola,male,1980-06-25,MARRIED,Calabar,Risk/Compliance,CFO,Director,contract,2011-04-13,21/10/2011,"September 6, 2012","2,496,000",5,21,rex.fola@apexbank,08065353615,,active
APX1081,Blessing Okoro,f,1982-02-09,M,Calabar,IT,CFO,Director,permanent,2019-10-01,04/04/2020,07/08/2023,2100000,3,12,blessing.okoro@apexbank.com,0801099,,ACTIVE
APX1082,Obinna Anyanwu,M,1974-10-13,S,Kano,Retail Banking,Executive Director,Director,permanent,"July 12, 2020",27/11/2014,"October 12, 2021",N/A,5,9,obinna.anyanwu@apexbank,0807881,,active
APX1083,Eniola Ogunyemi,female,"March 9, 1985",DIVORCED,Calabar,CUSTOMER SERVICE,Risk Officer,Mid-Level,Permanent,2015-03-18,28/09/2015,2016-08-19,440000,3,9,eniola.ogunyemi@apexbank,0802-093-8291,,ACTIVE
APX1084,Ifeoma Adeyemi,F,19/04/1973,MARRIED,Abuja,HR,Risk Officer,Mid-Level,Permanent,2022-01-19,16/07/2022,11/06/2023,"?380,000",3,15,ifeoma.adeyemi@apexbank.ng,0802-897-2878,,Active
APX1085,Felix Ogunyemi,m,1996-07-04,single,Ilorin,R&C,CFO,Director,Permanent,2011-04-01,2011-10-14,2014-01-21,N/A,1,0,felix.ogunyemi@apexbank.ng,0802 0459301,,active
APX1086,Tunde Igwe,M,"May 1, 1997",Single,Ilorin,Human Resource,Senior Risk Officer,Senior,contract,"February 2, 2014",29/07/2014,08/12/2015,907000,3,5,tunde.igwe@apexbank.ng,08025665238,,active
APX1087,Chibuzor Ekwu,male,1971-01-07,Single,Abuja,Operation,Team Lead,Senior,CONTRACT,27/01/2015,2015-06-26,"June 18, 2019","?723,000",1,0,chibuzor.ekwu@apexbank,0801-040-2105,,Active
APX1088,Sandra Idris,f,25/04/1972,DIVORCED,Ibadan,Retail,Senior IT Officer,Senior,Contract,"April 18, 2020","October 13, 2020",02/04/2024,"738,000",3,18,sandra.idris@apexbank,0801-815-3694,,Active
APX1089,Jumoke Badmus,F,10/09/1976,single,Owerri,IT,IT Support,Junior,Contractor,26/04/2018,2018-11-16,"January 26, 2020","?345,000",2,12,jumoke.badmus@apexbank,0809647,,Active
APX1090,Lanre Yusuf,m,"March 5, 1985",D,Ilorin,FINANCE,Team Lead,Senior,Permanent,21/07/2013,2014-01-13,16/09/2012,760000,5,22,lanre.yusuf@apexbank,0804-768-0064,2018-03-06,Exited
APX1091,Rita Mohammed,female,"June 18, 1995",D,Maiduguri,CORP,Banking Officer,Junior,permanent,2011-09-25,"April 20, 2012",02/08/2014,"?212,000",1,13,rita.mohammed@apexbank,0807053,,Active
APX1092,Lara Anyanwu,F,1994-11-24,DIVORCED,Sokoto,Human Resources,Compliance Officer,Junior,Contract,"February 4, 2013",21/07/2013,"March 28, 2015",296000,2,16,lara.anyanwu@apexbank.com,0804 3801076,"December 19, 2023",ACTIVE
APX1093,Ugochi Suleiman,Female,08/04/1996,S,Uyo,Customer Care,Senior Risk Officer,Senior,Full-Time,2020-03-16,"September 3, 2020",2024-08-05,715000,3,0,ugochi.suleiman@apexbank,0807385,,ACTIVE
APX1094,Adaeze Igwe,F,1970-08-09,Single,Calabar,Ops,Credit Analyst,Junior,Full Time,"December 18, 2014",01/06/2015,"March 30, 2016",315000,2,0,adaeze.igwe@apexbank,0807694,,ACTIVE
APX1095,Chinwe Yusuf,Female,"December 31, 1987",Married,Kano,Operation,IT Executive,Mid-Level,Contractor,2014-04-29,2014-10-25,2017-03-15,"430,000",5,1,chinwe.yusuf@apexbank,08012669154,,exited
APX1096,Ekaette Adeleke,female,30/07/1979,Married,Maiduguri,Operation,Relationship Officer,Mid-Level,Full-Time,02/02/2011,02/07/2011,"September 27, 2015",425000,3,11,ekaette.adeleke@apexbank.com,0805 3892459,,active
APX1097,Jibril Aliyu,MALE,"March 14, 1985",M,Port Harcourt,IT,CFO,Director,CONTRACT,"March 20, 2020",01/10/2020,2022-05-21,"?2,106,000",2,1,jibril.aliyu@apexbank.ng,0809427,,Active
APX1098,Nkechi Okafor,f,"April 27, 1984",divorced,Benin City,Risk/Compliance,Risk Manager,Manager,Full-Time,"October 27, 2015","April 4, 2016",2018-05-11,1272000,1,8,nkechi.okafor@apexbank,0809-343-9712,,Active
APX1099,Femi Igwe,Male,11/12/1979,married,Sokoto,Retail Banking,Group Head,Director,Full-Time,29/08/2022,13/02/2023,01/01/2024,2660000,4,17,femi.igwe@apexbank.com,0802-664-3574,,ACTIVE
APX1100,Kabiru Eze,m,1983-10-08,married,Uyo,Operations,IT Manager,Manager,Full Time,"November 9, 2022","April 15, 2023",2014-10-04,1397000,3,17,kabiru.eze@apexbank.ng,0808794,,ACTIVE
APX1101,Blessing Obi,FEMALE,"August 19, 1972",DIVORCED,Lagos,CUSTOMER SERVICE,Group Head,Director,Full Time,16/08/2019,"March 6, 2020",20/02/2022,3252000,4,19,blessing.obi@apexbank,0808-718-1029,,Active
APX1102,Helen Adewole,F,1996-03-06,married,Asaba,Retail Banking,Head of Credit,Manager,Full-Time,"October 11, 2017","April 24, 2018",2019-07-12,1256000,1,21,helen.adewole@apexbank,0808 7905592,,ACTIVE
APX1103,Kabiru Salami,M,13/10/1985,Married,Port Harcourt,Risk,Senior Manager,Senior,Permanent,09/01/2014,2014-07-20,2016-11-12,740000,5,14,kabiru.salami@apexbank.com,08010497660,,ACTIVE
APX1104,Haruna Oladele,male,09/06/1990,D,Asaba,I.T,HR Executive,Mid-Level,Contract,2015-02-14,"July 27, 2015","July 11, 2018",460000,2,19,haruna.oladele@apexbank.ng,0802-852-0996,2023-12-09,active
APX1105,Miriam Okonkwo,f,08/07/1992,divorced,Kaduna,RETAIL,IT Executive,Mid-Level,Full Time,2010-12-12,2011-05-18,2013-02-03,"?435,000",1,6,miriam.okonkwo@@apexbank.ng,08072349948,,ACTIVE
APX1106,Helen Musa,f,1991-04-23,divorced,Abeokuta,hr,HR Executive,Mid-Level,Contractor,30/07/2018,"February 2, 2019","March 20, 2021",408000,2,5,helen.musa@apexbank,08025097103,,ACTIVE
APX1107,Ekaette Okonkwo,Female,"October 16, 1995",MARRIED,Calabar,Corp Banking,Senior HR Officer,Senior,Full Time,27/03/2023,14/10/2023,2024-01-01,832000,7,2,ekaette.okonkwo@apexbank.ng,0803-081-3488,,ACTIVE
APX1108,Funmilayo Suleiman,f,"April 16, 1989",M,Maiduguri,Tech,Head of Retail,Director,Contract,"February 25, 2012",13/08/2012,13/01/2017,"?2,683,000",6,7,funmilayo.suleiman@apexbank,0807-333-3569,,ACTIVE
APX1109,Ugochi Adeleke,f,15/04/1983,M,Lagos,Operations,Risk Officer,Mid-Level,Contract,2022-07-02,"January 3, 2023",06/02/2022,571000,6,8,ugochi.adeleke@apexbank.com,0805829,,active
APX1110,Patience Okafor,female,22/01/1971,Married,Sokoto,Tech,Compliance Officer,Junior,CONTRACT,"February 28, 2023","August 29, 2023","January 1, 2024","317,000",2,11,patience.okafor@apexbank.com,0809-946-6016,,ACTIVE
APX1111,Obiageli Bello,female,1990-07-31,Married,Sokoto,IT,Banking Officer,Junior,Permanent,10/09/2019,"February 28, 2020",30/12/2023,,0,7,obiageli.bello@apexbank.ng,0802 2098555,,ACTIVE
APX1112,Damilola Badmus,Female,"July 28, 1981",Single,Asaba,RETAIL,Customer Rep,Junior,PERMANENT,"September 29, 2011","April 15, 2012","May 18, 2014","222,000",3,16,damilola.badmus@apexbank.ng,0802 3081652,18/12/2013,Terminated
APX1113,Dayo Bassey,m,"February 9, 1992",married,Ibadan,RETAIL,Senior IT Officer,Senior,Permanent,"December 11, 2019","July 4, 2020",2022-02-28,"?786,000",4,6,dayo.bassey@apexbank,0806-491-9226,,Active
APX1114,Grace Obi,FEMALE,"March 9, 1988",DIVORCED,Ibadan,Customer Care,Team Lead,Senior,Full Time,"October 13, 2018",2014-10-31,"October 9, 2023","850,000",1,3,grace.obi@apexbank.ng,0804769,,ACTIVE
APX1115,  Amaka Okonkwo,Female,1994-01-10,single,Ilorin,Retail,CFO,Director,contract,2023-10-24,"May 7, 2024",01/01/2024,2820000,3,11,amaka.okonkwo@apexbank.com,0805453,,Active
APX1116,Vivian Ojo,f,11/01/1985,DIVORCED,Kano,Information Technology,IT Support,Junior,permanent,2018-03-27,"September 29, 2018","March 17, 2020",300000,2,4,vivian.ojo@apexbank.com,0808-952-9139,,ACTIVE
APX1117,Jibril Mohammed,m,30/06/1979,M,Port Harcourt,R&C,Senior HR Officer,Senior,CONTRACT,2016-12-13,24/06/2017,12/06/2018,787000,3,0,jibril.mohammed@apexbank.com,0808-552-2780,,Active
APX1118,Eniola Nnaji,F,"August 22, 1976",single,Benin City,Retail Bank,CFO,Director,Permanent,20/02/2021,2021-08-30,2022-06-07,3228000,5,18,eniola.nnaji@apexbank.ng,08074809204,,Active
APX1119,Wale Aliyu,MALE,1972-12-10,married,Abeokuta,RETAIL,Executive Director,Director,Full Time,03/03/2014,28/09/2014,"September 29, 2017",2237000,1,15,wale.aliyu@apexbank.com,0807 4741999,,active
APX1120,Jumoke Anyanwu,FEMALE,"January 21, 1977",Married,Enugu,hr,Senior Credit Officer,Senior,CONTRACT,02/10/2011,2012-03-26,13/09/2014,790000,4,13,jumoke.anyanwu@apexbank.ng,0805 3942850,,Active
APX1121,  Peter Nnaji,m,1983-06-30,single,Asaba,I.T,Senior IT Officer,Senior,contract,2011-02-16,17/07/2011,12/04/2015,823000,3,19,peter.nnaji@apexbank.ng,0807173,,active
APX1122,Queen Adewole,f,1996-04-28,MARRIED,Calabar,Retail Bank,IT Support,Junior,permanent,01/09/2021,2022-03-09,2024-04-10,221000,2,11,queen.adewole@apexbank.ng,0802-849-6933,,Active
APX1123,Dayo Ojo,Male,"April 2, 1995",M,Kano,,Regional Manager,Manager,Full Time,"November 12, 2013",01/06/2014,2014-03-26,1438000,4,1,dayo.ojo@apexbank.com,0802-032-6755,"October 15, 2019",Terminated
APX1124,Babatunde Achebe,M,12/12/1971,SINGLE,Maiduguri,Retail Banking,Head of Retail,Director,Permanent,23/03/2013,2013-09-23,"May 26, 2015","?2,198,000",1,4,babatunde.achebe@apexbank.com,08035222451,,active
APX1125,Blessing Bassey,F,06/03/1988,Divorced,Ilorin,hr,Regional Manager,Manager,Contractor,22/03/2022,24/08/2022,"January 1, 2024",1391000,3,17,blessing.bassey@apexbank,0802847,,ACTIVE
APX1126,Dol@po Dike,Female,"December 3, 1990",Divorced,Uyo,HR,Relationship Officer,Mid-Level,Permanent,01/02/2014,2014-07-28,2017-03-25,"?572,000",1,3,dolapo.dike@apexbank.com,0805-787-4084,,active
APX1127,Femi Uche,MALE,"June 20, 1981",D,Abeokuta,H.R,IT Manager,Manager,contract,"January 2, 2014","July 24, 2014",2017-10-07,1098000,3,13,femi.uche@apexbank,08013227874,,ACTIVE
APX1128,Quadri Badmus,MALE,16/04/1991,DIVORCED,Kaduna,Risk/Compliance,Group Head,Director,PERMANENT,2020-04-23,26/09/2020,01/01/2024,1992000,4,4,quadri.badmus@apexbank.ng,08064115544,,active
APX1129,Jumoke Bassey,Female,13/08/1986,Divorced,Abuja,CUSTOMER SERVICE,Executive Director,Director,contract,"September 30, 2021",15/04/2022,"January 1, 2024",N/A,4,12,jumoke.bassey@apexbank,0806-830-2235,,ACTIVE
APX1130,Lanre Adewole,Male,1978-06-24,SINGLE,Abeokuta,RETAIL,Customer Rep,Junior,CONTRACT,"January 23, 2018","June 28, 2018",2019-03-18,"285,000",1,4,lanre.adewole@apexbank.ng,0803-918-2273,,ACTIVE
APX1131,Chidinma Taiwo,F,1979-11-01,married,Port Harcourt,Ops,Teller,Junior,PERMANENT,12/08/2014,2015-03-03,"October 22, 2016","?245,000",5,17,chidinma.taiwo@apexbank.ng,0809737,,Active
APX1132,Seun Okonkwo,m,15/01/1970,divorced,Ibadan,R&C,Relationship Officer,Mid-Level,Full Time,2019-02-26,"September 24, 2019",2023-10-17,N/A,3,1,seun.okonkwo@apexbank.com,0801 3690513,,ACTIVE
APX1133,Rex Adeyemi,MALE,"December 9, 1997",M,Abuja,OPERATIONS,Branch Manager,Manager,Contractor,"August 17, 2023",20/01/2024,2024-01-01,"1,367,000",5,13,rex.adeyemiapexbank.ng,0806986,23/07/2028,Resigned
APX1134,Chinwe Adewole,f,1997-01-30,D,Uyo,R&C,Senior HR Officer,Senior,contract,"February 9, 2019",2014-10-12,"April 7, 2022",N/A,2,19,chinwe.adewole@apexbank,0801-414-3546,,active
APX1135,Uche Idris,MALE,30/03/1971,S,Kaduna,Information Technology,Banking Officer,Junior,Full Time,2012-05-21,23/11/2012,25/11/2015,2235273,2,8,uche.idris@apexbank.com,0804917,,Terminated
APX1136,Nkechi Balogun,F,"September 24, 1980",MARRIED,Sokoto,CORP,Risk Officer,Mid-Level,Contractor,"November 2, 2022",17/04/2023,"January 1, 2024",480000,2,14,nkechi.balogunapexbank.ng,0808 7380588,,Active
APX1137,Dayo Badmus,M,"September 28, 1977",D,Asaba,HR,Senior Risk Officer,Senior,Contract,"June 1, 2011","November 28, 2011","September 1, 2014",630000,2,18,dayo.badmus@apexbank,08051493823,,ACTIVE
APX1138,Vivian Musa,F,1996-12-18,S,Asaba,Accounts,Senior HR Officer,Senior,contract,17/09/2020,"April 15, 2021","May 9, 2022",781000,4,14,vivian.musa@apexbank,08073632552,,ACTIVE
APX1139,Adaeze Salami,FEMALE,1997-04-15,DIVORCED,Owerri,Corp Banking,Senior Risk Officer,Senior,CONTRACT,19/11/2013,2014-06-09,"November 18, 2018","?826,000",2,20,adaeze.salami@apexbank.com,0801-268-5947,,active
APX1140,Nnamdi Obi,M,11/08/1986,divorced,Abeokuta,Human Resources,Branch Manager,Manager,Contract,"February 13, 2021","July 19, 2021",11/08/2014,1299000,4,9,nnamdi.obi@apexbank,08075353438,,Active
APX1141,Miriam Adeleke,Female,"April 24, 1980",Divorced,Port Harcourt,R&C,Banking Executive,Mid-Level,Permanent,"October 29, 2014","April 25, 2015","January 8, 2017",483000,2,19,miriam.adeleke@apexbank,0801 5399620,,Active
APX1142,Nasiru Okafor,male,"August 2, 1993",S,Asaba,RETAIL,Senior Manager,Senior,PERMANENT,"January 24, 2010","July 17, 2010",19/10/2014,942000,4,6,nasiru.okaforapexbank.ng,0802-089-4305,,active
APX1143,Felix Eze,male,"January 15, 1993",D,Maiduguri,FINANCE,Risk Manager,Manager,Full Time,09/07/2020,2021-01-27,2021-08-16,"?1,348,000",5,5,felix.eze@apexbank.ng,0801049,07/02/2026,Terminated
APX1144,Kunle Bankole,male,1988-05-17,MARRIED,Sokoto,Customer Service,Banking Officer,Junior,Full Time,"March 1, 2016","September 9, 2016",2017-04-17,305000,3,15,kunle.bankole@apexbank,0806430,,active
APX1145,Obinna Dike,male,"February 25, 1989",DIVORCED,Lagos,CUSTOMER SERVICE,Senior Credit Officer,Senior,PERMANENT,25/05/2013,2013-03-19,"January 17, 2015","897,000",1,4,obinna.dike@apexbank.com,0807-662-8277,,Active
APX1146,Toyin Adeyemi,Female,1971-12-02,SINGLE,Kano,Retail,Compliance Officer,Junior,Contractor,2017-07-13,24/12/2017,15/06/2022,223000,1,21,toyin.adeyemi@@apexbank.com,08056469803,,ACTIVE
APX1147,Tunde Aliyu,Male,"June 11, 1984",SINGLE,Enugu,Customer Service,Senior Credit Officer,Senior,contract,2020-07-30,"January 1, 2021",30/06/2023,917000,1,3,tunde.aliyu@apexbank.com,0805-686-8019,,ACTIVE
APX1148,Chinwe Anyanwu,female,28/08/1983,Divorced,Maiduguri,Information Technology,Relationship Officer,Mid-Level,Permanent,02/12/2022,11/05/2023,01/01/2024,492000,5,42,chinwe.anyanwu@apexbank.ng,0806-861-7907,,ACTIVE
APX1149,Segun Ojo,MALE,31/01/1983,D,Kaduna,,Senior IT Officer,Senior,CONTRACT,27/01/2017,2017-06-26,27/06/2019,843000,1,0,segun.ojo@apexbank,0808 1756858,,ACTIVE
APX1150,Garba Obi,M,1982-06-16,Married,Uyo,R&C,Executive Director,Director,Permanent,08/10/2022,2023-04-06,"January 1, 2024",3187000,2,5,garba.obi@apexbank.com,0804-561-0330,"January 30, 2027",Exited
APX1151,  Wale Salami,m,1991-08-27,Married,Owerri,HR,Senior Risk Officer,Senior,Full Time,2016-10-12,11/04/2017,"November 21, 2019","?645,000",1,12,wale.salami@apexbank.com,08013603641,,active
APX1152,  Toyin Balogun,FEMALE,31/01/1982,married,Calabar,Human Resources,Senior HR Officer,Senior,Permanent,2011-03-04,"August 27, 2011",2015-09-27,693000,5,18,toyin.balogun@apexbank,0802-150-7278,,active
APX1153,Rita Lawal,Female,08/12/1975,married,Maiduguri,HR,Compliance Officer,Junior,contract,"February 1, 2019",11/07/2019,2021-08-05,287000,1,7,rita.lawal@apexbank.ng,0807 1786982,,active
APX1154,Dayo Okonkwo,MALE,"December 8, 1997",single,Ibadan,Tech,Credit Analyst,Junior,contract,"March 10, 2018","August 13, 2018",2020-06-27,"?241,000",3,4,dayo.okonkwo@apexbank,0803 5347058,,Active
APX1155,Jumoke Taiwo,Female,"August 31, 1978",S,Asaba,Cust Service,HR Officer,Junior,Permanent,22/01/2016,2016-07-19,24/06/2017,265000,2,14,jumoke.taiwo@apexbank,0805-057-9378,,ACTIVE
APX1156,Kemi Aliyu,Female,30/11/1983,single,Abuja,Finance & Accounts,CFO,Director,Permanent,2016-08-13,"June 17, 2016",22/10/2017,3082000,3,19,kemi.aliyu@apexbank.com,0802-584-1293,2018-05-10,Exited
APX1157,Kemi Adewole,f,"July 2, 1975",SINGLE,Port Harcourt,Finance & Accounts,Chief Risk Officer,Director,Full Time,"April 21, 2022","October 31, 2022","August 13, 2023",1602000,4,16,kemi.adewole@apexbank.ng,0806608,"September 9, 2025",Exited
APX1158,Chioma Uche,female,1974-09-13,Married,Enugu,Fin,Banking Executive,Mid-Level,contract,29/09/2011,2012-03-02,2012-10-17,521000,3,14,chioma.uche@apexbank.ng,0807-919-5918,,ACTIVE
APX1159,Lanre Okafor,MALE,"July 7, 1972",DIVORCED,Uyo,I.T,Head of Credit,Manager,permanent,2014-10-16,"April 10, 2015","May 24, 2017",1121000,1,17,lanre.okafor@apexbank.com,0803 2373981,,Active
APX1160,Nkechi Adeyemi,F,"August 27, 1986",Married,Abuja,Retail,HR Officer,Junior,contract,2021-12-20,"July 1, 2022",2024-01-01,N/A,2,0,nkechi.adeyemi@apexbank,08081890112,,ACTIVE
APX1161,Toyin Suleiman,female,1985-05-09,S,Ibadan,Fin,Senior IT Officer,Senior,Contract,2012-03-18,"September 16, 2012",2014-04-23,876000,6,6,toyin.suleiman@,0809897,,ACTIVE
APX1162,Obinna Achebe,m,1994-04-22,Divorced,Kaduna,Tech,Banking Executive,Mid-Level,Full-Time,"December 5, 2013",2014-06-02,26/09/2016,N/A,5,20,obinna.achebe@apexbank,0808 7306287,"August 6, 2015",Terminated
APX1163,Blessing Badmus,f,"May 3, 1984",DIVORCED,Port Harcourt,ICT,Teller,Junior,contract,"April 25, 2014",2014-11-13,19/08/2018,227000,1,5,blessing.badmus@apexbank,08072602240,,active
APX1164,Jumoke Okonkwo,FEMALE,1980-12-07,Married,Owerri,Ops,Teller,Junior,Permanent,"November 9, 2021",02/06/2022,01/01/2024,291000,4,14,jumoke.okonkwo@apexbank.ng,08030817389,31/01/2024,Resigned
APX1165,Ahmed Fol@,M,1979-06-07,SINGLE,Calabar,Human Resources,Executive Director,Director,Contract,05/02/2015,2015-07-24,13/11/2017,2036000,2,10,ahmed.fola@apexbank.ng,0801 8857303,,active
APX1166,  Zainab Uche,female,17/10/1972,MARRIED,Uyo,Human Resource,Executive Director,Director,Contract,30/01/2017,"July 27, 2017","April 5, 2018",2069000,2,4,zainab.uche@apexbank,08036818176,10/07/2023,Terminated
APX1167,Blessing Bankole,f,01/08/1984,Divorced,Kaduna,Retail,Head of Retail,Director,Contractor,2023-11-04,23/04/2024,03/07/2023,2177000,2,0,blessing.bankole@apexbank.ng,0804-082-4605,,ACTIVE
APX1168,Victoria Dike,FEMALE,1975-11-09,Married,Uyo,Risk,Banking Executive,Mid-Level,Contractor,17/02/2021,02/09/2021,"October 4, 2022","?472,000",1,16,victoria.dike@apexbank,0802435,,active
APX1169,Obinna Oluwole,male,05/05/1993,DIVORCED,Calabar,RETAIL,Risk Manager,Manager,Contractor,"July 15, 2012",24/01/2013,08/08/2013,1182000,1,0,obinna.oluwoleapexbank,0808-300-3839,,Active
APX1170,Chidinma Okoro,f,"June 2, 1973",MARRIED,Ilorin,Corporate,Compliance Officer,Junior,Contract,04/05/2013,23/03/2013,08/10/2014,"?325,000",1,22,chidinma.okoro@apexbank,0803-348-4467,,Active
APX1171,Rita Isah,female,1998-11-14,MARRIED,Port Harcourt,HR,Senior Risk Officer,Senior,Full-Time,20/08/2016,04/02/2017,"August 12, 2018",853000,3,15,rita.isah@apexbank.ng,08056379842,,active
APX1172,  Blessing Idris,f,15/11/1975,MARRIED,Lagos,OPERATIONS,Risk Officer,Mid-Level,Contractor,"January 7, 2016","July 4, 2016","June 17, 2017",527000,5,13,blessing.idris@apexbank,0803-673-7337,2018-04-05,exited
APX1173,  Segun Salami,Male,"September 20, 1987",married,Abeokuta,Ops,Senior Manager,Senior,PERMANENT,10/05/2010,22/10/2010,15/12/2012,796000,3,18,segun.salami@apexbank.com,08075134092,,ACTIVE
APX1174,Lanre Ogunyemi,m,13/10/1995,M,Owerri,hr,Finance Manager,Manager,CONTRACT,07/06/2014,"December 10, 2014",04/09/2017,"1,435,000",5,0,lanre.ogunyemi@apexbank.ng,0806 6315444,,Exited
APX1175,Ibrahim Dike,MALE,20/06/1973,divorced,Owerri,Human Resource,Branch Manager,Manager,Contract,2021-10-31,2022-05-27,2023-01-26,"?1,332,000",3,12,ibrahim.dike@apexbank.com,08097435254,,ACTIVE
APX1176,Ifeanyi Oladele,Male,03/07/1980,DIVORCED,Calabar,CORP,Compliance Officer,Junior,CONTRACT,2013-04-30,"September 28, 2013","October 30, 2017",203000,4,9,ifeanyi.oladele@apexbank.ng,08086488776,,ACTIVE
APX1177,Kabiru Mohammed,MALE,21/11/1997,S,Ilorin,CUSTOMER SERVICE,Team Lead,Senior,Contractor,"October 2, 2023",28/04/2024,"January 1, 2024",657000,3,22,kabiru.mohammed@apexbank,08026726849,,ACTIVE
APX1178,Peter Balogun,m,02/08/1988,Married,Owerri,Human Resource,Banking Executive,Mid-Level,contract,"October 26, 2023","April 13, 2024",2024-01-01,472000,5,19,peter.balogun@apexbank.com,08065220932,"November 26, 2026",Exited
APX1179,Fatima Nnaji,Female,"March 23, 1984",Single,Enugu,IT,IT Executive,Mid-Level,permanent,"April 12, 2019",2019-09-17,2024-02-02,587000,3,16,fatima.nnaji@apexbank.ng,0802294,,active
APX1180,Adaeze Bankole,FEMALE,11/05/1992,MARRIED,Uyo,Finance,Head of Retail,Director,CONTRACT,"January 10, 2014",2014-06-20,2017-03-27,2114000,5,10,adaeze.bankole@apexbank,0808387,,Active
APX1181,  Ada Musa,Female,1994-06-13,Single,Port Harcourt,Human Resource,Credit Analyst,Junior,Full Time,21/02/2022,"August 17, 2022","July 8, 2024",249000,1,22,ada.musa@apexbank,08062142700,,active
APX1182,Tunde Ogunyemi,M,"November 5, 1975",divorced,Enugu,,Senior HR Officer,Senior,Contractor,2019-02-01,2019-07-09,"June 22, 2020",N/A,2,17,tunde.ogunyemi@apexbank.com,0802790,,Active
APX1183,Tunde Dike,male,1978-12-12,S,Kaduna,Cust Service,Team Lead,Senior,Contract,09/10/2017,"March 26, 2018",2020-08-10,"?906,000",4,11,tunde.dike@apexbank.ng,08076843631,,Active
APX1184,Ekaette Okoro,f,21/12/1977,S,Uyo,FINANCE,Head of Retail,Director,Full Time,09/10/2022,"April 1, 2023",2023-11-09,2337000,3,5,ekaette.okoro@apexbank,0802629,,active
APX1185,Chukwum@ Bankole,M,2010-11-03,SINGLE,Calabar,Corporate,HR Executive,Mid-Level,contract,2021-03-31,"September 6, 2021",17/12/2024,"568,000",5,12,chukwuma.bankole@apexbank,0808-712-1811,,ACTIVE
APX1186,Fatima Achebe,f,18/02/1982,Married,Asaba,OPERATIONS,Credit Analyst,Junior,Full-Time,18/11/2011,17/04/2012,2015-12-16,"?255,000",1,19,fatima.achebe@apexbank,0802406,,active
APX1187,Segun Anyanwu,m,03/02/1985,S,Calabar,Information Technology,CFO,Director,contract,2018-06-08,"December 2, 2018","July 28, 2020",2567000,5,8,segun.anyanwu@apexbank,0808-012-6432,,ACTIVE
APX1188,Quadri Isah,Male,"August 30, 1978",Single,Lagos,Finance & Accounts,Senior Analyst,Mid-Level,PERMANENT,"November 11, 2023","May 27, 2024",2024-01-01,"?391,000",3,19,quadri.isah@apexbank.ng,08087403768,,Terminated
APX1189,Ifeoma Balogun,f,1984-11-30,MARRIED,Owerri,Information Technology,Risk Manager,Manager,Contract,2018-02-14,16/07/2018,"October 26, 2020",1429000,1,6,ifeoma.balogun@apexbank,0803 1232231,,ACTIVE
APX1190,Chidi Anyanwu,M,"May 8, 1994",single,Maiduguri,FINANCE,Compliance Officer,Junior,PERMANENT,18/05/2022,2022-11-24,"September 3, 2024","?262,000",4,12,chidi.anyanwu@apexbank,0801670,,active
APX1191,Dayo Nwosu,MALE,"November 25, 1975",single,Abeokuta,ICT,Relationship Officer,Mid-Level,Contractor,2017-09-01,2018-02-03,14/03/2022,"?459,000",2,16,dayo.nwosu@apexbank.com,0808-115-8262,,ACTIVE
APX1192,  Emeka Nwosu,M,03/11/1976,single,Calabar,Accounts,Head of Retail,Director,Full-Time,"December 30, 2020",10/07/2021,"May 26, 2024",2746000,6,20,emeka.nwosu@@apexbank.ng,0804678,,active
APX1193,Patience Nwosu,F,1992-01-10,DIVORCED,Kano,Information Technology,Group Head,Director,contract,"February 23, 2020","August 24, 2020","June 16, 2024",3464000,1,19,patience.nwosu@apexbank.ng,08076841225,,ACTIVE
APX1194,Ifeanyi Okoro,MALE,19/10/1976,divorced,Ilorin,FINANCE,Banking Officer,Junior,Contract,08/02/2020,2020-08-04,2024-04-05,"?238,000",3,4,ifeanyi.okoro@apexbank,0805877,,active
APX1195,Ahmed Ogunyemi,Male,1985-05-12,Single,Ibadan,Corp Banking,Customer Rep,Junior,CONTRACT,2020-09-24,"April 5, 2021",26/11/2023,340000,1,6,ahmed.ogunyemi@apexbank.com,08081634013,,Active
APX1196,Sola Isah,Male,1993-07-30,MARRIED,Asaba,Human Resource,Banking Officer,Junior,Full-Time,"July 2, 2017","December 31, 2017",16/09/2020,"317,000",1,13,sola.isah@apexbank.com,0807-209-2415,"March 7, 2020",exited
APX1197,Segun Balogun,MALE,"November 21, 1973",Single,Lagos,Customer Care,Senior Credit Officer,Senior,Contractor,2013-08-17,07/02/2014,05/06/2013,739000,1,9,segun.balogun@apexbank.com,0808166,,active
APX1198,Chidi Nwosu,MALE,09/10/1993,married,Ibadan,Finance & Accounts,IT Executive,Mid-Level,Permanent,2011-08-05,2012-02-10,2016-06-19,"366,000",2,9,chidi.nwosu@apexbank,0801 2994284,,Active
APX1199,Blessing Adeleke,f,1998-08-10,Single,Owerri,Corporate,Customer Rep,Junior,Permanent,06/10/2019,2020-04-27,07/04/2022,245000,4,3,blessing.adeleke@apexbank.com,0801307,,active
APX1200,Jibril Dike,male,17/03/1985,SINGLE,Maiduguri,Finance & Accounts,Senior HR Officer,Senior,Full-Time,06/05/2013,2013-10-16,2014-06-13,"778,000",6,20,jibril.dike@apexbank,0803014,"October 18, 2023",active
APX1201,Blessing Mohammed,female,11/12/1979,Divorced,Ilorin,Corporate,HR Officer,Junior,Contract,"October 3, 2015",2016-03-23,22/04/2020,N/A,2,36,blessing.mohammed@apexbank.ng,0809-880-8487,"January 3, 2017",Exited
APX1202,Yetunde Salami,F,1971-02-15,MARRIED,Port Harcourt,Information Technology,HR Officer,Junior,CONTRACT,2013-06-09,"December 1, 2013","August 28, 2015",236000,3,15,yetunde.salami@apexbank.com,0801 7910910,,Active
APX1203,  Zainab Balogun,FEMALE,1970-12-03,S,Sokoto,Operations,Senior Risk Officer,Senior,Full Time,2010-11-27,2011-06-02,29/06/2013,864000,3,1,zainab.balogun@apexbank.com,0803 0537042,,ACTIVE
APX1204,Zainab Igwe,Female,"May 16, 1975",married,Enugu,CUSTOMER SERVICE,IT Support,Junior,contract,"July 20, 2013",05/01/2014,2015-02-24,"283,000",1,16,zainab.igwe@apexbank.com,08057740446,,ACTIVE
APX1205,Ibrahim Taiwo,M,"July 2, 1983",DIVORCED,Uyo,HR,CFO,Director,Full Time,08/11/2020,"April 12, 2021",2020-08-13,,2,22,ibrahim.taiwo@apexbank.com,08030965948,17/04/2024,Terminated
APX1206,Ahmed Okafor,male,2010-12-25,Single,Maiduguri,Risk,CFO,Director,permanent,2015-10-22,"March 30, 2016",14/12/2016,"?2,635,000",4,20,ahmed.okafor@apexbank.ng,0802 3874505,02/06/2023,Active
APX1207,Miriam Salami,F,15/08/1973,SINGLE,Calabar,,Risk Manager,Manager,permanent,"June 15, 2023","December 3, 2023",01/01/2024,1280000,2,27,miriam.salami@apexbank.com,0806 1521186,,active
APX1208,Jumoke Olanrewaju,f,"October 10, 1971",Single,Benin City,Accounts,Compliance Officer,Junior,Full-Time,02/08/2017,"January 1, 2018",24/03/2019,221000,4,15,jumoke.olanrewaju@apexbank.ng,0809 8168403,,active
APX1209,Helen Okoro,Female,"October 18, 1993",MARRIED,Kano,Ops,Compliance Officer,Junior,permanent,2023-10-18,26/03/2024,"January 1, 2024",233000,3,13,helen.okoro@apexbank.ng,08032097968,,ACTIVE
APX1210,Fatima Igwe,FEMALE,"February 15, 1982",M,Enugu,Customer Service,Banking Officer,Junior,Contract,04/09/2016,13/03/2017,"August 31, 2021",N/A,1,13,fatima.igwe@@apexbank,0805-693-2249,,Active
APX1211,Chinwe Okafor,F,1979-12-01,DIVORCED,Ilorin,IT,HR Manager,Manager,Full Time,24/12/2017,02/06/2018,"November 21, 2021","?1,162,000",1,9,chinwe.okafor@apexbank.ng,08032550594,,ACTIVE
APX1212,Bello Salami,male,"May 20, 1984",single,Owerri,Compliance,HR Manager,Manager,Permanent,"May 14, 2022",2022-11-05,01/01/2024,N/A,1,9,bello.salami@apexbank.ng,08065377192,,ACTIVE
APX1213,  Femi Aliyu,male,05/09/1971,Divorced,Uyo,Compliance,CFO,Director,Contract,"April 28, 2011",2011-11-13,"August 28, 2012",3279000,2,11,femi.aliyu@apexbank.com,08017302380,,Active
APX1214,Ekaette Ekwu,female,1986-11-03,married,Maiduguri,Cust Service,Executive Director,Director,Contract,13/06/2016,07/01/2017,03/06/2018,1845000,4,10,ekaette.ekwu@apexbank.ng,0808-504-6430,,Active
APX1215,Segun Ogunyemi,Male,"February 3, 1988",M,Abuja,I.T,HR Manager,Manager,Contractor,19/08/2010,2011-01-31,"March 31, 2014",1161000,5,15,segun.ogunyemi@apexbank.ng,0807-592-1987,,active
APX1216,Peter Nwosu,male,15/03/1989,SINGLE,Enugu,Risk,Senior Risk Officer,Senior,Full Time,"June 24, 2011","November 10, 2014",12/06/2014,"?711,000",3,20,peter.nwosu@apexbank.com,0801-783-2847,,Active
APX1217,Nn@mdi Bello,m,"February 21, 1979",S,Owerri,OPERATIONS,Risk Manager,Manager,CONTRACT,2023-02-15,"July 15, 2023",01/01/2024,1348000,1,6,nnamdi.bello@apexbank.com,0801-754-7768,,Active
APX1218,Biodun Idris,MALE,"June 19, 1987",M,Owerri,Cust Service,Banking Executive,Mid-Level,CONTRACT,2018-08-26,"January 24, 2019",10/04/2022,492000,3,6,biodun.idris@apexbank.ng,0806661,,ACTIVE
APX1219,Dayo Adewole,male,13/10/1973,divorced,Sokoto,Customer Service,Banking Officer,Junior,Contractor,"February 16, 2014",2014-11-04,2016-02-06,"?318,000",3,22,dayo.adewole@apexbank,0802-548-8689,,ACTIVE
APX1220,Chidinma Okonkwo,FEMALE,19/09/1983,S,Kaduna,,IT Manager,Manager,PERMANENT,23/10/2023,22/07/2023,"January 1, 2024",1059000,3,19,chidinma.okonkwo@apexbank.com,0801 7388807,,Active
APX1221,Amaka Yusuf,FEMALE,1971-05-07,single,Enugu,CUSTOMER SERVICE,IT Support,Junior,Contract,"November 4, 2015",2016-04-18,2018-11-15,"220,000",2,5,amaka.yusuf@apexbank,0804-242-5015,,ACTIVE
APX1222,Uche Anyanwu,M,06/10/1997,divorced,Asaba,Corporate Banking,Director of Operations,Director,Full-Time,"September 15, 2012",30/03/2013,"September 2, 2016",N/A,2,0,uche.anyanwu@apexbank.ng,08091812225,2023-12-04,ACTIVE
APX1223,Rita Achebe,female,04/03/1986,Married,Sokoto,CUSTOMER SERVICE,Executive Director,Director,PERMANENT,13/06/2018,19/11/2018,2019-11-10,3071000,2,15,rita.achebe@apexbank.com,0803922,,active
APX1224,  Tunde Fola,m,"April 19, 1992",M,Enugu,Risk/Compliance,Branch Manager,Manager,contract,"March 21, 2010","September 8, 2010",05/10/2011,"?1,476,000",4,4,tunde.fola@apexbank,0803089,,ACTIVE
APX1225,Ahmed Anyanwu,M,"November 13, 1996",divorced,Calabar,Retail Bank,Banking Officer,Junior,PERMANENT,"May 7, 2023","November 24, 2023","January 1, 2024","302,000",2,6,ahmed.anyanwu@apexbank.com,0807 8099856,,Active
APX1226,Jumoke Adeleke,female,"February 20, 1983",divorced,Abuja,CORP,Branch Manager,Manager,contract,01/10/2015,2016-03-27,"December 12, 2019",1128000,4,10,jumoke.adeleke@apexbank,0806 4622061,,Active
APX1227,Ada Okonkwo,female,"July 28, 1992",SINGLE,Abeokuta,Operations,IT Executive,Mid-Level,Permanent,10/05/2010,2010-12-01,2012-07-06,,5,1,ada.okonkwo@apexbank,0809099,,Active
APX1228,Chidinm@ Suleiman,f,1987-07-13,MARRIED,Abeokuta,Risk,HR Executive,Mid-Level,Permanent,"November 1, 2014",10/04/2015,14/09/2019,422000,1,18,chidinma.suleimanapexbank.com,0802115,,Active
APX1229,  Nnamdi Aliyu,MALE,"December 1, 1986",married,Enugu,Operations,Regional Manager,Manager,contract,"January 19, 2011",2011-08-05,"November 27, 2012","?1,002,000",2,22,nnamdi.aliyuapexbank.ng,08069288419,,Active
APX1230,Samuel Okonkwo,Male,1995-08-25,single,Ibadan,Risk & Compliance,IT Executive,Mid-Level,Permanent,"November 14, 2022","September 10, 2014",01/01/2024,528000,5,8,samuel.okonkwo@apexbank.com,0808-213-5840,,Active
APX1231,Ad@ Igwe,F,12/01/1972,divorced,Abeokuta,Retail Banking,Finance Manager,Manager,Permanent,"April 30, 2022",19/11/2022,"August 13, 2024",1348000,7,21,ada.igwe@apexbank.ng,0801 0976266,"November 28, 2028",Terminated
APX1232,Chinwe Ogunyemi,F,1981-10-09,Divorced,Abeokuta,Risk,Banking Executive,Mid-Level,Full Time,04/04/2021,22/09/2021,2022-09-26,"595,000",1,0,chinwe.ogunyemi@apexbank.ng,0805-382-2220,,Active
APX1233,Ekaette Salami,f,1982-04-14,single,Calabar,OPERATIONS,Senior Analyst,Mid-Level,Contract,12/06/2022,"December 22, 2021",2023-09-27,"?400,000",3,1,ekaette.salami@apexbank.com,0801-246-3388,,active
APX1234,Victoria Idris,female,"November 18, 1970",M,Maiduguri,Retail,Credit Analyst,Junior,Contractor,2019-11-08,2020-05-20,"August 26, 2024",186000,5,9,victoria.idris@apexbank.com,08087612519,,active
APX1235,Tunde Oluwole,M,1976-03-30,M,Abuja,Ops,Compliance Officer,Junior,permanent,2010-01-06,"June 11, 2010",2009-06-30,291000,4,7,tunde.oluwole@apexbank.ng,0803 0650214,2012-01-05,Resigned
APX1236,Nnamdi Nnaji,m,"June 12, 1998",divorced,Kano,CORP,Credit Analyst,Junior,contract,2011-02-16,2011-09-11,"May 16, 2012",239000,2,22,nnamdi.nnaji@apexbank.ng,0806529,2015-09-18,Exited
APX1237,  Ekaette Anyanwu,Female,"March 21, 1981",Single,Owerri,Operation,Team Lead,Senior,Contract,2018-02-14,2018-08-15,27/07/2019,941000,3,5,ekaette.anyanwu@apexbank,0804-635-3020,08/03/2024,exited
APX1238,Helen Olanrewaju,female,"September 30, 1996",S,Lagos,Ops,Banking Officer,Junior,Full-Time,"August 17, 2022","January 16, 2023","January 1, 2024",290000,3,14,helen.olanrewaju@apexbank.com,0802-106-3913,,active
APX1239,Blessing Bello,Female,1976-02-19,S,Kaduna,Corporate Banking,Customer Rep,Junior,CONTRACT,20/08/2013,2014-02-03,"November 17, 2014",297000,3,7,blessing.bello@apexbank.com,0806-252-6614,,ACTIVE
APX1240,Ekaette Isah,FEMALE,2010-02-27,Divorced,Kaduna,hr,Head of Credit,Manager,Full-Time,10/08/2019,31/01/2020,13/08/2022,"?1,151,000",4,5,ekaette.isah@apexbank,0807943,,Active
APX1241,Patience Obi,f,1990-05-08,married,Port Harcourt,Risk/Compliance,Risk Manager,Manager,Contractor,"April 2, 2013",2014-07-22,2015-11-03,N/A,3,21,patience.obi@apexbank,08057649081,19/10/2015,Terminated
APX1242,Zara Yusuf,Female,"October 29, 1979",M,Ibadan,Compliance,Teller,Junior,PERMANENT,2019-05-30,2019-11-24,2020-12-27,242000,2,4,zara.yusuf@apexbank.com,0806 7922892,25/07/2020,Resigned
APX1243,Babatunde Isah,M,27/05/1985,Married,Ilorin,HR,Chief Risk Officer,Director,Full-Time,12/12/2023,"May 12, 2024","January 1, 2024",3048000,5,22,babatunde.isah@apexbank,0802645,,active
APX1244,Obinna Olanrewaju,m,"March 5, 1981",Married,Ilorin,IT,Regional Manager,Manager,Contractor,"November 11, 2011",21/05/2012,2016-01-20,1144000,5,11,obinna.olanrewaju@apexbank,0806-082-4530,,active
APX1245,Eniola Ojo,female,"October 8, 1988",DIVORCED,Ibadan,Retail Bank,HR Executive,Mid-Level,contract,"August 27, 2018",19/02/2019,"March 8, 2022","?598,000",4,28,eniola.ojo@apexbank,0806-354-7310,,active
APX1246,Garba Bello,male,12/05/1970,M,Asaba,Compliance,Compliance Officer,Junior,Full Time,2023-08-15,20/01/2024,"November 20, 2022","244,000",1,22,garba.bello@apexbank.ng,0802886,10/04/2023,active
APX1247,Patience Okonkwo,F,08/12/1988,Single,Asaba,Ops,Head of Credit,Manager,Contract,2012-04-17,"October 2, 2012","August 7, 2014",0,4,3,patience.okonkwo@apexbank,0806-439-3592,,ACTIVE
APX1248,Ngozi Dike,F,"August 25, 1994",MARRIED,Port Harcourt,Accounts,Senior Manager,Senior,Contract,2012-06-11,2012-12-11,27/08/2013,N/A,1,2,ngozi.dike@apexbank,0804143,,Active
APX1249,Obinna Uche,Male,"June 19, 1974",M,Calabar,HR,Group Head,Director,Full-Time,22/12/2021,11/07/2022,2023-08-07,2736000,3,1,obinna.uche@apexbank.ng,08060278961,,Active
APX1250,Bello Igwe,male,01/05/1987,DIVORCED,Kano,Finance,IT Executive,Mid-Level,Permanent,"October 7, 2023",17/03/2024,01/01/2024,435000,3,21,bello.igwe@apexbank.com,0805 1114941,,ACTIVE
APX1251,Kemi Badmus,FEMALE,"March 31, 1989",S,Abeokuta,,HR Manager,Manager,Contractor,"January 6, 2013",03/08/2013,"November 7, 2015","1,289,000",2,7,kemi.badmus@apexbank,08090902281,,ACTIVE
APX1252,Adaeze Musa,F,"March 7, 1972",S,Lagos,Finance,Finance Manager,Manager,CONTRACT,"March 29, 2014",2014-09-22,26/04/2018,"1,126,000",2,5,adaeze.musaapexbank.com,0805 7133366,"May 9, 2020",Resigned
APX1253,Vivian Dike,F,04/11/1970,DIVORCED,Port Harcourt,CORP,IT Support,Junior,CONTRACT,"May 30, 2013","December 13, 2013",09/05/2016,2394026,3,11,vivian.dike@apexbank,08063092296,,active
APX1254,Seun Owolabi,MALE,"March 6, 1974",Single,Enugu,Information Technology,Senior HR Officer,Senior,contract,06/03/2015,"September 3, 2015","August 22, 2018",741000,1,16,seun.owolabi@apexbank.ng,08078088292,,Active
APX1255,  Damilola Igwe,Female,19/04/1982,D,Ibadan,Retail,Senior Risk Officer,Senior,CONTRACT,"January 17, 2013",23/06/2013,05/09/2015,666000,1,4,damilola.igwe@apexbank,08080774841,,ACTIVE
APX1256,Damilola Achebe,Female,23/03/1986,married,Maiduguri,CS,Relationship Officer,Mid-Level,Contract,"August 8, 2019",2020-01-21,2022-04-13,402000,1,21,damilola.achebe@apexbank.com,0806-207-4767,,ACTIVE
APX1257,Zara Achebe,f,1975-04-09,D,Asaba,R&C,Teller,Junior,Permanent,01/03/2022,07/08/2022,04/09/2024,-148460,5,5,zara.achebe@apexbank,0807 8333702,,ACTIVE
APX1258,Babatunde Fola,Male,10/09/1976,Divorced,Abeokuta,Information Technology,Teller,Junior,Permanent,"November 18, 2023",2024-04-16,01/01/2024,N/A,5,19,babatunde.fola@apexbank.com,0807 7118637,,active
APX1259,Nkechi Salami,F,"December 24, 1997",SINGLE,Kano,Risk,HR Officer,Junior,Full-Time,2017-12-14,09/06/2018,13/02/2020,"229,000",1,18,nkechi.salami@apexbank.ng,0807 5696470,,active
APX1260,Obiageli Fola,F,"November 26, 1970",MARRIED,Kaduna,,Branch Manager,Manager,contract,"April 15, 2011",09/10/2011,"October 5, 2013","1,331,000",3,7,obiageli.fola@apexbank.com,0809-304-2104,,ACTIVE
APX1261,Zara Ogunyemi,f,22/06/1986,M,Owerri,Human Resources,Relationship Officer,Mid-Level,PERMANENT,09/08/2018,2019-02-08,18/02/2020,"?593,000",2,10,zara.ogunyemi@apexbank.ng,0805842,,ACTIVE
APX1262,  Yetunde Anyanwu,F,1994-12-27,D,Sokoto,Risk/Compliance,Senior HR Officer,Senior,Full Time,07/12/2010,2011-06-01,"March 14, 2013","?816,000",3,19,yetunde.anyanwu@apexbank.ng,0808 6841984,,Active
APX1263,Ebuka Okonkwo,Male,1981-03-04,Single,Benin City,hr,Risk Officer,Mid-Level,Permanent,14/06/2023,2023-11-28,2024-01-01,447000,2,3,ebuka.okonkwo@apexbank,0803-470-1278,,active
APX1264,Sola Bello,m,"April 1, 1989",M,Ibadan,Human Resources,Senior IT Officer,Senior,Contractor,2018-01-29,2018-08-24,23/05/2022,"795,000",2,3,sola.bello@apexbank.com,0803 8382286,,Active
APX1265,Funmilayo Owolabi,Female,1992-03-12,Single,Uyo,IT,Senior Manager,Senior,Full-Time,14/01/2020,2020-06-12,"June 21, 2023",944000,5,9,funmilayo.owolabi@apexbank,0808-641-7874,,Active
APX1266,Wale Uche,M,1993-06-06,S,Uyo,CUSTOMER SERVICE,Team Lead,Senior,Full-Time,"November 30, 2022","May 10, 2023","January 1, 2024",923000,4,31,wale.uche@apexbank.ng,0805905,,active
APX1267,Helen Ojo,female,"January 5, 1992",M,Kaduna,Operations,CFO,Director,Permanent,2013-06-07,"April 4, 2013","January 15, 2018",N/A,6,17,helen.ojo@apexbank,0808502,2018-07-31,Resigned
APX1268,Obiageli Isah,FEMALE,28/07/1993,Single,Owerri,RETAIL,Credit Analyst,Junior,permanent,14/05/2021,"December 3, 2021","April 26, 2024",207000,4,4,obiageli.isah@apexbank.ng,0807 3812724,,ACTIVE
APX1269,  Tunde Dike,m,03/05/1997,D,Ibadan,Ops,Regional Manager,Manager,Contract,"December 30, 2019","July 1, 2020","January 24, 2022",1311000,5,1,tunde.dike@apexbank,08032312011,,Active
APX1270,Ada Badmus,Female,13/02/1977,Single,Abuja,hr,Customer Rep,Junior,Permanent,2012-08-09,25/02/2013,09/07/2017,319000,2,3,ada.badmus@apexbank,0804237,,ACTIVE
APX1271,Chidinma Adewole,female,"March 20, 1970",single,Kano,Risk/Compliance,IT Manager,Manager,Full Time,17/01/2019,"June 25, 2019",2020-09-14,1024000,1,15,chidinma.adewole@apexbank,0807 2155519,,Active
APX1272,Ada Badmus,FEMALE,17/08/1979,D,Uyo,Operation,Teller,Junior,Full Time,2013-04-30,2013-10-08,"March 17, 2017",315000,1,13,ada.badmus@apexbank.com,08018495757,,ACTIVE
APX1273,Queen Ekwu,female,"December 30, 1978",DIVORCED,Uyo,Cust Service,CFO,Director,Contract,08/01/2015,"June 26, 2015","April 16, 2019",1826000,3,22,queen.ekwu@apexbank.com,0805 8340492,,Resigned
APX1274,Nnamdi Adewole,m,"January 12, 1972",S,Uyo,Operation,Chief Risk Officer,Director,Permanent,2012-02-02,"August 2, 2012",05/10/2014,1784000,3,6,nnamdi.adewole@apexbank.com,0806 0433229,,active
APX1275,Kunle Bello,m,"June 21, 1998",married,Ibadan,hr,Senior Risk Officer,Senior,Full-Time,19/09/2018,"March 18, 2019",02/11/2021,745000,1,11,kunle.bello@apexbank,0809-567-6926,,active
APX1276,Dolapo Uche,f,"January 24, 1997",Divorced,Benin City,Corp Banking,Director of Operations,Director,Permanent,16/01/2010,26/06/2010,16/09/2011,"2,382,000",2,20,dolapo.uche@apexbank.com,0807514,,Active
APX1277,Vivian Olanrewaju,f,1993-08-08,M,Sokoto,Customer Service,Teller,Junior,permanent,2013-02-21,2013-09-05,"April 23, 2014",203000,4,15,vivian.olanrewajuapexbank,0809 1376517,,active
APX1278,Kunle Aliyu,Male,"May 6, 1973",married,Maiduguri,R&C,Senior HR Officer,Senior,CONTRACT,2013-02-03,"August 11, 2013",14/12/2017,653000,4,20,kunle.aliyu@apexbank.com,0809049,,active
APX1279,Jumoke Okafor,Female,08/07/1992,D,Port Harcourt,RETAIL,Executive Director,Director,CONTRACT,"September 3, 2022","March 14, 2023",01/01/2024,"?2,311,000",4,18,jumoke.okafor@apexbank.com,0809678,,ACTIVE
APX1280,Zara Musa,F,"May 28, 1993",SINGLE,Kano,Operations,Senior Risk Officer,Senior,Full-Time,"May 1, 2023","October 28, 2023",01/01/2024,"919,000",1,7,zara.musa@apexbank.ng,0802483,,active
APX1281,Chukwuma Okafor,male,03/10/1973,divorced,Port Harcourt,Ops,Senior IT Officer,Senior,Full Time,2013-08-31,17/02/2014,16/03/2013,795000,4,11,chukwuma.okafor@apexbank.ng,08067630439,,ACTIVE
APX1282,Dolapo Anyanwu,f,02/09/1993,married,Ibadan,Customer Service,Head of Retail,Director,Full-Time,16/03/2017,03/09/2017,"July 13, 2018",2273000,2,4,dolapo.anyanwu@apexbank.com,0801-933-1253,"May 22, 2021",Resigned
APX1283,Zara Aliyu,f,"December 21, 1986",M,Benin City,Retail,Senior Credit Officer,Senior,Full Time,"January 3, 2023",08/07/2023,"May 14, 2024","831,000",3,4,zara.aliyu@apexbank.ng,0808-912-1281,2023-12-05,ACTIVE
APX1284,  Kemi Bankole,FEMALE,01/05/1970,M,Kano,Retail,Relationship Officer,Mid-Level,contract,"May 30, 2015",2015-10-30,2017-06-27,"376,000",3,5,kemi.bankole@apexbank.com,0809489,,ACTIVE
APX1285,Emeka Adeleke,Male,"April 19, 1981",divorced,Abeokuta,Corp Banking,Senior Risk Officer,Senior,PERMANENT,20/11/2016,06/07/2016,25/12/2017,"?885,000",5,17,emeka.adeleke@apexbank.ng,0806-793-4641,"September 22, 2018",Terminated
APX1286,Kemi Ogunyemi,f,1972-02-29,MARRIED,Kano,Fin,Group Head,Director,contract,01/09/2019,"April 23, 2019",01/03/2021,1703000,4,12,kemi.ogunyemi@apexbank,08097977237,,active
APX1287,Ek@ette Olanrewaju,Female,"November 30, 1979",Married,Owerri,H.R,Senior IT Officer,Senior,permanent,09/11/2017,2018-05-12,"September 25, 2022",N/A,2,4,ekaette.olanrewaju@apexbank.ng,0801 5015140,,active
APX1288,Dayo Mohammed,m,29/10/1988,Divorced,Lagos,ICT,Senior Analyst,Mid-Level,Contract,2012-09-07,"March 31, 2013",2017-07-31,548000,1,11,dayo.mohammed@apexbank.com,0802-086-6329,,active
APX1289,Ahmed Akinwale,M,1990-09-29,single,Lagos,Ops,Executive Director,Director,contract,2010-12-06,09/06/2011,18/08/2014,2015000,5,11,ahmed.akinwale@apexbank.com,0809-124-0805,"April 5, 2023",Active
APX1290,W@le Ogunyemi,MALE,25/02/1985,married,Asaba,R&C,Credit Analyst,Junior,Full-Time,"October 16, 2018","April 20, 2019","December 11, 2019","?264,000",6,9,wale.ogunyemi@apexbank.ng,0802 9380872,,Active
APX1291,Lara Dike,FEMALE,"November 3, 1993",MARRIED,Abuja,Operations,Senior HR Officer,Senior,contract,2014-08-28,2015-02-22,31/08/2015,761000,2,4,lara.dike@apexbank.com,0807-265-1721,,ACTIVE
APX1292,Queen Dike,f,1988-07-08,married,Maiduguri,Retail,Team Lead,Senior,Permanent,2018-11-12,"May 10, 2019","May 18, 2021",840000,5,33,queen.dike@apexbank.ng,08065910600,2023-11-28,exited
APX1293,Lanre Olanrewaju,Male,"October 3, 1987",married,Ibadan,Cust Service,Head of Retail,Director,Full Time,"August 13, 2021","February 20, 2022","January 1, 2024",3127000,2,4,lanre.olanrewaju@apexbank.ng,0808222,,ACTIVE
APX1294,Rasheed Salami,MALE,1990-07-21,M,Ibadan,Information Technology,Compliance Officer,Junior,Full-Time,2019-03-23,2019-09-11,01/12/2023,"282,000",5,2,rasheed.salami@apexbank.ng,0808 8447039,,Active
APX1295,Lara Ekwu,F,"February 15, 1971",DIVORCED,Uyo,CUSTOMER SERVICE,Head of Credit,Manager,CONTRACT,01/08/2012,26/01/2013,"July 23, 2015",1166000,2,9,lara.ekwu@apexbank.ng,0805-708-9770,,active
APX1296,Rita Bassey,f,"May 25, 1982",Married,Abeokuta,Operations,Relationship Officer,Mid-Level,permanent,19/06/2015,"November 24, 2015",20/03/2018,509000,2,3,rita.bassey@apexbank.com,0803-028-5549,,ACTIVE
APX1297,Felix Eze,Male,27/03/1983,Married,Enugu,FINANCE,Branch Manager,Manager,Contractor,"June 16, 2014","January 1, 2015",2016-07-08,1436000,2,9,felix.eze@apexbank,0805 7265180,,active
APX1298,Obiageli Nnaji,Female,"August 2, 1988",D,Lagos,I.T,Relationship Officer,Mid-Level,contract,"January 28, 2011","August 3, 2011",2012-01-29,0,3,7,obiageli.nnaji@apexbank,0809277,,ACTIVE
APX1299,Adaeze Ibrahim,F,1992-01-10,MARRIED,Sokoto,Human Resources,HR Manager,Manager,PERMANENT,31/05/2012,"November 25, 2012",2014-08-12,"1,203,000",5,6,adaeze.ibrahim@apexbank,0806 8163668,2023-10-07,active
APX1300,Babatunde Owolabi,MALE,"October 3, 1996",SINGLE,Ilorin,Finance & Accounts,IT Executive,Mid-Level,contract,"February 4, 2010",25/08/2010,31/05/2013,"?533,000",2,16,babatunde.owolabi@apexbank.ng,0802-204-1244,,Active
APX1301,Ifeoma Ekwu,f,1997-09-17,single,Kaduna,Fin,Risk Officer,Mid-Level,PERMANENT,2019-12-17,2020-05-20,"May 20, 2022",540000,5,16,ifeoma.ekwu@apexbank.ng,0809831,,Active
APX1302,Yetunde Okonkwo,f,1980-01-31,Single,Benin City,Corp Banking,CFO,Director,Contractor,19/01/2012,"August 16, 2012",2013-05-17,"?3,283,000",2,7,yetunde.okonkwo@apexbank.ng,0809800,,active
APX1303,Fatima Adeyemi,FEMALE,1975-08-12,M,Port Harcourt,Corporate Banking,Team Lead,Senior,CONTRACT,"April 1, 2010","September 1, 2010",14/08/2014,701000,1,6,fatima.adeyemi@apexbank.com,0806 8613995,,Active
APX1304,Chioma Okoro,FEMALE,"April 19, 1987",Single,Port Harcourt,IT,Executive Director,Director,Contract,2023-11-21,"June 3, 2023","January 1, 2024",2499000,2,21,chioma.okoro@apexbank.com,08084420958,,ACTIVE
APX1305,Ekaette Nnaji,Female,"June 18, 1976",divorced,Sokoto,Accounts,Team Lead,Senior,CONTRACT,16/01/2017,27/06/2017,09/09/2020,688000,2,22,ekaette.nnaji@apexbank,0808626,,ACTIVE
APX1306,Dayo Ekwu,M,03/05/1992,Single,Ibadan,Finance & Accounts,Group Head,Director,Full Time,2011-10-14,06/05/2012,18/09/2016,"?3,253,000",3,8,dayo.ekwu@apexbank.com,0808 7769441,,active
APX1307,Jibril Ekwu,M,"June 14, 1993",S,Port Harcourt,OPERATIONS,Regional Manager,Manager,Contract,"August 5, 2011",09/02/2012,"August 24, 2014",1261000,5,13,jibril.ekwu@apexbank,08084485287,,Active
APX1308,Rita Owolabi,Female,15/03/1980,married,Kano,,Head of Credit,Manager,CONTRACT,2019-10-26,21/05/2020,15/03/2022,1493000,5,14,rita.owolabi@apexbank.ng,0806-842-0154,,Active
APX1309,Garba Bassey,m,"September 14, 1989",single,Lagos,Compliance,Risk Officer,Mid-Level,permanent,2020-02-24,"September 11, 2020","July 31, 2023",391000,4,27,garba.bassey@apexbank.com,0802-455-9544,,active
APX1310,Chukwuma Salami,M,17/07/1975,DIVORCED,Owerri,Compliance,Executive Director,Director,Full Time,30/07/2010,31/12/2010,"August 21, 2013",2118000,1,10,chukwuma.salami@apexbank.ng,08031029157,,ACTIVE
APX1311,Jumoke Okonkwo,female,29/01/1982,D,Uyo,HR,Head of Retail,Director,Full Time,20/08/2015,10/02/2016,2019-03-19,"?2,947,000",2,2,jumoke.okonkwo@apexbank,0802-043-2577,,ACTIVE
APX1312,Funmilayo Fola,female,"November 2, 1992",M,Uyo,FINANCE,Senior Analyst,Mid-Level,PERMANENT,05/08/2022,09/01/2023,01/01/2024,404000,4,12,funmilayo.fola@apexbank.ng,0803649,,Active
APX1313,  Nkechi Salami,f,"May 6, 1974",MARRIED,Kaduna,CS,Senior Manager,Senior,contract,2020-12-08,"June 3, 2021","June 20, 2022",803000,3,10,nkechi.salami@apexbank.com,0808 9670683,,active
APX1314,Kemi Igwe,FEMALE,1998-11-08,divorced,Enugu,H.R,Risk Officer,Mid-Level,contract,2011-08-18,2012-02-09,"February 1, 2016",364000,2,12,kemi.igweapexbank,0808927,,Active
APX1315,Kola Okoro,male,27/10/1989,divorced,Uyo,Accounts,Chief Risk Officer,Director,contract,"October 19, 2014","March 24, 2015","November 11, 2018",2534000,1,3,kola.okoro@apexbank.com,0804 0463781,,Active
APX1316,Mohammed Lawal,MALE,"May 19, 1992",SINGLE,Sokoto,Ops,Senior HR Officer,Senior,PERMANENT,2020-07-09,"January 4, 2021","November 10, 2022",725000,3,3,mohammed.lawal@apexbank.com,0807591,,active
APX1317,Dolapo Agu,f,"March 29, 1975",Divorced,Port Harcourt,CS,Risk Officer,Mid-Level,Contractor,12/12/2011,2012-05-12,"May 31, 2014",550000,2,6,dolapo.agu@apexbank.ng,0808325,,ACTIVE
APX1318,Sola Fola,MALE,04/05/1996,M,Sokoto,CS,Team Lead,Senior,Permanent,2020-06-25,2020-12-21,"December 1, 2024","?864,000",4,6,sola.fola@apexbank.ng,0801-403-5337,,ACTIVE
APX1319,Jibril Okonkwo,MALE,1975-09-25,single,Uyo,I.T,Senior Risk Officer,Senior,Contractor,2022-05-22,"November 15, 2022",01/01/2024,913000,3,19,jibril.okonkwo@apexbank,08031150525,,ACTIVE
APX1320,  Helen Taiwo,FEMALE,"March 29, 1987",single,Uyo,HR,HR Manager,Manager,Contractor,"January 19, 2017","July 6, 2017","October 10, 2020",N/A,5,17,helen.taiwo@apexbank,0807243,,Active
APX1321,Rex Agu,male,"April 24, 1988",MARRIED,Asaba,Tech,Head of Credit,Manager,Contract,12/03/2019,2019-09-21,16/12/2020,"?1,378,000",2,14,rex.agu@apexbank.com,08042336600,,active
APX1322,Vivian Balogun,f,1981-04-15,married,Sokoto,Tech,Executive Director,Director,PERMANENT,"August 17, 2012","March 11, 2013","December 9, 2016",2816000,2,22,vivian.balogun@apexbank.ng,0804 2867901,,ACTIVE
APX1323,Jibril Adeyemi,male,30/12/1987,divorced,Sokoto,CUSTOMER SERVICE,IT Manager,Manager,Permanent,2012-08-13,03/02/2013,2016-10-16,N/A,1,19,jibril.adeyemi@apexbank.ng,0806-484-8893,,ACTIVE
APX1324,Quadri Ekwu,MALE,"August 31, 1973",married,Sokoto,Finance,Senior HR Officer,Senior,Contractor,2010-12-10,17/05/2011,2014-09-01,844000,4,7,quadri.ekwu@apexbank.com,0807-733-3781,,ACTIVE
APX1325,Kabiru Okonkwo,m,24/09/1985,DIVORCED,Owerri,Human Resource,Head of Credit,Manager,Contractor,28/03/2013,30/09/2013,10/10/2014,1481000,4,19,kabiru.okonkwo@apexbank.ng,0804 5361920,,Active
APX1326,Seun Ekwu,male,29/10/1978,SINGLE,Maiduguri,Corporate,HR Executive,Mid-Level,PERMANENT,"December 15, 2023",2024-07-10,01/01/2024,N/A,4,19,seun.ekwu@apexbank,0806368,,active
APX1327,Jibril Ogunyemi,m,1982-07-11,S,Asaba,Accounts,Group Head,Director,Full Time,"December 12, 2021",27/05/2022,01/01/2024,3485000,2,43,jibril.ogunyemi@apexbank.ng,0806 1450461,,ACTIVE
APX1328,Ekaette Yusuf,F,16/08/1997,DIVORCED,Asaba,Customer Service,Senior HR Officer,Senior,Permanent,11/08/2019,"February 16, 2020","May 5, 2021",806000,5,9,ekaette.yusuf@apexbank.com,0803390,,exited
APX1329,  Segun Balogun,m,09/09/1988,married,Ilorin,Operation,Group Head,Director,permanent,2020-12-22,"May 24, 2021",2024-12-21,3390000,3,5,segun.balogun@apexbank.ng,0801-521-0117,,exited
APX1330,Garba Anyanwu,M,"January 4, 1982",M,Uyo,RETAIL,IT Manager,Manager,Contract,2016-01-19,"August 9, 2016","January 10, 2019",1044000,3,43,garba.anyanwu@apexbank,0809 0579886,,exited
APX1331,H@runa Oladele,MALE,1973-11-25,SINGLE,Enugu,Finance & Accounts,Senior HR Officer,Senior,CONTRACT,2012-10-09,2013-05-06,20/04/2017,773000,1,21,haruna.oladele@apexbank.ng,08078422958,,ACTIVE
APX1332,Zainab Aliyu,F,"March 8, 1971",Married,Port Harcourt,Cust Service,IT Executive,Mid-Level,Contract,14/09/2020,"April 11, 2021",13/07/2022,"460,000",3,3,zainab.aliyu@apexbank.com,08097397264,,active
APX1333,Biodun Lawal,M,"November 27, 1986",married,Maiduguri,IT,Risk Officer,Mid-Level,Full Time,"November 16, 2013",20/05/2014,2018-09-25,554000,5,13,biodun.lawal@apexbank,0805075,,ACTIVE
APX1334,Chioma Bassey,f,03/03/1993,M,Lagos,Risk & Compliance,Banking Officer,Junior,CONTRACT,22/03/2019,2019-09-28,2021-02-12,196000,5,1,chioma.bassey@apexbank,08084513506,"February 21, 2025",exited
APX1335,Quadri Dike,male,"December 23, 1985",Single,Calabar,Risk,Senior Risk Officer,Senior,Permanent,2022-01-23,2022-06-26,01/01/2024,"826,000",5,13,quadri.dike@apexbank.ng,08079783281,,Active
APX1336,Dolapo Nnaji,FEMALE,"December 13, 1975",D,Abeokuta,Accounts,IT Manager,Manager,CONTRACT,2021-12-02,"May 28, 2022",2024-01-01,"1,233,000",3,4,dolapo.nnaji@apexbank.ng,0804 2321904,,ACTIVE
APX1337,Adaeze Fola,F,26/03/1970,M,Maiduguri,RETAIL,Senior IT Officer,Senior,CONTRACT,"May 14, 2023",17/11/2023,"January 1, 2024",634000,2,0,adaeze.folaapexbank.ng,0807049,,active
APX1338,Jibril Ogunyemi,Male,18/02/1973,divorced,Maiduguri,IT,Credit Analyst,Junior,Full Time,"August 10, 2019","February 25, 2020","March 30, 2023",224000,1,11,jibril.ogunyemi@apexbank,0801-967-5005,,active
APX1339,Grace Okafor,FEMALE,"December 21, 1981",DIVORCED,Asaba,OPERATIONS,Compliance Officer,Junior,contract,30/01/2021,"July 15, 2021",01/01/2024,N/A,3,10,grace.okafor@apexbank,0803 9477651,,active
APX1340,Kola Okonkwo,male,"December 27, 1985",MARRIED,Port Harcourt,Human Resources,Director of Operations,Director,PERMANENT,2014-07-28,20/01/2015,22/12/2017,1869000,4,9,kola.okonkwo@apexbank.com,08050690605,,ACTIVE
APX1341,Ahmed Eze,m,01/03/1975,divorced,Lagos,,Team Lead,Senior,CONTRACT,03/01/2021,20/06/2021,"January 1, 2024","?947,000",6,14,ahmed.eze@apexbank.ng,0808-977-4852,,ACTIVE
APX1342,Queen Adeyemi,F,1976-09-07,MARRIED,Ibadan,Retail,Director of Operations,Director,Permanent,2018-01-30,04/07/2018,"May 8, 2021","?2,145,000",1,20,queen.adeyemi@apexbank,0801 4202930,,ACTIVE
APX1343,Yetunde Adewole,Female,1991-04-04,M,Lagos,I.T,Senior Credit Officer,Senior,Permanent,28/10/2013,04/05/2014,2016-03-08,814000,5,5,yetunde.adewole@apexbank.com,08067580763,,ACTIVE
APX1344,Peter Yusuf,M,"April 12, 1976",Married,Sokoto,Cust Service,HR Manager,Manager,Full-Time,25/09/2012,2013-03-23,30/08/2014,1242000,5,15,peter.yusuf@apexbank,0802 3827158,,Active
APX1345,Nnamdi Bello,Male,1988-02-26,MARRIED,Kano,IT,Senior HR Officer,Senior,Contract,2017-07-31,2018-01-09,2019-02-19,632000,1,5,nnamdi.bello@apexbank.ng,0801 3019696,,Active
APX1346,Uche Nnaji,m,"August 3, 1981",Married,Calabar,Operations,Senior HR Officer,Senior,CONTRACT,"December 26, 2013","July 16, 2014","April 9, 2017",622000,2,2,uche.nnaji@apexbank.com,0805 9906708,,Active
APX1347,Samuel Taiwo,M,"May 8, 1998",single,Calabar,Corp Banking,Executive Director,Director,Contract,31/10/2011,2012-04-20,2014-12-21,2896000,2,19,samuel.taiwo@apexbank.ng,0806 0221514,"October 26, 2014",Resigned
APX1348,Ifeoma Nnaji,F,1980-04-12,divorced,Port Harcourt,Customer Care,Head of Credit,Manager,Full Time,03/05/2011,16/10/2011,26/04/2014,1288000,3,16,ifeoma.nnaji@apexbank.com,0807-909-2521,,ACTIVE
APX1349,Samuel Bankole,Male,"June 26, 1973",DIVORCED,Ilorin,hr,Customer Rep,Junior,CONTRACT,"August 29, 2021","March 5, 2022",2024-01-01,261000,2,8,samuel.bankole@apexbank.com,0806 0576423,10/03/2024,Resigned
APX1350,Bello Badmus,male,1995-06-08,S,Uyo,Corporate Banking,IT Executive,Mid-Level,contract,2011-08-19,04/03/2012,2013-11-29,594000,3,15,bello.badmus@apexbank.ng,08022473987,,active
APX1351,F@tima Ibrahim,F,1990-06-24,married,Kano,RETAIL,Risk Manager,Manager,Contract,24/08/2017,"March 19, 2018",04/02/2022,"?1,165,000",5,3,fatima.ibrahim@apexbank,0807699,,active
APX1352,Queen Fola,FEMALE,1984-12-30,MARRIED,Maiduguri,Risk/Compliance,IT Support,Junior,Full-Time,"July 12, 2010",27/12/2010,"May 14, 2014",256000,1,2,queen.fola@apexbank.ng,0801 3541314,"May 18, 2014",Resigned
APX1353,  Uche Bassey,m,03/07/1986,married,Lagos,RETAIL,Senior IT Officer,Senior,contract,03/11/2021,08/05/2022,"December 16, 2024","821,000",6,3,uche.bassey@apexbank.com,0805-382-3473,"June 1, 2025",Exited
APX1354,Grace Bassey,Female,08/02/1979,married,Abuja,Operation,Banking Officer,Junior,Full-Time,10/01/2017,03/07/2017,"September 13, 2021",254000,4,17,grace.bassey@apexbank.com,08074238604,,ACTIVE
APX1355,Tunde Oladele,m,"June 11, 1992",single,Uyo,Risk,HR Officer,Junior,contract,"September 23, 2011","February 23, 2012","January 12, 2013","241,000",2,21,tunde.oladele@apexbank.ng,0805-713-5133,,Active
APX1356,Segun Igwe,male,1980-05-11,M,Sokoto,Risk & Compliance,IT Executive,Mid-Level,Permanent,25/12/2014,06/06/2015,"February 13, 2017",512000,5,10,segun.igwe@apexbank.com,0801294,,active
APX1357,Dayo Eze,Male,1974-06-14,MARRIED,Lagos,Risk,Director of Operations,Director,Full Time,20/02/2010,30/07/2010,21/12/2011,"?1,764,000",3,9,dayo.eze@apexbank.ng,0802825,,active
APX1358,Ada Owolabi,f,1972-12-28,S,Benin City,Corporate,Risk Manager,Manager,contract,09/11/2010,2011-04-13,"July 13, 2012",1260000,2,4,ada.owolabi@apexbank.com,0807 5160865,,ACTIVE
APX1359,Rasheed Adeleke,Male,31/05/1983,S,Uyo,Retail,Director of Operations,Director,Full Time,"February 27, 2019",2019-08-08,2021-06-23,N/A,3,4,rasheed.adelekeapexbank,0807-170-0844,,active
APX1360,Kabiru Oladele,M,"September 1, 1971",M,Lagos,Human Resources,Group Head,Director,CONTRACT,"July 15, 2012",25/12/2012,2016-06-02,2135000,1,17,kabiru.oladele@apexbank.ng,0808-830-0923,,ACTIVE
APX1361,  Felix Balogun,male,1993-03-28,Divorced,Uyo,IT,Head of Credit,Manager,permanent,"September 22, 2011",19/03/2012,2014-06-01,1336000,1,20,felix.balogun@@apexbank.ng,0806 9502366,,Active
APX1362,Femi Owolabi,M,"June 26, 1984",MARRIED,Lagos,Retail Banking,Senior Credit Officer,Senior,PERMANENT,"May 3, 2010","October 17, 2010","October 4, 2013","?638,000",1,9,femi.owolabi@apexbank,0803-326-4828,,Active
APX1363,Chukwuma Musa,Male,"June 10, 1977",D,Ibadan,I.T,HR Executive,Mid-Level,contract,"September 2, 2013","February 14, 2014","January 5, 2015","543,000",2,14,chukwuma.musa@apexbank.com,08055669991,"October 7, 2017",Exited
APX1364,Seun Adeleke,Male,1994-12-10,married,Kaduna,,Head of Retail,Director,contract,"December 12, 2010","May 19, 2011","April 15, 2013",2787000,2,16,seun.adeleke@apexbank,0808-358-0701,,active
APX1365,Peter Achebe,Male,11/10/1994,M,Abuja,Cust Service,Banking Executive,Mid-Level,Contractor,14/01/2015,05/08/2015,2016-02-06,"568,000",2,38,peter.achebe@apexbank.ng,0809892,,Active
APX1366,Tunde Ekwu,m,2010-11-02,Married,Maiduguri,ICT,Compliance Officer,Junior,Permanent,2019-03-21,2019-10-02,"August 31, 2023",2274354,4,19,tunde.ekwu@apexbank,08056520411,,Active
APX1367,Haruna Adeyemi,Male,06/03/1974,single,Kano,Ops,Regional Manager,Manager,Full Time,03/02/2015,"July 27, 2015",19/04/2018,1162000,5,11,haruna.adeyemi@apexbank,0809-064-3012,,ACTIVE
APX1368,Ngozi Achebe,FEMALE,"November 20, 1979",married,Abeokuta,Corporate Banking,Chief Risk Officer,Director,Contract,"February 3, 2012","August 3, 2012",2013-07-12,1997000,5,10,ngozi.achebe@apexbank,0802291,,Active
APX1369,Uche Ogunyemi,Male,22/06/1989,divorced,Sokoto,hr,Team Lead,Senior,permanent,30/09/2016,08/03/2017,"November 25, 2018",827000,2,12,uche.ogunyemi@apexbank,0802-480-3670,,ACTIVE
APX1370,Funmilayo Salami,female,20/07/1985,M,Enugu,Information Technology,Risk Officer,Mid-Level,Contract,03/12/2016,18/05/2017,2021-07-31,"578,000",5,19,funmilayo.salami@apexbank,0809-077-1197,,active
APX1371,Kola Okafor,MALE,1996-08-14,married,Calabar,Corporate,Compliance Officer,Junior,contract,16/11/2019,2020-06-11,2024-10-10,"?349,000",2,19,kola.okafor@apexbank.com,0805-928-7309,,active
APX1372,Ngozi Eze,F,23/11/1974,Married,Enugu,ICT,HR Manager,Manager,Contractor,2010-03-15,13/09/2010,2013-06-21,N/A,2,16,ngozi.eze@apexbank.ng,0803420,,active
APX1373,Felix Bassey,m,"October 8, 1980",MARRIED,Lagos,H.R,Branch Manager,Manager,permanent,2017-10-02,"March 31, 2018",2020-12-18,1207000,2,0,felix.bassey@apexbank.ng,0801-225-9897,,active
APX1374,Toyin Aliyu,FEMALE,14/09/1976,MARRIED,Uyo,,Group Head,Director,Full Time,2019-03-15,"September 30, 2019",2022-07-28,3377000,4,10,toyin.aliyu@apexbank.com,0805640,,Active
APX1375,Toyin Lawal,Female,28/11/1983,single,Ilorin,FINANCE,Senior Credit Officer,Senior,Full Time,2022-05-09,2022-10-25,2024-10-13,839000,1,20,toyin.lawal@apexbank.ng,08057235963,,Active
APX1376,Sola Badmus,m,"February 25, 1995",single,Kano,Retail,IT Support,Junior,permanent,2015-01-05,"July 30, 2015",2016-10-15,"231,000",2,10,sola.badmus@apexbank.com,0807 0435473,,active
APX1377,Segun Uche,male,01/02/1983,D,Ilorin,Finance & Accounts,Team Lead,Senior,Contract,30/09/2020,06/03/2021,"January 1, 2024",947000,2,21,segun.uche@apexbank.ng,0807949,,Active
APX1378,Adaeze Bankole,female,1989-05-26,single,Ibadan,Accounts,Senior HR Officer,Senior,permanent,2023-10-20,"March 25, 2024",01/01/2024,887000,6,18,adaeze.bankole@apexbank.com,08098839900,25/04/2026,Terminated
APX1379,Rex Anyanwu,Male,18/05/1996,D,Benin City,HR,Team Lead,Senior,Permanent,2018-02-05,2018-08-06,2021-08-25,"731,000",2,21,rex.anyanwu@apexbank,0807 9561506,,ACTIVE
APX1380,Rita Musa,f,04/12/1984,Divorced,Asaba,ICT,Banking Executive,Mid-Level,Contractor,"January 20, 2019","August 12, 2019","June 21, 2020",489000,2,8,rita.musa@apexbank.com,0807 9713203,,active
APX1381,Bello Anyanwu,MALE,03/05/1974,SINGLE,Enugu,Retail Bank,Credit Analyst,Junior,CONTRACT,18/03/2021,2021-09-23,25/09/2024,336000,4,7,bello.anyanwu@apexbank.com,08042650692,,Active
APX1382,Helen Okoro,F,2010-04-09,divorced,Port Harcourt,Risk,Head of Credit,Manager,Permanent,2017-07-04,"December 8, 2017","August 8, 2019","1,357,000",3,18,helen.okoro@apexbank,0805567,,ACTIVE
APX1383,Fatima Yusuf,f,15/11/1984,MARRIED,Uyo,Accounts,Senior Manager,Senior,contract,"January 1, 2021","July 16, 2021",2024-01-01,"903,000",3,2,fatima.yusuf@apexbank,0808 9617292,,Active
APX1384,K@biru Bello,M,1978-08-16,Single,Benin City,CS,HR Executive,Mid-Level,CONTRACT,"March 28, 2017","September 2, 2017",04/02/2022,550000,3,2,kabiru.bello@apexbank.ng,0804270,,ACTIVE
APX1385,Zara Agu,Female,1996-08-19,divorced,Lagos,Information Technology,Relationship Officer,Mid-Level,Contract,16/05/2023,2023-10-17,"January 1, 2024",459000,1,5,zara.agu@apexbank.ng,0802030,2029-03-07,Exited
APX1386,Nnamdi Suleiman,M,"February 9, 1981",DIVORCED,Enugu,Retail Banking,Senior IT Officer,Senior,Permanent,07/03/2021,"September 4, 2021",2024-07-30,844000,2,0,nnamdi.suleiman@apexbank,0805613,,Active
APX1387,Ada Taiwo,f,1970-07-26,Divorced,Kano,Corporate,Senior Credit Officer,Senior,Full-Time,05/04/2019,"October 11, 2019",09/01/2023,"?891,000",2,11,ada.taiwo@apexbank.com,0808 1106963,,active
APX1388,Bello Dike,m,"July 8, 1983",single,Benin City,Corp Banking,Senior Credit Officer,Senior,contract,29/04/2014,15/10/2014,"July 29, 2015",N/A,1,12,bello.dike@apexbank.com,0808 8387152,,Active
APX1389,Nnamdi Achebe,m,09/09/1970,single,Abeokuta,OPERATIONS,Risk Officer,Mid-Level,Contract,19/05/2015,"October 21, 2015",2019-02-26,537000,1,16,nnamdi.achebe@apexbank,0807455,,Active
APX1390,Rasheed Olanrewaju,male,"December 29, 1996",Single,Owerri,Corp Banking,Banking Executive,Mid-Level,CONTRACT,"July 2, 2011",2011-12-01,06/05/2015,522000,2,15,rasheed.olanrewaju@apexbank,0805 4520300,15/10/2012,Terminated
APX1391,Lara Mohammed,f,1997-12-20,divorced,Maiduguri,Fin,HR Officer,Junior,permanent,"November 18, 2018","May 16, 2019",07/09/2021,"207,000",2,1,lara.mohammed@apexbank.com,08013463266,,Exited
APX1392,Victori@ Owolabi,f,16/12/1993,MARRIED,Asaba,Cust Service,Customer Rep,Junior,CONTRACT,11/10/2016,2017-05-03,13/04/2019,"220,000",3,15,victoria.owolabi@apexbank,0802-064-5485,,Active
APX1393,Ebuka Okonkwo,M,16/02/1972,M,Ilorin,Operation,Banking Officer,Junior,contract,21/11/2022,"April 22, 2023",2024-01-01,0,1,20,ebuka.okonkwo@apexbank.com,08040376653,,Active
APX1394,Toyin Adeleke,Female,03/09/1993,Married,Calabar,OPERATIONS,Compliance Officer,Junior,PERMANENT,"May 6, 2010",06/10/2010,2011-08-17,309000,3,0,toyin.adeleke@apexbank.com,08062631082,,ACTIVE
APX1395,Grace Agu,F,1976-10-29,single,Ibadan,Risk,Senior Manager,Senior,Contractor,03/12/2015,24/05/2016,"November 16, 2018","?642,000",2,13,grace.agu@apexbank,0806650,,ACTIVE
APX1396,Chibuzor Okoro,Male,1975-01-18,Married,Enugu,CUSTOMER SERVICE,Executive Director,Director,Contractor,"October 2, 2015",09/04/2016,2017-02-01,"2,667,000",3,4,chibuzor.okoro@apexbank,0806-834-3734,,active
APX1397,Dolapo Anyanwu,female,"August 18, 1972",SINGLE,Benin City,Corp Banking,Risk Officer,Mid-Level,Permanent,"October 3, 2019",03/04/2020,"February 18, 2014",572000,5,7,dolapo.anyanwu@apexbank.com,0805568,,Active
APX1398,Chidi Nwosu,M,1992-03-16,D,Uyo,Risk & Compliance,Chief Risk Officer,Director,Full-Time,13/11/2022,10/05/2023,2024-07-23,"?1,797,000",2,5,chidi.nwosu@apexbank.ng,08028718226,2028-02-18,Exited
APX1399,Blessing Ibrahim,f,1995-07-27,divorced,Enugu,Fin,Executive Director,Director,permanent,"July 4, 2023",2023-12-22,"October 9, 2024",3315000,4,3,blessing.ibrahim@apexbank.ng,0802 6182914,,ACTIVE
APX1400,Quadri Okafor,m,13/12/1991,Single,Sokoto,Risk,Branch Manager,Manager,Contract,20/08/2016,18/01/2017,14/10/2019,1274000,4,22,quadri.okafor@apexbank,0808898,,ACTIVE
APX1401,Victoria Oluwole,F,"September 11, 1998",married,Ilorin,HR,IT Manager,Manager,permanent,2022-01-29,2022-08-08,01/01/2024,"1,281,000",3,0,victoria.oluwoleapexbank.ng,0809-938-6397,,active
APX1402,Miriam Idris,female,1998-02-01,M,Ibadan,hr,Senior Risk Officer,Senior,Full Time,"February 1, 2014","August 2, 2014","August 16, 2018",853000,1,2,miriam.idris@apexbank.com,0807-483-2192,,Active
APX1403,Kemi Olanrewaju,female,1977-08-10,S,Calabar,Compliance,HR Executive,Mid-Level,permanent,2023-03-18,2023-10-10,"January 1, 2024",480000,2,15,kemi.olanrewaju@apexbank.com,0802-604-7692,,ACTIVE
APX1404,Rita Ogunyemi,FEMALE,1985-11-23,M,Abuja,H.R,HR Executive,Mid-Level,Full Time,"August 24, 2019",05/02/2020,31/07/2022,407000,4,1,rita.ogunyemi@apexbank.com,0807 2231222,,ACTIVE
APX1405,Seun Bassey,male,10/03/1990,single,Owerri,Retail Bank,Senior Analyst,Mid-Level,contract,2013-08-08,2013-06-25,"November 1, 2012",-194194,5,10,seun.bassey@apexbank.ng,08075115328,,Active
APX1406,Amaka Salami,FEMALE,12/10/1971,Single,Ibadan,Corporate Banking,Teller,Junior,Full-Time,19/11/2018,2019-04-19,02/12/2019,-446767,1,21,amaka.salami@apexbank.ng,0807-128-9377,,ACTIVE
APX1407,Garba Nnaji,MALE,06/09/1993,Single,Sokoto,Risk,Senior Analyst,Mid-Level,contract,"December 6, 2015",01/06/2016,2017-05-22,"?423,000",3,2,garba.nnaji@@apexbank.com,0802 6699556,,active
APX1408,Segun Ogunyemi,Male,24/12/1986,M,Kaduna,CORP,Executive Director,Director,Contractor,15/10/2011,"March 21, 2012","July 18, 2016","2,169,000",5,14,segun.ogunyemiapexbank.com,0809 7907025,,Active
APX1409,Obiageli Bello,FEMALE,"November 21, 1987",single,Lagos,IT,Senior Manager,Senior,Contractor,2020-03-18,"September 1, 2020",2023-05-16,849000,5,10,obiageli.bello@apexbank,08021354230,,Active
APX1410,Ada Igwe,f,"January 6, 1995",Single,Ilorin,IT,Chief Risk Officer,Director,Contractor,15/03/2015,26/08/2015,13/04/2019,-121433,3,9,ada.igwe@apexbank,08044903467,,Active
APX1411,Ebuka Ojo,Male,22/07/1974,D,Maiduguri,Risk/Compliance,Risk Manager,Manager,Contract,26/02/2023,16/08/2023,01/01/2024,1203000,1,0,ebuka.ojo@apexbank.ng,0806-678-2084,2023-05-17,active
APX1412,Ebuka Dike,M,1971-10-19,M,Enugu,FINANCE,Risk Officer,Mid-Level,contract,"July 18, 2019","January 24, 2020","August 20, 2022",0,3,4,ebuka.dike@@apexbank,0802199,"October 7, 2025",Resigned
APX1413,Obinna Okonkwo,m,"July 14, 1987",married,Calabar,Operations,Risk Officer,Mid-Level,permanent,"October 18, 2013",13/04/2014,2016-06-22,397000,5,17,obinna.okonkwo@apexbank.ng,0807 1079950,,active
APX1414,Queen Anyanwu,f,18/10/1997,Divorced,Asaba,Information Technology,Risk Manager,Manager,permanent,28/08/2014,05/03/2015,2017-10-28,1100000,2,1,queen.anyanwu@apexbank.ng,0802-277-0167,,active
APX1415,Dolapo Igwe,F,"September 30, 1992",M,Enugu,Compliance,Senior Analyst,Mid-Level,Contractor,2018-07-18,"January 17, 2019",02/06/2023,395000,4,44,dolapo.igwe@apexbank,0807 6464772,,Active
APX1416,Sola Owolabi,m,"May 21, 1977",Divorced,Sokoto,Cust Service,IT Support,Junior,Contract,"June 26, 2018",07/12/2018,"June 20, 2020",226000,3,17,sola.owolabi@apexbank.com,0809356,,ACTIVE
APX1417,Ifeoma Uche,Female,"September 2, 1990",Divorced,Maiduguri,Risk,Senior HR Officer,Senior,Contract,2019-02-02,17/07/2019,"October 8, 2022",671000,3,1,ifeoma.uche@apexbank,0803666,,Active
APX1418,Lara Olanrewaju,f,1975-01-09,single,Sokoto,hr,Senior Risk Officer,Senior,Contract,2021-02-26,"July 26, 2021",2022-05-03,"?758,000",4,38,lara.olanrewaju@apexbank.ng,0801-647-2966,2023-04-02,active
APX1419,Seun Bassey,MALE,1980-02-16,Divorced,Abuja,HR,Compliance Officer,Junior,contract,15/05/2021,"November 9, 2021",2024-09-04,341000,3,20,seun.bassey@apexbank,08046742108,,active
APX1420,Rasheed Okonkwo,M,1970-03-25,D,Benin City,Retail Bank,Senior Risk Officer,Senior,Contract,"March 6, 2017",2017-09-16,15/10/2020,905000,2,9,rasheed.okonkwo@apexbank.com,0807180,,Active
APX1421,Damilola Adeleke,FEMALE,1978-02-24,M,Owerri,I.T,Teller,Junior,Contract,2020-05-10,10/11/2020,17/02/2022,N/A,3,3,damilola.adeleke@apexbank.com,08086727989,,ACTIVE
APX1422,Ibrahim Bassey,m,19/02/1978,MARRIED,Port Harcourt,Corporate Banking,Senior Credit Officer,Senior,Contract,"July 26, 2019",05/02/2020,"May 18, 2023","640,000",5,20,ibrahim.bassey@apexbank.ng,0806-315-0666,,Active
APX1423,Lanre Oluwole,Male,08/10/1997,S,Sokoto,R&C,Banking Officer,Junior,Full Time,19/01/2023,"June 27, 2023","January 1, 2024",273000,3,6,lanre.oluwole@apexbank,0808-836-7384,,Resigned
APX1424,Grace Obi,female,28/03/1998,SINGLE,Kaduna,Fin,Banking Executive,Mid-Level,Contractor,27/05/2016,"November 9, 2016","August 22, 2019","410,000",4,16,grace.obi@apexbank.com,08056841732,,ACTIVE
APX1425,Rita Idris,f,"October 15, 1987",M,Owerri,Ops,Director of Operations,Director,contract,22/09/2023,2024-03-07,2024-01-01,2050000,4,22,rita.idris@apexbank.com,0805-245-9627,,Active
APX1426,Funmilayo Agu,f,04/05/1973,Single,Ibadan,Operations,Senior Manager,Senior,permanent,08/07/2022,2023-01-14,2024-02-09,863000,4,19,funmilayo.agu@apexbank,0803 1577175,,Active
APX1427,Lara Oladele,FEMALE,1980-05-10,Single,Lagos,Risk & Compliance,Risk Officer,Mid-Level,Contract,20/09/2023,08/04/2024,2024-01-01,564000,3,22,lara.oladele@apexbank.com,0801-429-1731,,ACTIVE
APX1428,Ahmed Isah,m,22/07/1977,single,Owerri,CUSTOMER SERVICE,Chief Risk Officer,Director,Full-Time,2022-03-09,2022-09-19,27/12/2023,2513000,4,21,ahmed.isah@apexbank.ng,0807-854-8460,,active
APX1429,Jumoke Salami,F,1983-04-07,married,Benin City,H.R,Risk Officer,Mid-Level,PERMANENT,2012-09-09,23/03/2013,2017-08-11,511000,5,2,jumoke.salami@apexbank.ng,08039214449,,ACTIVE
APX1430,Rasheed Lawal,male,1981-10-11,DIVORCED,Asaba,H.R,Banking Executive,Mid-Level,Permanent,"September 10, 2013",07/02/2014,2018-08-17,"363,000",5,10,rasheed.lawal@apexbank,0809 2998072,,ACTIVE
APX1431,Eniola Okoro,f,18/04/1994,DIVORCED,Uyo,Corp Banking,Credit Analyst,Junior,Contract,15/01/2016,29/07/2016,2015-09-20,,5,5,eniola.okoroapexbank.com,0802743,,Active
APX1432,Nkechi Nnaji,f,"September 19, 1989",single,Enugu,Corporate,Compliance Officer,Junior,CONTRACT,"February 17, 2022","August 15, 2022",07/01/2024,N/A,2,42,nkechi.nnaji@apexbank,0806716,2026-11-19,Resigned
APX1433,Rita Agu,F,"June 17, 1983",MARRIED,Lagos,Tech,Teller,Junior,CONTRACT,"August 14, 2019",22/01/2020,05/01/2021,256000,5,11,rita.aguapexbank.ng,08035195656,,active
APX1434,Dayo Bello,m,"July 10, 1970",Single,Port Harcourt,Tech,Head of Credit,Manager,Contractor,14/02/2017,"August 28, 2017",2021-02-15,1414000,2,39,dayo.bello@apexbank.com,0807631,,active
APX1435,Miriam Nwosu,female,03/05/1986,S,Uyo,RETAIL,Senior Risk Officer,Senior,Contract,25/03/2019,23/08/2019,05/12/2023,"643,000",2,18,miriam.nwosu@apexbank,0808 7070498,,Resigned
APX1436,Chidinma Bassey,female,"February 9, 1984",Divorced,Enugu,Retail Bank,IT Support,Junior,Contract,2020-02-24,2020-08-09,10/05/2019,300000,3,34,chidinma.bassey@apexbank.ng,0804707,,ACTIVE
APX1437,Ifeoma Ibrahim,female,1975-08-13,M,Lagos,IT,HR Officer,Junior,Contractor,"October 28, 2019",27/03/2020,"May 24, 2023",N/A,5,11,ifeoma.ibrahim@apexbank,08032923113,,Active
APX1438,Chinwe Adeleke,female,"October 27, 1974",Divorced,Enugu,H.R,Compliance Officer,Junior,CONTRACT,10/02/2022,"August 10, 2022",2023-03-22,"306,000",3,8,chinwe.adeleke@apexbank,08073196743,,Terminated
APX1439,Vivian Aliyu,F,20/07/1974,DIVORCED,Enugu,OPERATIONS,IT Manager,Manager,contract,"June 26, 2022",2022-12-15,01/01/2024,1009000,2,4,vivian.aliyu@apexbank,0804562,"September 7, 2024",Terminated
APX1440,Chinwe Ekwu,female,28/09/1991,married,Kaduna,RETAIL,Senior Credit Officer,Senior,permanent,"May 24, 2023",09/11/2023,2024-09-17,N/A,3,14,chinwe.ekwu@apexbank,0808-602-0215,,Active
APX1441,Uche Nnaji,M,11/10/1994,MARRIED,Owerri,,Head of Retail,Director,Full-Time,"March 19, 2011","September 27, 2011","July 9, 2015",,1,5,uche.nnaji@apexbank.ng,08054598919,,Active
APX1442,  Haruna Ibrahim,M,04/04/1983,single,Ilorin,Operations,HR Executive,Mid-Level,Contract,"August 19, 2020","January 29, 2021",2022-05-22,"591,000",4,27,haruna.ibrahim@apexbank,0807 6051613,,exited
APX1443,Kola Nnaji,M,1994-12-12,SINGLE,Benin City,R&C,Compliance Officer,Junior,permanent,07/06/2021,2021-12-15,"January 1, 2024",313000,1,17,kola.nnaji@apexbank.com,08062749319,02/10/2027,Exited
APX1444,Babatunde Taiwo,MALE,03/05/1974,Married,Abeokuta,Operations,HR Manager,Manager,Full-Time,04/12/2017,"May 12, 2018",2017-01-04,"?989,000",6,8,babatunde.taiwo@apexbank,0807-908-6213,,ACTIVE
APX1445,Kunle Lawal,M,1985-01-17,Single,Maiduguri,FINANCE,CFO,Director,CONTRACT,2023-08-16,"February 4, 2024",2024-01-01,N/A,2,12,kunle.lawal@apexbank.ng,0801983,,Active
APX1446,Ifeoma Salami,Female,02/04/1984,DIVORCED,Owerri,Finance & Accounts,Group Head,Director,permanent,24/05/2014,"February 25, 2014","August 12, 2017",2767000,1,0,ifeoma.salami@apexbank.com,0801941,,active
APX1447,Segun Achebe,Male,"February 9, 1971",DIVORCED,Sokoto,CS,HR Executive,Mid-Level,Full-Time,23/02/2017,2017-08-03,2018-12-02,N/A,1,4,segun.achebe@apexbank,0807 5106352,,Exited
APX1448,Uche Badmus,M,2010-08-04,DIVORCED,Asaba,Customer Care,Customer Rep,Junior,Full-Time,"December 12, 2023",2014-07-28,"January 1, 2024","?297,000",3,13,uche.badmus@apexbank.com,0801630,"March 17, 2029",Terminated
APX1449,Damilola Bassey,female,21/07/1971,Single,Benin City,Cust Service,Team Lead,Senior,Contractor,27/01/2012,2012-07-24,"March 21, 2014","759,000",2,20,damilola.bassey@apexbank.com,08051726370,,active
APX1450,Kabiru Bello,Male,1973-10-26,divorced,Asaba,OPERATIONS,Regional Manager,Manager,Full-Time,"July 25, 2022",19/01/2023,"September 30, 2024","982,000",2,15,kabiru.bello@apexbank.ng,0809 1366825,,active
APX1451,Ibrahim Eze,M,18/09/1985,Divorced,Abuja,Operation,Banking Officer,Junior,Permanent,2018-08-07,01/02/2019,31/07/2023,337000,3,1,ibrahim.eze@apexbank,08085799720,,ACTIVE
APX1452,Eniola Agu,FEMALE,06/10/1981,D,Lagos,Ops,Senior Manager,Senior,Permanent,"July 13, 2015","December 22, 2015",10/07/2018,"806,000",2,5,eniola.agu@apexbank,08034705497,14/12/2023,Active
APX1453,  Ibrahim Isah,m,1980-06-01,DIVORCED,Abuja,OPERATIONS,Director of Operations,Director,Full-Time,25/05/2015,12/12/2015,"February 8, 2018","?2,308,000",4,8,ibrahim.isah@apexbank.ng,0804-288-9471,"June 22, 2016",Resigned
APX1454,Chidinma Aliyu,Female,1978-12-31,S,Ibadan,Customer Service,HR Manager,Manager,CONTRACT,31/08/2015,"February 5, 2016",2018-12-31,"?1,372,000",0,15,chidinma.aliyu@apexbank.ng,0804187,,Active
APX1455,Chioma Okonkwo,female,30/04/1980,M,Kaduna,Human Resources,Senior HR Officer,Senior,permanent,2018-09-05,26/02/2019,2022-09-10,-227109,2,2,chioma.okonkwo@apexbank.com,0807-465-2573,,ACTIVE
APX1456,Chibuzor Ogunyemi,Male,12/08/1981,single,Calabar,CUSTOMER SERVICE,Risk Officer,Mid-Level,permanent,27/10/2013,11/05/2014,"September 28, 2015",N/A,1,9,chibuzor.ogunyemi@apexbank.ng,0804867,,ACTIVE
APX1457,Dayo Yusuf,Male,1980-01-23,married,Kaduna,Ops,CFO,Director,contract,15/02/2014,"August 16, 2014",2015-04-13,N/A,3,7,dayo.yusuf@apexbank.com,08019331540,,active
APX1458,Ahmed Adewole,male,29/07/1987,single,Calabar,Compliance,Senior Manager,Senior,contract,13/02/2011,"August 9, 2011","October 12, 2013",800000,1,4,ahmed.adewole@apexbank.com,0808 9421679,,ACTIVE
APX1459,Blessing Musa,F,15/07/1984,MARRIED,Port Harcourt,Risk,Head of Credit,Manager,Contractor,19/10/2012,2013-04-01,"March 26, 2017",1288000,2,5,blessing.musa@apexbank,0803 0397517,,active
APX1460,Dol@po Okonkwo,Female,1975-04-09,M,Owerri,FINANCE,Regional Manager,Manager,contract,04/12/2020,"May 25, 2021",02/01/2024,1110000,3,16,dolapo.okonkwo@apexbank.com,08040102810,,ACTIVE
APX1461,  Seun Fola,Male,1972-12-01,SINGLE,Ilorin,H.R,Director of Operations,Director,contract,2021-06-15,06/01/2022,30/03/2024,"1,718,000",5,15,seun.fola@apexbank.com,0807464,,ACTIVE
APX1462,Zainab Idris,FEMALE,06/02/1993,Married,Ilorin,CS,Senior Manager,Senior,Contract,2017-04-21,"September 27, 2017",26/12/2021,672000,4,22,zainab.idris@apexbank.com,08010681552,,Active
APX1463,Funmilayo Igwe,FEMALE,"September 23, 1998",SINGLE,Enugu,I.T,Risk Manager,Manager,contract,"November 20, 2021",2022-05-31,"May 14, 2024","1,365,000",3,8,funmilayo.igwe@apexbank,0801-757-2679,,Active
APX1464,Funmilayo Adeyemi,Female,05/01/1976,Single,Asaba,OPERATIONS,Customer Rep,Junior,Permanent,17/06/2011,19/11/2011,2013-12-10,N/A,5,6,funmilayo.adeyemiapexbank.ng,08080274080,2023-11-16,ACTIVE
APX1465,Ifeanyi Okafor,MALE,"July 20, 1975",Married,Abeokuta,Corporate,Team Lead,Senior,PERMANENT,2011-05-02,2011-09-30,2016-02-05,889000,5,10,ifeanyi.okafor@apexbank,0806-783-8227,,Active
APX1466,Haruna Adeyemi,MALE,"July 31, 1976",divorced,Ilorin,RETAIL,Senior Analyst,Mid-Level,Permanent,09/06/2016,"December 9, 2016",25/04/2020,"406,000",3,0,haruna.adeyemi@apexbank.com,0804894,,ACTIVE
APX1467,  Nneka Salami,female,1989-04-02,married,Lagos,Tech,HR Officer,Junior,PERMANENT,23/07/2021,17/02/2022,"January 1, 2024",301000,3,4,nneka.salami@apexbank.com,0804 1030078,,active
APX1468,  Grace Adewole,female,08/05/1989,divorced,Uyo,Tech,IT Executive,Mid-Level,PERMANENT,"December 16, 2016","June 13, 2017","July 14, 2020",538000,3,15,grace.adewole@apexbank.com,0806 3615247,,Active
APX1469,Yetunde Musa,FEMALE,1993-06-17,SINGLE,Owerri,FINANCE,Head of Retail,Director,Contract,2012-11-24,04/06/2013,"October 8, 2017",2776000,5,17,yetunde.musa@apexbank.ng,0807558,,ACTIVE
APX1470,Femi Idris,MALE,"September 13, 1975",Single,Maiduguri,Risk/Compliance,HR Executive,Mid-Level,Full-Time,2013-09-04,15/03/2014,"April 25, 2015",582000,5,3,femi.idris@apexbank.com,0804-664-4034,,ACTIVE
APX1471,Mohammed Mohammed,male,1972-07-10,Married,Abuja,CUSTOMER SERVICE,Team Lead,Senior,Contractor,21/02/2020,2020-07-31,18/12/2024,688000,3,14,mohammed.mohammed@apexbank.com,08053116688,,active
APX1472,Chinwe Owolabi,Female,"November 22, 1973",D,Abeokuta,CUSTOMER SERVICE,Banking Officer,Junior,Full Time,11/09/2011,"March 31, 2012","June 30, 2014","279,000",5,13,chinwe.owolabi@apexbank.ng,0801-476-7952,,Active
APX1473,Lara Olanrewaju,FEMALE,1973-12-25,D,Ibadan,OPERATIONS,Senior Analyst,Mid-Level,Permanent,2016-03-01,"August 15, 2016",2017-07-30,N/A,2,29,lara.olanrewaju@apexbank.ng,08019120157,,Active
APX1474,Wale Balogun,MALE,1980-05-09,married,Lagos,Corp Banking,IT Support,Junior,CONTRACT,02/02/2014,25/08/2014,20/09/2018,N/A,5,2,wale.balogun@apexbank.com,0807-843-5358,,active
APX1475,Lanre Bello,M,1989-11-15,DIVORCED,Asaba,FINANCE,Head of Credit,Manager,contract,11/04/2018,2018-09-26,"October 3, 2022",1228000,2,12,lanre.bello@apexbank.com,08017069887,,Active
APX1476,Babatunde Aliyu,male,1986-09-25,DIVORCED,Calabar,Operations,IT Manager,Manager,Contract,2019-07-28,"February 2, 2020",18/12/2022,1488000,4,16,babatunde.aliyu@apexbank.com,0804626,,active
APX1477,Ibrahim Dike,MALE,02/11/1985,D,Kaduna,Cust Service,Customer Rep,Junior,Full Time,"December 12, 2014",12/06/2015,05/02/2014,"?215,000",1,16,ibrahim.dike@apexbank,08077061618,,ACTIVE
APX1478,Chioma Adewole,FEMALE,"March 28, 1996",Divorced,Abeokuta,Corporate,Regional Manager,Manager,Full Time,2017-04-29,2017-10-14,"January 12, 2019",1134000,2,6,chioma.adewole@apexbank.com,0802-255-9371,,active
APX1479,Funmilayo Eze,f,29/04/1988,Single,Sokoto,RETAIL,Credit Analyst,Junior,Full-Time,"April 12, 2015",06/11/2015,2019-06-13,334000,4,17,funmilayo.eze@apexbank.ng,08039369819,,active
APX1480,Haruna Ibrahim,M,1979-08-12,M,Owerri,OPERATIONS,Team Lead,Senior,CONTRACT,08/11/2015,2016-05-24,16/10/2019,786000,5,18,haruna.ibrahim@apexbank,0806-311-7008,,ACTIVE
APX1481,  Ifeanyi Igwe,M,1978-06-10,S,Owerri,Human Resource,HR Executive,Mid-Level,PERMANENT,"May 9, 2018",2018-11-24,"February 23, 2021","?514,000",1,6,ifeanyi.igweapexbank.ng,08074660697,,active
APX1482,Lanre Badmus,male,10/01/1998,Married,Owerri,Risk,HR Officer,Junior,Full Time,2023-09-30,02/04/2024,2024-01-01,194000,1,20,lanre.badmus@apexbank,0804 9590377,16/07/2023,Active
APX1483,Ibr@him Lawal,MALE,1998-09-04,M,Uyo,IT,HR Manager,Manager,PERMANENT,"December 10, 2013",23/05/2014,16/04/2017,1126000,3,12,ibrahim.lawal@apexbank,0809 9381515,,active
APX1484,Samuel Balogun,Male,1996-01-18,divorced,Sokoto,Customer Care,IT Manager,Manager,contract,"February 24, 2019","August 3, 2019",09/12/2021,N/A,3,36,samuel.balogun@apexbank.ng,0809868,,Active
APX1485,Vivian Fola,Female,"October 20, 1994",single,Maiduguri,IT,Credit Analyst,Junior,Contractor,"December 23, 2012","July 13, 2013",2016-06-20,316000,5,6,vivian.fola@apexbank,0803-550-0899,,active
APX1486,Quadri Oluwole,Male,1979-04-08,D,Kano,Human Resource,Finance Manager,Manager,Permanent,2019-07-23,07/01/2020,2024-03-10,"1,102,000",5,11,quadri.oluwole@apexbank,0801756,,active
APX1487,Dayo Mohammed,m,"December 5, 1988",married,Maiduguri,Tech,Head of Credit,Manager,Full-Time,23/04/2019,23/10/2019,30/08/2021,1010000,5,15,dayo.mohammed@@apexbank.ng,08084226323,,Active
APX1488,Chidinma Balogun,FEMALE,1984-07-09,DIVORCED,Calabar,Human Resources,HR Executive,Mid-Level,Contractor,"October 24, 2014",2015-04-06,2017-02-21,368000,4,10,chidinma.balogun@apexbank,08084101579,,Resigned
APX1489,Nneka Taiwo,F,30/03/1995,divorced,Port Harcourt,Human Resources,Director of Operations,Director,Contractor,16/09/2016,2016-08-10,2021-07-02,1817000,1,20,nneka.taiwo@apexbank.ng,08048619403,,ACTIVE
APX1490,Rasheed Ekwu,M,1978-06-02,single,Uyo,Tech,Head of Retail,Director,Full-Time,"August 12, 2020","February 17, 2021",2024-09-17,2391000,2,13,rasheed.ekwuapexbank.com,0806 9711991,,Active
APX1491,Dolapo Olanrewaju,female,"April 9, 1994",married,Abuja,Operation,Senior Manager,Senior,Full Time,06/11/2018,22/04/2019,2021-07-12,N/A,5,14,dolapo.olanrewaju@apexbank,0808 6634370,,ACTIVE
APX1492,  Jibril Musa,Male,1984-08-10,S,Kano,Compliance,Teller,Junior,contract,2013-11-19,25/05/2014,"April 6, 2018","310,000",2,4,jibril.musa@,0805-960-3739,2015-11-04,exited
APX1493,Dolapo Nnaji,F,1975-11-24,M,Ilorin,Corp Banking,Senior Manager,Senior,PERMANENT,30/10/2012,"April 29, 2013",2016-06-24,871000,1,21,dolapo.nnaji@apexbank.ng,0806 3462757,,active
APX1494,Kunle Idris,M,14/09/1988,Single,Port Harcourt,HR,HR Officer,Junior,Contractor,"October 11, 2012",2013-04-05,"July 5, 2017",344000,3,17,kunle.idris@apexbank,0805-017-2138,,active
APX1495,Miriam Nnaji,female,"August 13, 1992",S,Calabar,Risk/Compliance,Executive Director,Director,PERMANENT,2015-11-13,"May 27, 2016",12/08/2018,"?3,130,000",5,6,miriam.nnaji@apexbank.ng,0808166,,Active
APX1496,Eniola Badmus,female,2010-03-10,SINGLE,Maiduguri,Corporate Banking,Regional Manager,Manager,Contractor,17/05/2012,17/10/2012,2014-09-17,1077000,2,1,eniola.badmus@apexbank.ng,0801-558-9367,,active
APX1497,Helen Akinwale,FEMALE,1990-08-05,Married,Port Harcourt,Fin,Branch Manager,Manager,Contract,2022-03-14,"September 20, 2022",01/01/2024,1385000,1,3,helen.akinwale@apexbank,0804448,,active
APX1498,Biodun Yusuf,M,08/11/1979,Divorced,Abuja,Operation,Head of Credit,Manager,Full-Time,2017-04-11,"September 30, 2017",2021-05-15,"1,005,000",2,12,biodun.yusuf@apexbank.com,0803516,,Active
APX1499,Sola Anyanwu,male,"June 12, 1988",SINGLE,Enugu,Operation,HR Manager,Manager,Full-Time,"December 7, 2023",20/05/2024,01/01/2024,1075000,2,14,sola.anyanwu@apexbank.com,0807-709-9439,,active
APX1500,Amaka Bello,f,1970-12-18,Single,Kano,CUSTOMER SERVICE,Senior Credit Officer,Senior,Full-Time,13/02/2015,2015-08-31,"December 12, 2019",883000,4,17,amaka.bello@apexbank.com,0808-556-6955,,Terminated
APX1501,Ifeanyi Aliyu,M,17/11/1992,Divorced,Kano,R&C,Team Lead,Senior,Full-Time,"October 13, 2011",2012-03-19,27/08/2015,"?730,000",3,21,ifeanyi.aliyu@apexbank.ng,08091648114,,active
APX1502,Nasiru Musa,m,"May 9, 1975",D,Kano,,Relationship Officer,Mid-Level,Full Time,"June 30, 2019","November 28, 2019",28/11/2021,"?484,000",3,5,nasiru.musa@apexbank,0807867,,active
APX1503,Nn@mdi Badmus,M,"February 5, 1971",Married,Owerri,Finance,CFO,Director,CONTRACT,"October 3, 2010",2011-03-06,27/06/2013,3015000,1,6,nnamdi.badmus@apexbank,0802614,,ACTIVE
APX1504,Ugochi Oluwole,Female,"May 30, 1972",S,Uyo,Human Resource,Risk Officer,Mid-Level,Full Time,2012-03-19,"October 6, 2012",25/01/2015,514000,2,11,ugochi.oluwole@apexbank,0808713,,ACTIVE
APX1505,Garba Agu,m,04/02/1986,M,Kaduna,H.R,Banking Officer,Junior,contract,"April 26, 2014",2014-10-19,2017-05-31,258000,5,5,garba.agu@apexbank.com,0805788,2016-06-06,exited
APX1506,Chidi Yusuf,MALE,29/07/1970,MARRIED,Ilorin,Operations,Risk Manager,Manager,PERMANENT,"December 16, 2010","July 14, 2011","December 3, 2015",1270000,4,0,chidi.yusuf@apexbank.ng,08027143998,,Active
APX1507,Wale Bello,MALE,1989-05-03,SINGLE,Benin City,CUSTOMER SERVICE,Banking Executive,Mid-Level,Contract,2016-03-03,2016-09-10,"June 12, 2015","453,000",2,13,wale.bello@apexbank.ng,0803347,,Active
APX1508,  Grace Ibrahim,f,08/12/1982,MARRIED,Ilorin,Retail Bank,HR Executive,Mid-Level,Contractor,2019-02-13,2019-08-07,"December 14, 2021",N/A,1,4,grace.ibrahim@apexbank.com,0804 7114001,2023-11-05,active
APX1509,Ugochi Salami,FEMALE,1998-07-16,MARRIED,Kaduna,IT,Executive Director,Director,Full-Time,"November 16, 2012",23/04/2013,"March 3, 2017",3412000,3,20,ugochi.salami@apexbank,0802-143-1803,,active
APX1510,  Lara Bankole,female,1989-04-16,MARRIED,Asaba,OPERATIONS,Chief Risk Officer,Director,PERMANENT,29/06/2019,"December 30, 2019",2022-07-11,2005000,3,8,lara.bankole@@apexbank,0805 5909699,,Terminated
APX1511,Queen Musa,F,09/10/1970,Divorced,Ibadan,Accounts,Teller,Junior,Permanent,"August 23, 2010",2011-03-02,2011-10-11,288000,4,4,queen.musa@apexbank.com,08040387765,,active
APX1512,Nneka Igwe,F,"October 13, 1998",S,Sokoto,Ops,Senior HR Officer,Senior,permanent,23/08/2020,2021-02-13,2022-04-11,"?825,000",3,14,nneka.igwe@apexbank.com,0808733,02/01/2022,Terminated
APX1513,Dolapo Bello,f,27/10/1981,S,Owerri,Human Resources,IT Manager,Manager,PERMANENT,"September 20, 2015",19/03/2016,25/10/2014,1460000,1,10,dolapo.bello@@apexbank.com,0801 3041659,,active
APX1514,Ebuka Uche,Male,1997-04-16,DIVORCED,Kano,Finance & Accounts,Team Lead,Senior,PERMANENT,2015-05-10,2015-10-25,2019-11-02,N/A,2,1,ebuka.uche@apexbank.com,0809420,,Active
APX1515,Nkechi Dike,F,16/11/1981,DIVORCED,Maiduguri,Corporate,Head of Retail,Director,Contractor,14/09/2015,2016-04-10,2019-03-18,3309000,1,15,nkechi.dike@apexbank.com,0807-394-5463,"November 24, 2016",Resigned
APX1516,Dolapo Ogunyemi,F,1990-10-04,SINGLE,Enugu,Human Resources,Banking Executive,Mid-Level,Contractor,2013-08-25,14/02/2014,"October 31, 2017",386000,4,3,dolapo.ogunyemi@apexbank.ng,0804-117-2799,,ACTIVE
APX1517,Mohammed Aliyu,M,22/04/1987,MARRIED,Benin City,CORP,Senior HR Officer,Senior,Full Time,"July 8, 2021",2022-01-31,2024-01-01,N/A,2,21,mohammed.aliyu@apexbank.ng,08014407308,,ACTIVE
APX1518,Bello Mohammed,M,1978-03-13,D,Abeokuta,Corporate,Chief Risk Officer,Director,PERMANENT,2012-06-16,30/11/2012,"September 15, 2014","2,993,000",5,12,bello.mohammed@apexbank.ng,0805753,13/11/2017,exited
APX1519,Nnamdi Balogun,Male,1998-08-09,MARRIED,Lagos,Human Resources,Customer Rep,Junior,permanent,04/10/2014,2015-04-22,"February 11, 2018",226000,4,8,nnamdi.balogun@apexbank.ng,08030316649,,ACTIVE
APX1520,Ebuka Yusuf,male,"April 10, 1980",SINGLE,Ibadan,Information Technology,IT Support,Junior,Full-Time,2011-07-30,22/01/2012,13/08/2015,2001231,4,16,ebuka.yusuf@apexbank,08073750732,,ACTIVE
APX1521,Zara Adewole,Female,1978-02-10,Married,Abuja,Risk,Group Head,Director,Contractor,2013-08-26,2014-03-11,"January 11, 2015",2444000,2,15,zara.adewole@apexbank.ng,08087355136,,Active
APX1522,  Haruna Ogunyemi,Male,1985-09-29,MARRIED,Owerri,I.T,CFO,Director,permanent,22/07/2019,"January 9, 2020","May 22, 2024",1850000,2,4,haruna.ogunyemi@apexbank.ng,0802 2216821,,active
APX1523,Chioma Olanrewaju,F,21/07/1971,MARRIED,Abeokuta,Retail,IT Manager,Manager,Contractor,2016-09-11,"April 7, 2017",13/12/2020,1150000,3,8,chioma.olanrewaju@,0805 8737621,,ACTIVE
APX1524,Peter Bassey,m,"July 18, 1987",SINGLE,Abeokuta,Retail Banking,IT Executive,Mid-Level,Contractor,"April 24, 2011",15/11/2011,21/09/2015,N/A,3,6,peter.basseyapexbank.com,08022950263,,active
APX1525,Nneka Bello,F,27/10/1976,Divorced,Calabar,Risk,Director of Operations,Director,Contract,"June 2, 2013","November 9, 2013","September 19, 2017",N/A,3,6,nneka.bello@apexbank.ng,0801-336-4228,,active
APX1526,Ngozi B@logun,Female,"February 4, 1980",married,Asaba,Tech,Senior Analyst,Mid-Level,Full-Time,"June 25, 2018",29/12/2018,"June 11, 2021",524000,4,6,ngozi.balogun@apexbank.com,08072549733,,ACTIVE
APX1527,Ngozi Suleiman,female,"April 19, 1971",DIVORCED,Calabar,Operations,HR Executive,Mid-Level,Permanent,"December 13, 2017","July 7, 2018","October 1, 2019",518000,2,6,ngozi.suleiman@apexbank.com,0805-016-3708,,Active
APX1528,Ekaette Nwosu,female,1978-01-15,MARRIED,Lagos,Finance,Director of Operations,Director,Contractor,"May 6, 2018",10/11/2018,2022-03-08,1863000,2,15,ekaette.nwosu@apexbank.com,0808678,,active
APX1529,Yetunde Badmus,Female,2010-12-21,MARRIED,Benin City,CUSTOMER SERVICE,HR Executive,Mid-Level,CONTRACT,2020-04-04,15/10/2020,08/08/2023,432000,5,11,yetunde.badmus@apexbank,0808-866-0819,,ACTIVE
APX1530,Babatunde Achebe,Male,31/03/1989,M,Ilorin,Retail,IT Support,Junior,Permanent,06/11/2015,24/05/2016,04/04/2020,0,5,12,babatunde.achebe@apexbank,0805 6452263,,Active
APX1531,Chukwuma Isah,m,1998-10-06,divorced,Ilorin,Risk,IT Manager,Manager,Contract,17/08/2017,29/01/2018,16/11/2019,"?1,061,000",2,5,chukwuma.isah@apexbank.com,08071370473,,ACTIVE
APX1532,Dolapo Suleiman,f,1977-06-06,Divorced,Enugu,Retail Bank,Banking Officer,Junior,Contract,02/02/2022,2022-08-23,2024-01-01,195000,2,4,dolapo.suleiman@apexbank,0801 7532114,,Terminated
APX1533,Zainab Salami,female,1979-07-18,married,Kano,Finance & Accounts,Finance Manager,Manager,PERMANENT,2019-10-25,"March 25, 2020",30/10/2020,1485000,2,22,zainab.salami@apexbank.com,0809 0395443,,ACTIVE
APX1534,Emeka Ekwu,Male,1982-11-01,M,Sokoto,Fin,Team Lead,Senior,Permanent,06/08/2012,"February 5, 2013",2014-05-22,947000,3,20,emeka.ekwu@apexbank,0807-953-9139,,ACTIVE
APX1535,Grace Oluwole,FEMALE,1981-10-27,married,Ibadan,Risk,Banking Officer,Junior,Contract,2023-06-28,2023-12-05,"January 1, 2024",N/A,3,1,grace.oluwole@apexbank.com,0803 0617501,2025-12-11,exited
APX1536,Ahmed Fola,M,1986-01-08,Single,Ibadan,Compliance,IT Manager,Manager,CONTRACT,26/03/2019,2019-09-17,"October 9, 2020",1150000,4,21,ahmed.fola@apexbank.com,0804-262-3939,,Resigned
APX1537,Victoria Taiwo,Female,1982-01-15,DIVORCED,Port Harcourt,H.R,Relationship Officer,Mid-Level,Contractor,18/08/2011,2012-01-26,2015-05-25,421000,5,0,victoria.taiwo@apexbank.ng,0805-549-1920,23/12/2017,Terminated
APX1538,Kabiru Okoro,male,1971-10-13,married,Maiduguri,Human Resources,Credit Analyst,Junior,Full-Time,2019-09-11,2020-03-01,19/01/2024,"?303,000",3,2,kabiru.okoro@apexbank.com,0806 9192126,,active
APX1539,Rex Oluwole,MALE,1985-05-16,Single,Owerri,Cust Service,Senior IT Officer,Senior,Full Time,2019-01-03,2019-07-25,2021-12-03,926000,1,0,rex.oluwole@apexbank.com,08074703426,,ACTIVE
APX1540,Dolapo Taiwo,female,05/09/1978,M,Ibadan,hr,Finance Manager,Manager,PERMANENT,"September 25, 2021",18/04/2022,2024-01-01,N/A,2,7,dolapo.taiwoapexbank.ng,0801-634-3975,05/04/2026,Terminated
APX1541,Damilola Fola,FEMALE,"December 8, 1988",D,Calabar,ICT,Relationship Officer,Mid-Level,permanent,"December 1, 2023","May 15, 2024",01/01/2024,N/A,4,19,damilola.fola@apexbank.com,08038175062,,Active
APX1542,Damilola Nwosu,female,1983-07-20,SINGLE,Port Harcourt,Cust Service,Customer Rep,Junior,permanent,"September 8, 2019",05/03/2020,2024-03-10,233000,4,22,damilola.nwosuapexbank,08047917066,,active
APX1543,  Wale Olanrewaju,male,20/06/1990,Divorced,Sokoto,Finance & Accounts,HR Officer,Junior,Permanent,2022-04-27,"October 17, 2022","January 1, 2024","?320,000",3,7,wale.olanrewaju@apexbank,08010555010,,Active
APX1544,Obinna Oluwole,M,1990-09-19,divorced,Benin City,Retail,Team Lead,Senior,CONTRACT,16/07/2010,01/01/2011,08/02/2010,822000,3,13,obinna.oluwole@apexbank.ng,0801 3022711,,active
APX1545,Felix Badmus,MALE,1972-08-23,SINGLE,Ilorin,Fin,Head of Retail,Director,Full Time,"March 17, 2021",22/09/2021,2024-01-01,1640000,2,13,felix.badmus@apexbank.com,0806-642-9142,,active
APX1546,Garba Fola,M,"December 26, 1996",SINGLE,Asaba,Operations,Chief Risk Officer,Director,permanent,"March 18, 2012",04/10/2012,"March 18, 2014",2906000,5,18,garba.fola@apexbank,08082624922,,Active
APX1547,  Kemi Bankole,female,1986-10-29,Single,Abuja,FINANCE,Senior IT Officer,Senior,permanent,24/12/2010,22/06/2011,06/03/2010,828000,5,16,kemi.bankole@apexbank,0804 5140963,,ACTIVE
APX1548,Ebuka Nnaji,M,1994-07-30,MARRIED,Lagos,Retail Bank,Senior IT Officer,Senior,Contract,"October 7, 2012",2013-05-05,"December 18, 2013",759000,3,14,ebuka.nnaji@apexbank.ng,0805-520-0667,,active
APX1549,Nasiru Adeleke,Male,2010-03-06,SINGLE,Uyo,Information Technology,Senior Risk Officer,Senior,contract,2020-02-29,"September 23, 2019",20/05/2021,839000,1,17,nasiru.adeleke@apexbank.ng,0802 1943606,,Active
APX1550,Sandra Badmus,female,"May 3, 1979",Married,Abuja,Information Technology,Executive Director,Director,Contractor,15/09/2023,13/02/2024,01/01/2024,"?2,435,000",5,14,sandra.badmus@apexbank.ng,0805224,,Active
APX1551,Obiageli Eze,Female,"December 3, 1982",Married,Benin City,Risk/Compliance,Branch Manager,Manager,Permanent,02/08/2023,"February 22, 2024",06/03/2023,1342000,4,21,obiageli.eze@@apexbank.ng,0804-828-7915,,ACTIVE
APX1552,Chibuzor Bassey,m,"December 22, 1981",SINGLE,Kaduna,Fin,Group Head,Director,contract,"April 19, 2015","September 17, 2015",2017-12-04,N/A,4,26,chibuzor.bassey@apexbank,0807837,2017-08-15,Resigned
APX1553,Chinwe Mohammed,Female,"April 26, 1984",married,Maiduguri,Risk,IT Support,Junior,Permanent,27/09/2019,2020-03-07,2020-12-12,"184,000",5,7,chinwe.mohammed@apexbank.com,0808 9375481,"January 14, 2025",Terminated
APX1554,  Grace Obi,FEMALE,"April 23, 1994",married,Port Harcourt,R&C,Senior IT Officer,Senior,Contractor,11/12/2016,"July 5, 2017",2020-03-04,650000,5,3,grace.obi@apexbank,0807178,,Active
APX1555,Chinwe Adewole,FEMALE,26/09/1987,DIVORCED,Port Harcourt,Corp Banking,Head of Retail,Director,permanent,2015-05-17,2015-11-24,"May 7, 2017",2438000,5,14,chinwe.adewole@apexbank.ng,0805742,,active
APX1556,  Chioma Oluwole,Female,1980-12-11,single,Asaba,Corp Banking,HR Manager,Manager,Full-Time,2018-12-29,2019-06-21,"September 19, 2023","1,406,000",5,21,chioma.oluwole@apexbank.com,0804-531-3668,21/08/2024,Exited
APX1557,Wale Uche,male,13/03/1972,married,Owerri,I.T,Regional Manager,Manager,PERMANENT,2013-06-12,"December 14, 2013",2015-12-14,1405000,5,2,wale.uche@apexbank,0809-318-8803,,ACTIVE
APX1558,Adaeze Nnaji,female,"June 30, 1991",MARRIED,Sokoto,Compliance,Branch Manager,Manager,Full Time,08/02/2016,2016-08-07,"May 30, 2018","1,277,000",3,16,adaeze.nnaji@apexbank.com,08032392083,,Active
APX1559,Obiageli Suleiman,f,04/02/1982,Divorced,Maiduguri,Corporate,IT Manager,Manager,contract,2010-05-24,"November 23, 2010",20/12/2014,1450000,2,17,obiageli.suleiman@apexbank.ng,08032124191,,ACTIVE
APX1560,Bello Musa,male,1987-01-12,single,Lagos,I.T,Banking Executive,Mid-Level,CONTRACT,2023-08-18,02/04/2023,01/01/2024,385000,5,7,bello.musa@apexbank.ng,0806839,,Active
APX1561,Miriam Ojo,f,27/01/1982,DIVORCED,Ibadan,OPERATIONS,Banking Executive,Mid-Level,Contract,2023-06-08,01/12/2023,"January 1, 2024",460000,5,10,miriam.ojo@apexbank.com,0805-199-1742,,ACTIVE
APX1562,Biodun Adewole,MALE,01/04/1977,MARRIED,Ilorin,Corp Banking,Regional Manager,Manager,Full-Time,2016-09-10,29/03/2017,"March 29, 2021",1500000,4,16,biodun.adewole@apexbank.com,08062566882,,Active
APX1563,Babatunde Ojo,MALE,"March 11, 1992",Single,Abuja,Retail,Group Head,Director,Contract,"September 21, 2015",2016-03-29,06/09/2018,3398000,2,3,babatunde.ojo@apexbank,0803-368-4386,,Active
APX1564,Haruna Owolabi,Male,1980-07-02,Married,Lagos,IT,Senior IT Officer,Senior,contract,"April 9, 2019",2019-10-18,2023-05-23,921000,3,16,haruna.owolabi@apexbank.com,0803430,2026-02-04,Exited
APX1565,Uche Igwe,male,20/02/1997,S,Sokoto,R&C,Banking Officer,Junior,PERMANENT,"April 22, 2016",30/09/2016,"January 21, 2021","?180,000",5,21,uche.igwe@apexbank.ng,08058922179,,ACTIVE
APX1566,Femi Uche,M,1981-01-02,divorced,Enugu,Customer Service,Banking Executive,Mid-Level,Full Time,06/09/2012,"April 2, 2013","March 23, 2015","?567,000",4,17,femi.uche@apexbank.ng,0804354,,ACTIVE
APX1567,Chibuzor Oluwole,MALE,1995-01-26,MARRIED,Asaba,Retail Banking,Senior Credit Officer,Senior,Contractor,04/03/2022,2022-09-04,2024-05-28,"770,000",2,9,chibuzor.oluwole@apexbank.ng,0804 8155253,,Terminated
APX1568,Chidinma Agu,female,10/09/1974,Single,Asaba,Corp Banking,Risk Officer,Mid-Level,Contract,2017-11-02,2018-05-20,01/08/2022,558000,3,16,chidinma.agu@apexbank,0801781,,Active
APX1569,Biodun Adeleke,Male,"October 13, 1972",divorced,Sokoto,Human Resources,Director of Operations,Director,CONTRACT,"March 14, 2022",22/08/2022,01/01/2024,2636000,2,12,biodun.adeleke@apexbank,0809-448-1818,,ACTIVE
APX1570,Peter Ok@for,Male,15/08/1983,M,Maiduguri,Corp Banking,Senior Risk Officer,Senior,Full-Time,01/05/2016,"September 30, 2016",19/07/2017,"870,000",1,7,peter.okafor@apexbank.com,0802603,,active
APX1571,Yetunde Suleiman,female,06/06/1996,divorced,Sokoto,Corporate Banking,Banking Officer,Junior,permanent,2014-06-06,22/12/2014,2017-05-07,"230,000",4,14,yetunde.suleiman@apexbank.com,0806-195-3923,,active
APX1572,Ibrahim Yusuf,MALE,1970-08-31,S,Ibadan,Operation,IT Executive,Mid-Level,Contract,2017-06-15,2017-12-06,2022-03-21,487000,5,21,ibrahim.yusuf@apexbank.com,0807 0798852,,active
APX1573,Blessing Okonkwo,f,"May 10, 1980",Single,Abuja,Human Resource,Customer Rep,Junior,CONTRACT,2016-12-18,"June 17, 2017",2019-11-04,,4,1,blessing.okonkwo@apexbank.com,08056461529,,active
APX1574,Toyin Ogunyemi,FEMALE,1991-11-09,M,Owerri,CUSTOMER SERVICE,Teller,Junior,Full-Time,2019-03-01,"September 5, 2019",2023-07-23,266000,4,8,toyin.ogunyemi@apexbank.com,0802-106-1063,,ACTIVE
APX1575,Blessing Olanrewaju,Female,1970-05-31,Divorced,Owerri,Ops,Head of Retail,Director,Contract,2010-05-04,"October 10, 2010",02/04/2014,"?2,423,000",1,14,blessing.olanrewaju@apexbank.com,0809-216-8293,,Terminated
APX1576,Rasheed Obi,Male,1988-12-14,married,Sokoto,Corporate Banking,HR Executive,Mid-Level,permanent,2014-07-22,26/12/2014,06/06/2016,"407,000",5,18,rasheed.obi@apexbank.com,0802 3980993,,active
APX1577,  Queen Badmus,F,"April 2, 1985",SINGLE,Uyo,Corporate,Compliance Officer,Junior,Contractor,26/01/2023,28/06/2023,2024-01-01,1977900,4,17,queen.badmus@apexbank.com,08054118017,,active
APX1578,Ugochi Aliyu,f,01/04/1996,Married,Abuja,Human Resources,IT Support,Junior,CONTRACT,"September 13, 2014","March 23, 2015","June 23, 2019",201000,2,11,ugochi.aliyu@apexbank.com,0801-107-0579,,Active
APX1579,Samuel Oluwole,MALE,"September 21, 1986",single,Asaba,Accounts,Senior HR Officer,Senior,CONTRACT,2021-10-12,28/04/2022,2024-01-01,N/A,5,0,samuel.oluwole@apexbank.ng,0804 4278460,,ACTIVE
APX1580,Lanre Fola,male,2010-07-16,married,Enugu,Operation,Head of Credit,Manager,Contract,2021-12-25,2022-07-07,"January 1, 2024",1384000,4,13,lanre.fola@apexbank.com,0802 3487318,,Active
APX1581,Ifeoma Bankole,female,1990-09-22,Divorced,Abuja,FINANCE,IT Executive,Mid-Level,CONTRACT,15/07/2023,16/01/2024,"January 1, 2024",,1,22,ifeoma.bankole@apexbank.ng,08078881852,,ACTIVE
APX1582,Amaka Bankole,female,18/11/1986,S,Enugu,H.R,Relationship Officer,Mid-Level,permanent,"February 26, 2014",15/09/2014,"November 3, 2016","363,000",2,16,amaka.bankole@,08019759008,,Active
APX1583,Zainab Eze,FEMALE,1998-02-14,S,Lagos,Retail,Senior IT Officer,Senior,contract,03/03/2015,13/09/2015,2018-06-30,926000,4,0,zainab.eze@apexbank.com,0807431,,Active
APX1584,Damilola Bello,f,25/04/1976,SINGLE,Uyo,Corp Banking,Head of Retail,Director,Full Time,2012-02-22,21/08/2012,11/09/2013,"?2,058,000",3,21,damilola.bello@apexbank,0804-166-3671,,active
APX1585,Chidi Adewole,M,18/12/1996,D,Ibadan,Corporate,IT Manager,Manager,PERMANENT,"June 18, 2014",22/12/2014,2016-03-02,-104538,3,17,chidi.adewoleapexbank.ng,0804251,,Active
APX1586,Chioma Eze,f,"August 31, 1981",Divorced,Abeokuta,CS,Executive Director,Director,Permanent,"July 15, 2014",2015-01-16,2016-03-27,"?2,480,000",5,9,chioma.eze@,0804 4219030,,ACTIVE
APX1587,Segun Balogun,Male,08/10/1971,D,Ilorin,CUSTOMER SERVICE,Senior Manager,Senior,Permanent,24/02/2014,2014-08-03,"September 11, 2015","796,000",2,0,segun.balogun@apexbank.com,0806117,,active
APX1588,Segun Ogunyemi,m,"October 3, 1994",D,Kaduna,Information Technology,Banking Officer,Junior,Contract,2010-04-04,2010-10-27,2012-11-25,339000,5,20,segun.ogunyemi@apexbank.com,08026508854,,ACTIVE
APX1589,Obinna Olanrewaju,Male,"August 5, 1970",DIVORCED,Uyo,Corp Banking,Senior Manager,Senior,contract,14/12/2022,2023-07-08,2024-01-01,681000,5,6,obinna.olanrewaju@apexbank,0803 0277408,,ACTIVE
APX1590,Helen Agu,f,"September 20, 1991",M,Abeokuta,Operations,Compliance Officer,Junior,PERMANENT,10/08/2017,"January 14, 2018","April 18, 2022",319000,4,2,helen.agu@@apexbank.ng,08063467489,,Active
APX1591,Lara Yusuf,f,"October 28, 1996",M,Owerri,hr,Compliance Officer,Junior,Full-Time,04/11/2010,"May 21, 2011",2011-11-21,266000,3,3,lara.yusuf@apexbank.com,0809146,,active
APX1592,Chidi Owolabi,MALE,"January 28, 1993",divorced,Lagos,ICT,Finance Manager,Manager,CONTRACT,2016-02-11,2016-08-29,22/07/2017,1042000,5,3,chidi.owolabi@apexbank.com,0804991,,Active
APX1593,Obiageli Bello,FEMALE,22/06/1998,M,Abeokuta,Corporate,IT Executive,Mid-Level,contract,2018-07-30,"February 9, 2019",2023-07-15,"?488,000",3,8,obiageli.bello@apexbank,0802828,"November 7, 2021",Terminated
APX1594,Chibuzor Okafor,M,1974-07-28,D,Maiduguri,I.T,Teller,Junior,Contractor,03/02/2016,2016-07-05,06/02/2020,347000,4,10,chibuzor.okaforapexbank.com,08025870926,,ACTIVE
APX1595,Victoria Nwosu,female,1983-03-17,married,Kaduna,OPERATIONS,Head of Retail,Director,permanent,2018-04-15,"September 15, 2018",2022-04-09,N/A,3,15,victoria.nwosu@apexbank.com,08048996539,12/06/2021,Exited
APX1596,Funmilayo Okonkwo,f,1990-09-30,MARRIED,Sokoto,CS,Senior Analyst,Mid-Level,CONTRACT,2014-07-05,2015-01-17,30/06/2018,"?491,000",4,10,funmilayo.okonkwo@,0809 2584284,"May 4, 2023",Active
APX1597,Wale Taiwo,male,1998-04-11,MARRIED,Maiduguri,Operation,Risk Officer,Mid-Level,permanent,"November 28, 2022",02/06/2023,2024-01-01,"577,000",5,18,wale.taiwo@apexbank.ng,0808-858-0641,,Active
APX1598,Segun Suleiman,MALE,1998-04-16,Married,Abuja,CUSTOMER SERVICE,HR Manager,Manager,Contractor,12/03/2018,22/08/2018,2023-01-17,1315000,1,22,segun.suleiman@apexbank,0802037,,Active
APX1599,Samuel Bankole,Male,20/05/1992,Single,Kaduna,Tech,Branch Manager,Manager,Permanent,"March 26, 2021",19/09/2021,08/05/2022,1461000,3,3,samuel.bankole@apexbank.ng,0808 6941615,,active
APX1600,Emeka Bassey,m,1998-07-04,Married,Kaduna,RETAIL,Banking Executive,Mid-Level,Contractor,"March 29, 2014",17/09/2014,17/12/2016,408000,2,20,emeka.bassey@apexbank.com,0804 5165370,,active
APX1601,Obiageli Nwosu,Female,13/06/1972,married,Ibadan,I.T,Compliance Officer,Junior,PERMANENT,"December 14, 2023",2024-05-24,"January 1, 2024",319000,3,4,obiageli.nwosu@apexbank.com,0805 2391982,,Active
APX1602,Chidi Adeleke,M,28/07/1994,Divorced,Ilorin,Operations,Banking Executive,Mid-Level,Contract,28/01/2018,2018-07-02,"January 20, 2021",509000,1,19,chidi.adeleke@apexbank.com,0803-270-8187,,active
APX1603,Kabiru Aliyu,Male,"December 25, 1970",MARRIED,Abuja,Corp Banking,HR Executive,Mid-Level,PERMANENT,26/02/2019,2019-07-28,2022-11-03,"?443,000",2,6,kabiru.aliyu@apexbank.com,0806 5780964,,ACTIVE
APX1604,Femi Okoro,m,"January 12, 1977",SINGLE,Ibadan,Operation,Risk Manager,Manager,CONTRACT,03/08/2018,13/06/2018,19/01/2020,1412000,2,1,femi.okoro@apexbank.ng,0802-475-9243,,Active
APX1605,Chidinma Isah,female,1982-03-19,M,Uyo,Cust Service,IT Manager,Manager,Permanent,2021-03-10,"August 27, 2021","January 1, 2024",1192000,5,7,chidinma.isah@apexbank,08084305100,,ACTIVE
APX1606,Sandra Oluwole,female,"August 6, 1994",SINGLE,Asaba,,Head of Credit,Manager,permanent,26/01/2016,24/07/2016,04/02/2015,"?1,131,000",2,20,sandra.oluwole@apexbank,0809376,,Active
APX1607,Chidi Aliyu,Male,29/08/1983,MARRIED,Uyo,Human Resources,HR Executive,Mid-Level,contract,27/11/2019,2020-04-25,"March 21, 2022","397,000",2,20,chidi.aliyu@apexbank.com,0803 1178135,,Terminated
APX1608,Obiageli Obi,F,"February 15, 1992",SINGLE,Owerri,Compliance,Executive Director,Director,PERMANENT,"December 31, 2015","July 8, 2016",04/10/2017,3377000,1,16,obiageli.obi@apexbank.ng,0805-523-0837,,active
APX1609,Tunde Badmus,male,"May 6, 1974",married,Ilorin,FINANCE,Banking Executive,Mid-Level,CONTRACT,2019-12-31,2020-07-08,2022-10-02,N/A,4,0,tunde.badmusapexbank.com,0806 2539710,,Resigned
APX1610,Femi Okonkwo,m,2010-04-14,Divorced,Abuja,CUSTOMER SERVICE,Compliance Officer,Junior,Contractor,"October 2, 2021",2022-03-15,01/01/2024,N/A,5,1,femi.okonkwo@apexbank,0809 9172664,,ACTIVE
APX1611,Felix Ekwu,male,"January 8, 1986",divorced,Lagos,Retail Bank,IT Manager,Manager,contract,08/06/2022,29/11/2022,01/01/2024,"?1,279,000",2,9,felix.ekwu@@apexbank.ng,0805-091-0061,,Resigned
APX1612,Dayo Isah,M,1978-09-14,single,Uyo,Retail Banking,IT Manager,Manager,contract,2019-12-07,"May 13, 2020",19/02/2022,0,2,10,dayo.isah@apexbank.ng,08061952231,,active
APX1613,  Ifeanyi Agu,MALE,1981-02-20,divorced,Abuja,CUSTOMER SERVICE,CFO,Director,PERMANENT,21/12/2017,2018-05-27,2020-12-28,3250000,5,10,ifeanyi.agu@apexbank.ng,0809140,,ACTIVE
APX1614,Nkechi Owolabi,FEMALE,1995-07-31,DIVORCED,Ilorin,Human Resources,Banking Executive,Mid-Level,Permanent,"May 1, 2015","October 7, 2015","July 4, 2014","545,000",4,16,nkechi.owolabi@apexbank,0807-288-7684,,Active
APX1615,Ekaette Akinwale,F,06/03/1997,S,Maiduguri,Tech,Branch Manager,Manager,Full-Time,29/12/2014,26/07/2015,2019-09-06,"?1,496,000",4,3,ekaette.akinwale@apexbank.com,0809-937-3946,,ACTIVE
APX1616,Nkechi Yusuf,F,"March 3, 1982",M,Calabar,Retail Bank,Senior Manager,Senior,permanent,"April 13, 2014",2014-11-03,05/01/2017,"?805,000",5,21,nkechi.yusuf@apexbank,0805 7680035,,Active
APX1617,  Nasiru Ekwu,M,1975-10-09,SINGLE,Kaduna,CS,Branch Manager,Manager,PERMANENT,04/11/2016,2017-04-09,28/07/2019,1209000,2,9,nasiru.ekwuapexbank.ng,0807 2213272,,ACTIVE
APX1618,Kabiru Achebe,M,07/07/1996,Single,Asaba,CORP,HR Officer,Junior,contract,31/10/2013,"May 14, 2014","July 13, 2017",274000,2,17,kabiru.achebe@apexbank.com,08033715973,,Active
APX1619,Ifeoma Taiwo,f,"February 8, 1995",M,Abeokuta,hr,Team Lead,Senior,Contract,01/03/2023,"August 14, 2023","January 1, 2024","?734,000",4,21,ifeoma.taiwo@apexbank.com,08089921581,,Terminated
APX1620,Wale Aliyu,M,"November 29, 1976",SINGLE,Enugu,Risk & Compliance,Senior IT Officer,Senior,Permanent,"July 25, 2017",29/12/2017,2022-01-15,721000,4,17,wale.aliyu@apexbank.ng,08028249480,,Active
APX1621,Funmilayo Dike,FEMALE,1979-08-28,Single,Owerri,RETAIL,Senior Credit Officer,Senior,Contract,28/06/2021,04/01/2022,04/02/2024,"777,000",4,3,funmilayo.dike@apexbank.ng,0808 2071310,,active
APX1622,Femi Mohammed,m,"March 3, 1988",SINGLE,Benin City,CORP,Customer Rep,Junior,contract,"April 29, 2014",02/10/2014,29/05/2016,191000,1,3,femi.mohammed@apexbank.com,08073795531,,exited
APX1623,Obinna Oluwole,MALE,"February 7, 1992",married,Benin City,Fin,IT Executive,Mid-Level,Full-Time,"November 13, 2023",2024-06-07,01/01/2024,522000,4,15,obinna.oluwole@apexbank.ng,0809-429-3008,,ACTIVE
APX1624,Wale Dike,male,"January 29, 1981",Married,Ilorin,CORP,IT Executive,Mid-Level,PERMANENT,"January 18, 2022","July 30, 2022",21/06/2023,587000,5,2,wale.dike@apexbank.ng,0803239,,ACTIVE
APX1625,Chidinma Eze,Female,1993-03-27,M,Sokoto,R&C,Finance Manager,Manager,Permanent,"February 20, 2016",2016-08-23,24/11/2018,1455000,1,0,chidinma.eze@apexbank.ng,08022494012,,ACTIVE
APX1626,Toyin Oladele,f,"August 16, 1988",SINGLE,Kano,Retail,Banking Executive,Mid-Level,PERMANENT,2015-07-05,17/12/2015,25/02/2019,518000,2,13,toyin.oladele@apexbank.ng,08020864276,,active
APX1627,Nasiru Adeleke,M,1985-09-21,Single,Maiduguri,Risk/Compliance,Head of Credit,Manager,permanent,2011-07-31,12/02/2012,"April 6, 2014",,4,22,nasiru.adelekeapexbank.ng,0805822,,ACTIVE
APX1628,Tunde Fola,M,21/04/1980,Married,Port Harcourt,Finance & Accounts,Relationship Officer,Mid-Level,Contract,2019-01-30,"July 19, 2019",09/11/2023,"573,000",5,6,tunde.fola@apexbank.com,0804-785-2916,,Active
APX1629,Yetunde Okoro,female,13/04/1971,MARRIED,Benin City,Risk,Relationship Officer,Mid-Level,Contract,"June 24, 2017",06/12/2017,15/07/2018,"440,000",5,21,yetunde.okoro@apexbank.ng,0809 3347044,,ACTIVE
APX1630,Seun Taiwo,M,1985-12-20,Married,Maiduguri,Operations,Teller,Junior,Contract,"October 28, 2019",19/04/2020,"September 16, 2023","?346,000",1,19,seun.taiwo@apexbank,0801367,,active
APX1631,Mohammed Musa,m,25/12/1976,single,Abuja,Corporate,Credit Analyst,Junior,Contractor,"December 16, 2020",2021-07-01,2024-10-10,N/A,4,17,mohammed.musa@,0808 3798791,,Active
APX1632,Peter Yusuf,MALE,1996-11-09,divorced,Enugu,CORP,Regional Manager,Manager,PERMANENT,24/10/2012,2013-04-28,21/09/2016,,3,10,peter.yusuf@apexbank.com,08077481286,2016-12-18,Terminated
APX1633,Victoria Nwosu,female,"October 14, 1989",M,Sokoto,Risk/Compliance,Head of Retail,Director,Permanent,"October 31, 2013",2014-05-12,06/09/2017,-410354,3,20,victoria.nwosu@apexbank,08082291750,,Active
APX1634,Ugochi Fola,f,1983-01-24,D,Enugu,Accounts,Senior HR Officer,Senior,Contractor,"March 21, 2019",24/09/2019,2020-07-21,720000,3,14,ugochi.fola@apexbank.com,0802-830-3084,,Active
APX1635,Amaka Uche,f,1989-06-04,DIVORCED,Kano,Risk & Compliance,Risk Manager,Manager,Full-Time,"September 24, 2021","April 17, 2022","January 1, 2024",1249000,4,22,amaka.uche@apexbank.com,0801-791-7766,,Active
APX1636,Seun Taiwo,m,15/07/1997,married,Ilorin,Customer Service,Group Head,Director,CONTRACT,"April 14, 2022",2022-09-18,2024-01-01,3039000,4,5,seun.taiwo@apexbank,0809438,,active
APX1637,Chukwum@ Oluwole,male,"April 20, 1995",Divorced,Uyo,Compliance,Executive Director,Director,Contract,"March 8, 2017",08/09/2017,31/01/2022,"1,693,000",5,19,chukwuma.oluwole@apexbank.ng,0802-478-1881,,Active
APX1638,Femi Agu,M,02/03/1998,Single,Sokoto,Operation,Finance Manager,Manager,Contractor,2019-04-23,"September 23, 2019",2021-09-19,N/A,1,5,femi.agu@apexbank.com,0807-296-6305,,ACTIVE
APX1639,Obinna Ojo,m,08/12/1994,married,Abuja,H.R,Team Lead,Senior,Contract,30/03/2023,18/09/2023,2024-08-15,"?780,000",5,20,obinna.ojo@apexbank.com,0802 3981117,,Active
APX1640,Nkechi Musa,female,01/02/1973,Divorced,Ibadan,Fin,Chief Risk Officer,Director,permanent,2022-12-28,"July 12, 2023",18/10/2024,3422000,5,20,nkechi.musa@apexbank,0803 5250418,2024-02-24,exited
APX1641,Kabiru Uche,Male,27/04/1979,SINGLE,Owerri,Human Resource,Team Lead,Senior,CONTRACT,2011-01-02,31/07/2011,16/09/2012,"651,000",5,18,kabiru.uche@apexbank.com,0802322,,ACTIVE
APX1642,Ugochi Uche,FEMALE,1994-08-20,D,Ibadan,Cust Service,Senior Analyst,Mid-Level,Contractor,2010-07-18,"January 3, 2011",20/01/2013,572000,4,10,ugochi.uche@apexbank.ng,08031418498,,exited
APX1643,Garba Bello,M,31/03/1995,married,Uyo,Corporate Banking,HR Officer,Junior,Permanent,06/08/2012,"January 28, 2013","December 11, 2011",248000,4,1,garba.bello@apexbank.com,08054643979,,ACTIVE
APX1644,Zara Salami,f,1971-10-27,MARRIED,Benin City,Corp Banking,Senior Analyst,Mid-Level,Full Time,2019-12-04,"May 25, 2020",2022-04-18,N/A,2,15,zara.salami@apexbank.com,08071509350,,Active
APX1645,Ebuka Ogunyemi,M,17/07/1986,SINGLE,Ibadan,H.R,Risk Officer,Mid-Level,CONTRACT,02/05/2010,07/10/2010,"February 6, 2014",-292554,4,6,ebuka.ogunyemi@apexbank.com,08096230945,,active
APX1646,Chinwe Ojo,female,25/02/1974,divorced,Enugu,Human Resources,Relationship Officer,Mid-Level,CONTRACT,"June 5, 2022",30/11/2022,22/05/2024,379000,2,21,chinwe.ojo@apexbank,0801-398-6342,,active
APX1647,Nnamdi Nwosu,Male,26/08/1987,D,Benin City,Customer Care,IT Executive,Mid-Level,PERMANENT,2020-06-10,04/04/2020,"October 4, 2019",401000,3,10,nnamdi.nwosu@apexbank.ng,0805-029-7875,,active
APX1648,Kola Obi,male,1984-01-23,MARRIED,Uyo,Tech,IT Manager,Manager,CONTRACT,2017-06-14,04/01/2018,2018-07-05,1199000,4,12,kola.obi@apexbank.ng,0803-669-2726,,active
APX1649,Ahmed Bankole,M,1992-01-07,S,Owerri,CS,Credit Analyst,Junior,contract,"December 2, 2019","June 20, 2020",2021-08-25,318000,2,4,ahmed.bankole@apexbank.ng,0807-228-9311,,ACTIVE
APX1650,Ada Uche,FEMALE,05/04/1996,MARRIED,Benin City,Information Technology,Group Head,Director,Full-Time,"June 30, 2014","January 5, 2015",2019-06-10,N/A,4,9,ada.uche@apexbank,0807-308-9242,,Active
APX1651,Zainab Fola,f,1977-08-18,S,Ibadan,Information Technology,Senior Manager,Senior,Contract,"October 21, 2015",22/03/2016,2017-02-01,"948,000",3,9,zainab.fola@apexbank.ng,0804 0010855,,Active
APX1652,Miriam Bello,f,1976-11-29,Married,Sokoto,Retail Banking,Chief Risk Officer,Director,Contractor,"September 4, 2014",2015-02-15,24/09/2015,3223000,5,5,miriam.bello@apexbank,0803 9587647,,active
APX1653,Chioma Bello,f,"February 15, 1976",M,Uyo,Corp Banking,Teller,Junior,CONTRACT,2012-12-05,14/06/2013,23/01/2014,"261,000",2,3,chioma.bello@apexbank,0801 3565178,,Resigned
APX1654,Ada Owolabi,F,07/10/1981,D,Ibadan,Retail,Senior Credit Officer,Senior,Contract,2013-09-22,"March 29, 2014",2016-01-16,N/A,2,40,ada.owolabi@apexbank,0808 4636941,,Terminated
APX1655,Rasheed Olanrewaju,male,"February 8, 1977",married,Maiduguri,Customer Care,IT Support,Junior,Full-Time,"January 31, 2010",08/07/2010,2013-06-25,211000,3,10,rasheed.olanrewaju@apexbank.com,0808470,,Active
APX1656,  Babatunde Adeyemi,Male,"August 23, 1971",divorced,Lagos,Ops,Senior Analyst,Mid-Level,Contractor,2013-12-17,"May 22, 2014","February 13, 2017",-344518,4,5,babatunde.adeyemi@apexbank.com,0801-606-0447,,ACTIVE
APX1657,Chukwuma Ojo,M,"December 17, 1991",S,Kaduna,Ops,IT Support,Junior,Full-Time,2014-10-23,21/04/2015,2019-07-24,"280,000",4,21,chukwuma.ojo@apexbank.com,0806833,,ACTIVE
APX1658,Mohammed Olanrewaju,M,1988-01-05,D,Ilorin,CS,Finance Manager,Manager,CONTRACT,2020-03-30,"October 20, 2020","June 14, 2024",N/A,4,12,mohammed.olanrewaju@apexbank.com,0809123,2025-04-15,exited
APX1659,Ngozi Owolabi,FEMALE,1997-06-14,MARRIED,Owerri,H.R,Banking Executive,Mid-Level,Full-Time,2012-10-02,2013-04-19,2016-05-17,"545,000",4,17,ngozi.owolabi@apexbank.ng,0803 2009228,,active
APX1660,Obinna Ibrahim,MALE,19/03/1987,Single,Uyo,Risk & Compliance,Executive Director,Director,contract,01/06/2016,"November 16, 2016","September 5, 2018",3428000,4,2,obinna.ibrahim@apexbank.com,08083937344,,active
APX1661,Segun Dike,MALE,10/12/1971,M,Ibadan,Operations,Senior Credit Officer,Senior,Full-Time,2014-07-02,"December 23, 2014",2016-06-20,N/A,4,1,segun.dike@apexbank.com,0808-968-0875,,Active
APX1662,Mohammed Adeyemi,MALE,1983-06-20,S,Sokoto,Retail Banking,Compliance Officer,Junior,Full Time,"June 15, 2012",2012-12-24,11/11/2016,311000,1,21,mohammed.adeyemi@apexbank.ng,0805 3420333,,Active
APX1663,Miriam Oluwole,F,06/01/1992,M,Kaduna,Fin,Executive Director,Director,Permanent,"June 14, 2019",2019-11-11,30/01/2022,"3,293,000",5,17,miriam.oluwole@apexbank,0802433,2023-01-04,exited
APX1664,Chinwe Okonkwo,FEMALE,"July 6, 1997",S,Enugu,Compliance,Senior Analyst,Mid-Level,Contractor,15/09/2012,"May 30, 2012",29/01/2017,,4,12,chinwe.okonkwo@apexbank,0801-265-5021,,ACTIVE
APX1665,Biodun Badmus,Male,"September 6, 1986",D,Benin City,H.R,Director of Operations,Director,Contractor,19/06/2022,"December 7, 2022",2024-01-01,2977000,4,19,biodun.badmus@apexbank.ng,0804984,,Exited
APX1666,  Babatunde Adeyemi,M,"March 12, 1972",divorced,Sokoto,Finance,Senior Manager,Senior,Permanent,20/12/2013,17/07/2014,2015-12-13,"?914,000",4,10,babatunde.adeyemi@apexbank.ng,0805 7149923,,active
APX1667,Kemi Nwosu,F,"November 13, 1997",S,Abeokuta,Compliance,IT Executive,Mid-Level,permanent,14/11/2016,05/06/2017,2020-02-19,"?538,000",2,12,kemi.nwosu@apexbank.com,08078002596,,active
APX1668,Chibuzor Ojo,Male,1988-03-13,single,Lagos,Compliance,Group Head,Director,CONTRACT,2013-03-08,"August 26, 2013",21/01/2017,2428000,4,3,chibuzor.ojoapexbank.ng,0804-249-1728,,Active
APX1669,Lara Okoro,Female,1985-03-24,Married,Owerri,Fin,Risk Officer,Mid-Level,Contractor,21/06/2014,04/01/2015,2018-10-29,0,1,14,lara.okoro@apexbank.ng,0801118,,Active
APX1670,Patience Salami,FEMALE,"November 27, 1978",married,Sokoto,Information Technology,Compliance Officer,Junior,Contract,2013-11-09,2014-04-15,2017-07-21,255000,5,9,patience.salami@apexbank.com,0803 3340350,,Active
APX1671,Kola Nnaji,m,1988-06-18,married,Kaduna,Risk,Senior Credit Officer,Senior,PERMANENT,2018-05-27,05/12/2018,"March 24, 2020",760000,1,0,kola.nnaji@apexbank.com,0802871,2024-06-26,Terminated
APX1672,Mohammed Ogunyemi,Male,1970-12-22,Single,Kano,Retail Bank,Chief Risk Officer,Director,PERMANENT,02/04/2020,20/09/2020,2021-05-26,2437000,1,0,mohammed.ogunyemi@apexbank,0806-095-4877,,Active
APX1673,Jumoke Owolabi,F,1976-01-09,Married,Maiduguri,I.T,Teller,Junior,contract,08/12/2023,2023-07-26,01/01/2024,"302,000",4,19,jumoke.owolabi@apexbank.com,08095156525,,ACTIVE
APX1674,Uche Nnaji,male,"December 4, 1974",single,Owerri,Human Resource,HR Executive,Mid-Level,contract,"October 9, 2022",27/04/2023,"January 1, 2024",418000,4,31,uche.nnaji@apexbank,08088786068,,ACTIVE
APX1675,Vivian Ojo,f,20/11/1976,Married,Asaba,H.R,IT Executive,Mid-Level,contract,2013-05-30,"December 12, 2013",30/07/2017,"?525,000",4,1,vivian.ojo@apexbank.ng,0802-789-6121,,active
APX1676,Uche Achebe,male,"September 26, 1989",SINGLE,Asaba,Risk,Director of Operations,Director,Contract,"November 3, 2010","May 14, 2011",23/08/2014,2348000,5,17,uche.achebe@apexbank.ng,0809314,,ACTIVE
APX1677,Haruna Ibrahim,MALE,1983-09-28,Divorced,Abuja,CUSTOMER SERVICE,HR Officer,Junior,PERMANENT,2022-09-18,"March 25, 2023",2024-01-01,"297,000",4,14,haruna.ibrahim@apexbank,0807357,,Active
APX1678,Haruna Salami,Male,1986-10-28,Single,Enugu,CUSTOMER SERVICE,Senior HR Officer,Senior,contract,2011-01-10,"June 17, 2011",2015-09-04,N/A,2,12,haruna.salami@apexbank,08098666669,"November 5, 2016",Exited
APX1679,  Ifeoma Nwosu,female,06/03/1982,SINGLE,Uyo,Corp Banking,Relationship Officer,Mid-Level,Permanent,"April 29, 2010","October 14, 2010","May 26, 2011",396000,2,20,ifeoma.nwosu@apexbank.ng,0808 0135718,,active
APX1680,Patience Oluwole,f,10/06/1992,MARRIED,Owerri,Corporate Banking,Head of Credit,Manager,Full Time,"October 9, 2014","April 12, 2015",2018-10-18,1439000,3,2,patience.oluwole@apexbank.ng,0802-663-2789,,active
APX1681,Ngozi Igwe,F,10/08/1980,D,Abuja,Corporate,Teller,Junior,PERMANENT,04/04/2011,28/09/2011,10/02/2015,187000,5,11,ngozi.igwe@apexbank.com,08014061431,2015-07-04,Resigned
APX1682,Toyin Salami,female,1970-11-30,Divorced,Abeokuta,Tech,Chief Risk Officer,Director,Permanent,2010-07-17,11/01/2011,2011-08-10,1652000,5,0,toyin.salami@apexbank.com,08029146229,,ACTIVE
APX1683,Mohammed Eze,m,"September 30, 1975",SINGLE,Sokoto,Accounts,Team Lead,Senior,CONTRACT,14/04/2018,"October 4, 2018",2021-04-08,"732,000",2,14,mohammed.eze@apexbank,08085042563,,active
APX1684,Ibrahim Nwosu,Male,"September 16, 1981",single,Ilorin,CUSTOMER SERVICE,Senior Credit Officer,Senior,contract,23/05/2023,14/12/2023,2024-01-01,N/A,4,13,ibrahim.nwosu@apexbank.ng,0801967,,Active
APX1685,Ebuka Oladele,M,"February 10, 1982",DIVORCED,Enugu,HR,Senior Manager,Senior,PERMANENT,2022-07-30,"February 5, 2023","January 1, 2024",907000,3,18,ebuka.oladele@apexbank,0807 5406127,,Active
APX1686,Chidi Olanrewaju,M,28/12/1972,single,Ilorin,Corporate,Senior Credit Officer,Senior,CONTRACT,2010-08-14,08/03/2011,"June 14, 2013",942000,2,15,chidi.olanrewaju@apexbank.com,08015875271,08/09/2014,exited
APX1687,Samuel Aliyu,MALE,16/10/1984,D,Sokoto,Corporate,Senior Risk Officer,Senior,Full-Time,"July 7, 2022",2022-12-19,"January 1, 2024",865000,2,6,samuel.aliyu@apexbank,08027538267,,Resigned
APX1688,Sol@ Agu,male,17/08/1982,DIVORCED,Abeokuta,Retail Banking,Senior HR Officer,Senior,permanent,"November 14, 2023",26/04/2024,01/01/2024,824000,1,13,sola.agu@apexbank,0808597,,active
APX1689,  Ahmed Suleiman,m,"January 21, 1996",D,Abuja,HR,Risk Officer,Mid-Level,Full Time,20/04/2022,"November 4, 2022",01/01/2024,"?557,000",3,22,ahmed.suleiman@apexbank,0804337,,active
APX1690,Blessing Suleiman,female,"September 25, 1993",married,Calabar,Customer Service,HR Officer,Junior,PERMANENT,2012-01-29,2012-07-15,2016-06-29,"?345,000",2,14,blessing.suleiman@apexbank.com,0803094,,Active
APX1691,Biodun Nwosu,MALE,"March 3, 1992",Divorced,Kano,Human Resources,CFO,Director,PERMANENT,"September 10, 2023","February 15, 2024",2024-01-01,"3,228,000",1,14,biodun.nwosu@apexbank.ng,08087733078,,active
APX1692,  Zainab Uche,f,28/08/1995,Single,Maiduguri,RETAIL,Senior Credit Officer,Senior,PERMANENT,27/02/2016,2016-08-04,"October 12, 2020",927000,3,9,zainab.uche@apexbank,08061282178,,Active
APX1693,Rita Ogunyemi,Female,"November 27, 1997",S,Uyo,Operations,Team Lead,Senior,Full-Time,"January 9, 2018","June 18, 2018","July 10, 2022","646,000",2,15,rita.ogunyemi@apexbank.ng,08025929190,,Active
APX1694,Peter Taiwo,m,04/03/1984,divorced,Lagos,Corporate Banking,Group Head,Director,permanent,"July 18, 2017",25/01/2018,22/01/2022,"3,041,000",4,15,peter.taiwo@apexbank.ng,0807 3641922,,active
APX1695,Yetunde Suleiman,f,"September 29, 1991",S,Abeokuta,Risk & Compliance,Senior Manager,Senior,permanent,2019-04-17,2019-11-02,"February 1, 2022","?837,000",4,12,yetunde.suleiman@apexbank.com,0808383,,active
APX1696,Emeka Oluwole,male,1996-02-21,SINGLE,Owerri,Customer Care,Compliance Officer,Junior,Contractor,10/03/2014,2014-02-06,2018-09-30,270000,2,9,emeka.oluwole@apexbank,08077942426,,Active
APX1697,Sandra Agu,f,04/09/1980,SINGLE,Calabar,I.T,Risk Officer,Mid-Level,PERMANENT,"October 27, 2013","May 9, 2014","September 28, 2017",514000,4,8,sandra.agu@apexbank.com,0809 8136750,,Active
APX1698,Patience Oladele,F,"August 19, 1975",D,Port Harcourt,OPERATIONS,HR Manager,Manager,Permanent,2019-06-16,2019-12-12,2021-01-23,"?1,220,000",5,13,patience.oladele@apexbank.ng,0804-978-0691,"August 14, 2023",Exited
APX1699,Victoria Isah,FEMALE,1992-08-18,single,Maiduguri,Finance & Accounts,Compliance Officer,Junior,permanent,03/12/2022,2023-06-01,"January 1, 2024",196000,2,20,victoria.isah@apexbank.ng,08079276483,,ACTIVE
APX1700,Felix Anyanwu,m,1977-08-22,D,Abuja,Corporate,Customer Rep,Junior,permanent,"June 26, 2018","January 16, 2019",2021-01-03,"239,000",3,1,felix.anyanwu@apexbank.com,0801-536-3407,,active
APX1701,Kunle Olanrewaju,Male,"May 4, 1998",single,Owerri,Human Resources,HR Executive,Mid-Level,Contract,"July 16, 2020",2020-12-29,"August 10, 2024",582000,4,14,kunle.olanrewaju@apexbank,08086174440,,Active
APX1702,Segun Dike,Male,03/07/1983,SINGLE,Ibadan,OPERATIONS,Credit Analyst,Junior,Full-Time,2014-11-03,"April 14, 2015",2017-05-22,295000,5,5,segun.dike@apexbank.com,0801-232-3035,,Active
APX1703,Victoria Fola,Female,13/08/1984,DIVORCED,Owerri,Retail,IT Executive,Mid-Level,contract,27/07/2011,26/01/2012,2013-02-22,N/A,5,3,victoria.fola@apexbank,08069263440,,ACTIVE
APX1704,Chibuzor Owolabi,Male,04/10/1970,married,Maiduguri,Risk,Branch Manager,Manager,CONTRACT,20/10/2019,"April 11, 2020","September 14, 2024",1245000,1,12,chibuzor.owolabiapexbank,08040847750,,active
APX1705,Peter Ogunyemi,Male,"November 16, 1978",married,Owerri,Fin,IT Executive,Mid-Level,permanent,"October 3, 2019",13/04/2020,2024-03-04,493000,4,13,peter.ogunyemi@apexbank,08024241138,,ACTIVE
APX1706,Sola Badmus,m,09/08/1974,MARRIED,Abuja,Operations,Customer Rep,Junior,Contractor,24/10/2014,25/04/2015,2019-06-05,-325050,5,3,sola.badmus@apexbank,0807-520-4513,,ACTIVE
APX1707,Uche Adeleke,M,30/03/1998,D,Benin City,Information Technology,Executive Director,Director,Contractor,26/08/2014,"March 13, 2015","November 24, 2018",1798000,4,15,uche.adeleke@apexbank.ng,0809267,,active
APX1708,Chukwuma Obi,male,"August 6, 1983",divorced,Abeokuta,Compliance,Senior Risk Officer,Senior,Full Time,2015-12-10,2016-07-06,2019-04-27,934000,5,8,chukwuma.obi@apexbank,0801-153-7651,,Exited
APX1709,Peter Bassey,M,19/01/1971,M,Kaduna,Human Resources,Senior IT Officer,Senior,Contractor,"July 21, 2018",21/12/2018,"January 6, 2021",712000,5,22,peter.bassey@apexbank.com,0809-568-8265,2021-10-07,Terminated
APX1710,Garba Oluwole,MALE,08/02/1979,MARRIED,Uyo,RETAIL,HR Officer,Junior,contract,2018-07-03,"December 21, 2018",2021-12-09,186000,1,1,garba.oluwole@@apexbank,08026456175,,active
APX1711,Chukwuma Bankole,M,28/10/1996,single,Kano,Retail,Regional Manager,Manager,permanent,08/12/2012,"June 30, 2013","January 13, 2014","?1,482,000",3,17,chukwuma.bankole@apexbank,08064810554,,Active
APX1712,Sola Owolabi,m,"April 4, 1989",MARRIED,Abuja,Customer Care,Executive Director,Director,contract,2023-03-20,13/09/2023,01/01/2024,2091000,3,9,sola.owolabi@apexbank.com,08030951813,,ACTIVE
APX1713,Chidinma Bankole,F,"February 18, 1981",single,Ibadan,R&C,Banking Officer,Junior,Full-Time,2022-01-06,05/06/2022,"January 1, 2024","301,000",5,12,chidinma.bankole@apexbank.com,0801 6411266,,Active
APX1714,P@tience Adeyemi,f,2010-07-21,single,Kano,Risk,IT Support,Junior,CONTRACT,"July 13, 2022",12/01/2023,2014-10-13,N/A,3,42,patience.adeyemi@apexbank.com,0802-810-2582,2023-07-14,active
APX1715,Nasiru Adeleke,m,"April 26, 1994",Married,Calabar,Retail Banking,Compliance Officer,Junior,Contract,2019-10-20,2020-05-17,21/07/2024,"?320,000",4,6,nasiru.adeleke@apexbank,0803 3871446,,exited
APX1716,Uche Adeleke,Male,10/06/1991,married,Port Harcourt,Ops,Customer Rep,Junior,Contract,"August 5, 2013","October 20, 2014",2017-12-10,"226,000",2,7,uche.adeleke@apexbank.ng,0805593,,ACTIVE
APX1717,Jibril Akinwale,MALE,1973-10-10,single,Asaba,Corporate,Relationship Officer,Mid-Level,PERMANENT,2023-06-07,"November 4, 2023",01/01/2024,489000,2,11,jibril.akinwale@apexbank,0807070,,Active
APX1718,Nkechi Musa,Female,21/12/1985,DIVORCED,Abeokuta,Retail,Branch Manager,Manager,Contractor,"January 29, 2021",2021-08-16,2024-01-01,1114000,3,0,nkechi.musa@apexbank,0802147,,Active
APX1719,Kemi Balogun,F,"October 10, 1979",Single,Abeokuta,Finance,Branch Manager,Manager,Permanent,"November 26, 2018",11/05/2019,"November 29, 2022","1,266,000",1,16,kemi.balogun@apexbank.com,0809-630-4910,,Active
APX1720,Seun Agu,Male,1984-06-24,DIVORCED,Asaba,CS,Compliance Officer,Junior,Contractor,"October 31, 2011","May 7, 2012","September 1, 2016",N/A,1,17,seun.agu@apexbank,0809826,,Active
APX1721,Wale Nnaji,male,"August 6, 1990",SINGLE,Abeokuta,Corporate Banking,Head of Credit,Manager,CONTRACT,2012-01-15,"July 26, 2011","February 20, 2015",991000,5,10,wale.nnaji@apexbank.ng,08056987095,,active
APX1722,Helen Lawal,F,24/09/1980,divorced,Abuja,Risk,Head of Credit,Manager,Contractor,2022-12-14,2023-05-25,2024-01-01,"?1,427,000",2,2,helen.lawal@apexbank.ng,0801292,,active
APX1723,Fatima Mohammed,f,1987-02-11,Divorced,Kano,Risk,Head of Retail,Director,contract,09/10/2012,19/04/2013,"October 30, 2013",2617000,5,9,fatima.mohammed@apexbank.ng,0802-835-9902,,Active
APX1724,Blessing Obi,FEMALE,1979-10-18,DIVORCED,Owerri,hr,IT Support,Junior,PERMANENT,2023-09-27,"March 25, 2024","January 1, 2024","?182,000",1,22,blessing.obi@apexbank,0809 3363091,,Active
APX1725,Ebuka Musa,MALE,06/07/1998,single,Maiduguri,Information Technology,Team Lead,Senior,CONTRACT,2020-02-03,"August 28, 2020",2021-10-13,733000,2,3,ebuka.musa@apexbank,08065849235,,active
APX1726,Nneka Ojo,FEMALE,20/06/1987,D,Kaduna,HR,Head of Credit,Manager,Permanent,28/02/2023,2023-08-08,2024-01-01,1129000,1,0,nneka.ojo@apexbank.com,0803-875-9727,,ACTIVE
APX1727,Kunle Akinwale,Male,13/08/1991,DIVORCED,Owerri,Finance & Accounts,Branch Manager,Manager,PERMANENT,"January 31, 2010",2010-07-23,"May 29, 2012",N/A,1,6,kunle.akinwale@apexbank.com,0802-812-1737,,ACTIVE
APX1728,Amaka Ogunyemi,FEMALE,27/04/1993,M,Port Harcourt,FINANCE,IT Executive,Mid-Level,PERMANENT,25/01/2014,15/08/2014,"April 9, 2017",-180610,3,18,amaka.ogunyemi@apexbank.com,0808 5065978,,Active
APX1729,Peter Bankole,MALE,20/12/1983,Single,Asaba,Retail Bank,HR Manager,Manager,Full Time,2016-10-04,19/04/2017,"July 31, 2018",1026000,1,9,peter.bankole@apexbank.ng,0804-605-5698,,active
APX1730,Dolapo Salami,f,"July 27, 1980",S,Asaba,Risk & Compliance,Customer Rep,Junior,PERMANENT,22/01/2017,2017-07-26,2021-12-15,1860319,4,13,dolapo.salami@apexbank,08026058393,,ACTIVE
APX1731,Lara Yusuf,F,"September 14, 1982",divorced,Kano,Risk,Director of Operations,Director,Full Time,"February 28, 2012",2012-08-16,28/01/2017,1913000,2,21,lara.yusuf@apexbank.com,08050651514,,Active
APX1732,Wale Bankole,M,14/07/1989,SINGLE,Port Harcourt,Operations,Credit Analyst,Junior,contract,2010-03-19,08/09/2010,10/09/2011,N/A,5,0,wale.bankole@apexbank.com,0805162,,active
APX1733,Babatunde Okafor,male,2010-10-16,DIVORCED,Enugu,CS,Senior Analyst,Mid-Level,contract,15/03/2017,20/09/2017,"May 8, 2018",458000,5,2,babatunde.okafor@apexbank.ng,08050116297,,Active
APX1734,Obiageli Idris,female,1978-09-13,M,Ibadan,I.T,Regional Manager,Manager,Full-Time,18/10/2015,2016-03-17,19/10/2017,"1,183,000",5,19,obiageli.idris@apexbank,0808-700-1185,,Active
APX1735,Helen Isah,f,"May 19, 1970",D,Maiduguri,Corp Banking,Finance Manager,Manager,Contractor,06/05/2019,"November 9, 2019",2020-06-11,1443000,2,7,helen.isah@apexbank.ng,0804 3335181,,ACTIVE
APX1736,Patience Musa,female,1975-04-26,SINGLE,Maiduguri,Finance,Risk Manager,Manager,contract,2017-09-02,"February 18, 2018",30/03/2019,"1,029,000",5,4,patience.musa@apexbank.ng,0805359,,Active
APX1737,Ifeoma Bassey,F,"July 10, 1974",S,Kaduna,RETAIL,Senior Risk Officer,Senior,CONTRACT,2013-06-29,2014-01-15,2018-01-18,N/A,3,17,ifeoma.bassey@apexbank.ng,0803 7876012,,ACTIVE
APX1738,Ngozi Anyanwu,female,06/10/1985,Married,Uyo,ICT,Chief Risk Officer,Director,PERMANENT,21/05/2014,"October 30, 2014",25/07/2013,2671000,3,21,ngozi.anyanwu@apexbank.com,0801666,,Active
APX1739,Fatima Taiwo,f,13/10/1981,MARRIED,Kano,Customer Care,Senior Credit Officer,Senior,Full Time,2010-06-09,"December 28, 2010",14/01/2014,"?852,000",5,3,fatima.taiwo@apexbank.com,0809 8135454,,Active
APX1740,Emeka Ojo,Male,12/12/1972,DIVORCED,Calabar,Ops,Senior IT Officer,Senior,Full Time,10/05/2020,13/11/2020,"August 16, 2023",634000,5,14,emeka.ojo@apexbank.ng,0807 2379298,"December 23, 2021",exited
APX1741,Segun Nnaji,MALE,1973-10-02,divorced,Abeokuta,Retail,Senior Risk Officer,Senior,permanent,"September 24, 2020",12/03/2021,24/06/2014,833000,1,17,segun.nnaji@apexbank,0805448,,ACTIVE
APX1742,Kemi Ekwu,Female,"April 25, 1986",single,Lagos,Information Technology,Banking Officer,Junior,Permanent,14/02/2020,13/08/2020,21/02/2024,"?322,000",4,11,kemi.ekwu@apexbank,08039880399,,Active
APX1743,Emeka Lawal,male,10/06/1988,D,Ilorin,Risk & Compliance,Regional Manager,Manager,PERMANENT,"April 29, 2012",19/10/2012,2013-05-01,1116000,2,2,emeka.lawal@apexbank.ng,08044912125,,active
APX1744,Nkechi Musa,f,28/06/1998,married,Kaduna,Human Resources,Chief Risk Officer,Director,CONTRACT,27/07/2019,2020-01-22,"May 16, 2021",2804000,3,12,nkechi.musa@apexbank,0805518,,Active
APX1745,Ebuka Adeyemi,Male,"October 8, 1983",divorced,Kano,H.R,Customer Rep,Junior,Contractor,2014-07-31,"February 1, 2015",18/02/2019,247000,2,4,ebuka.adeyemi@apexbank.ng,0806-279-7594,,active
APX1746,Zainab Musa,f,"February 17, 1989",divorced,Owerri,Ops,Credit Analyst,Junior,Contract,14/03/2020,"September 25, 2020",13/01/2023,212000,1,15,zainab.musa@apexbank.ng,0801 8452438,,Active
APX1747,  Seun Isah,M,"March 21, 1997",MARRIED,Enugu,Operations,Team Lead,Senior,Contractor,2017-01-24,"July 15, 2017",09/07/2020,805000,4,19,seun.isah@,08076882500,,Active
APX1748,Ekaette Salami,f,27/12/1986,single,Kaduna,CUSTOMER SERVICE,Senior Credit Officer,Senior,Permanent,08/08/2013,29/01/2014,"March 15, 2018",754000,3,18,ekaette.salami@apexbank,08022158875,,Active
APX1749,Ahmed Anyanwu,MALE,"October 10, 1981",DIVORCED,Ilorin,,Senior Manager,Senior,contract,05/11/2016,22/05/2017,21/07/2020,"?764,000",1,1,ahmed.anyanwu@apexbank,08028548536,,active
APX1750,Ifeoma Adewole,F,"January 28, 1975",M,Abuja,Corporate Banking,Banking Executive,Mid-Level,contract,16/07/2022,28/12/2022,2024-01-01,,2,4,ifeoma.adewole@apexbank,0802-124-9942,,ACTIVE
APX1751,Queen Aliyu,f,12/11/1976,SINGLE,Calabar,Customer Care,Finance Manager,Manager,Contract,16/05/2021,2021-11-19,"January 1, 2024","?1,363,000",1,18,queen.aliyu@apexbank.ng,08032762588,,active
APX1752,Babatunde Badmus,m,1998-05-12,married,Kano,CORP,Senior HR Officer,Senior,permanent,2015-12-07,2016-06-08,"July 16, 2018","?862,000",5,22,babatunde.badmus@apexbank,0805 2782010,,Active
APX1753,Ekaette Suleiman,female,1971-08-02,single,Uyo,Risk & Compliance,Chief Risk Officer,Director,Contract,2015-08-24,"March 9, 2016",14/01/2020,1728000,5,3,ekaette.suleiman@apexbank,0801017,,active
APX1754,Nneka Okonkwo,female,2010-04-03,Married,Ilorin,CORP,Senior IT Officer,Senior,CONTRACT,"July 24, 2015","December 29, 2015",2016-09-26,"?826,000",5,1,nneka.okonkwo@apexbank.ng,0808053,,Active
APX1755,Eniola Nwosu,female,"January 26, 1988",SINGLE,Benin City,Retail Banking,Group Head,Director,Permanent,13/08/2020,10/01/2021,"June 11, 2023",2457000,2,13,eniola.nwosu@apexbank.com,08010912347,,Active
APX1756,Ifeoma Dike,F,06/06/1973,Single,Ibadan,Retail Bank,Executive Director,Director,PERMANENT,2015-11-28,2016-06-15,31/07/2017,1714000,1,21,ifeoma.dike@apexbank,0806 1117047,17/05/2020,Terminated
APX1757,Miriam Agu,Female,"August 12, 1996",Single,Ilorin,H.R,Head of Credit,Manager,Contract,14/03/2021,2021-09-01,31/07/2023,-420314,3,6,miriam.agu@apexbank.ng,08084928464,,Active
APX1758,Ekaette Nwosu,female,14/08/1974,divorced,Lagos,OPERATIONS,Customer Rep,Junior,CONTRACT,2023-07-28,"May 9, 2023","January 1, 2024",,1,14,ekaette.nwosu@apexbank.com,0801-839-2578,,active
APX1759,Victoria Balogun,Female,"May 30, 1984",SINGLE,Abeokuta,R&C,Director of Operations,Director,CONTRACT,01/05/2011,01/11/2011,"July 28, 2014",2016000,2,21,victoria.balogun@apexbank.com,0807 3311172,,ACTIVE
APX1760,Ngozi Adeleke,Female,07/05/1977,married,Benin City,CUSTOMER SERVICE,Customer Rep,Junior,Permanent,20/09/2021,2022-03-09,2024-11-26,328000,2,11,ngozi.adeleke@apexbank,0802 8222861,,Active
APX1761,Chidi Bankole,Male,07/07/1987,Married,Owerri,Customer Care,CFO,Director,Contract,2020-02-16,2020-08-05,2023-09-30,N/A,3,7,chidi.bankole@apexbank.ng,0804 0749498,,ACTIVE
APX1762,Rasheed Agu,MALE,20/11/1993,D,Sokoto,Tech,Customer Rep,Junior,Permanent,"January 1, 2023","October 9, 2014",2024-03-10,0,2,0,rasheed.agu@apexbank,08085033775,2023-04-12,ACTIVE
APX1763,Yetunde Anyanwu,F,18/05/1992,divorced,Uyo,Retail,Branch Manager,Manager,Permanent,2014-07-03,2015-01-08,13/12/2018,1434000,5,0,yetunde.anyanwu@apexbank,08066997411,,Active
APX1764,Kola Anyanwu,MALE,1974-03-19,S,Abuja,CORP,Team Lead,Senior,CONTRACT,2010-06-27,"January 10, 2011",24/02/2013,694000,5,9,kola.anyanwu@apexbank,08094536894,,ACTIVE
APX1765,Funmilayo Isah,female,1984-07-17,MARRIED,Uyo,R&C,Credit Analyst,Junior,CONTRACT,"September 15, 2023","March 18, 2024","January 1, 2024",249000,3,21,funmilayo.isah@apexbank.com,08058297060,,ACTIVE
APX1766,Sola Idris,Male,1979-11-18,single,Lagos,Operation,HR Executive,Mid-Level,Full-Time,2010-09-14,19/03/2011,2013-09-15,N/A,4,16,sola.idris@apexbank.ng,0804-681-4437,02/11/2016,Resigned
APX1767,Mohammed Aliyu,Male,1987-04-27,divorced,Port Harcourt,Finance,Teller,Junior,Full Time,17/01/2018,2017-08-08,2021-04-14,346000,5,4,mohammed.aliyu@apexbank,0805477,,Active
APX1768,  Funmilayo Musa,FEMALE,"June 9, 1991",SINGLE,Kano,Retail,HR Manager,Manager,Contractor,"October 12, 2020","May 4, 2021","November 10, 2022","1,242,000",1,12,funmilayo.musa@apexbank,08028909660,,Active
APX1769,Babatunde Idris,male,1992-01-01,SINGLE,Kano,I.T,Senior Risk Officer,Senior,permanent,26/01/2023,"July 25, 2023",2024-01-01,745000,3,28,babatunde.idris@apexbank,0804303,,Active
APX1770,Quadri Oluwole,male,12/09/1985,Divorced,Kaduna,Fin,IT Executive,Mid-Level,Full Time,"March 29, 2019",09/10/2019,11/09/2021,"?599,000",5,22,quadri.oluwole@apexbank,08072630492,,active
APX1771,Biodun Ogunyemi,MALE,14/12/1970,Divorced,Owerri,RETAIL,Senior Analyst,Mid-Level,contract,06/11/2018,17/04/2019,2023-06-30,446000,1,6,biodun.ogunyemi@apexbank.ng,08043768079,,ACTIVE
APX1772,Felix Musa,M,03/04/1994,married,Enugu,Retail Bank,Senior Manager,Senior,Permanent,2021-03-25,2021-10-21,2024-01-01,685000,2,7,felix.musa@apexbank,0804-497-7788,,active
APX1773,Queen Bello,F,1993-12-26,married,Port Harcourt,HR,HR Officer,Junior,permanent,23/03/2017,2017-09-23,03/12/2020,"190,000",4,2,queen.bello@apexbank.com,08057564738,,Active
APX1774,Wale Mohammed,male,1993-05-05,Single,Port Harcourt,Retail Banking,IT Manager,Manager,Full Time,2012-12-01,20/05/2013,"October 26, 2015","?1,376,000",5,20,wale.mohammed@apexbank.ng,0808 0715235,,exited
APX1775,Eniola Obi,female,"February 10, 1997",divorced,Lagos,I.T,Risk Officer,Mid-Level,Permanent,2015-06-28,22/01/2016,09/10/2019,"442,000",4,18,eniola.obi@apexbank.com,0809060,,active
APX1776,Blessing Agu,Female,"August 26, 1977",M,Kaduna,Risk/Compliance,Customer Rep,Junior,Contract,07/05/2011,2011-11-30,2013-09-08,261000,3,2,blessing.agu@apexbank.com,08031522155,,Active
APX1777,Kabiru Lawal,m,"April 12, 1982",M,Abeokuta,I.T,HR Executive,Mid-Level,Contract,2013-04-19,14/11/2013,2016-07-11,N/A,5,16,kabiru.lawal@apexbank.com,0808-353-0577,"November 24, 2017",Resigned
APX1778,Tunde Musa,male,10/10/1982,D,Abuja,RETAIL,CFO,Director,Permanent,2019-07-02,"January 10, 2020",2024-04-20,"1,951,000",3,4,tunde.musa@apexbank,08050476697,,Active
APX1779,Zara Owolabi,female,"September 21, 1989",M,Abuja,RETAIL,Senior Risk Officer,Senior,Full-Time,2020-07-18,2021-01-07,"September 18, 2021",932000,5,0,zara.owolabi@apexbank.ng,08082549133,,exited
APX1780,Seun Lawal,MALE,1980-11-16,Married,Sokoto,,Group Head,Director,Full Time,2019-11-25,20/06/2020,2022-12-31,"2,759,000",1,0,seun.lawal@apexbank.ng,0805381,,Active
APX1781,Eniola Fola,female,"August 30, 1993",DIVORCED,Owerri,Compliance,Senior HR Officer,Senior,Full Time,28/03/2023,"September 4, 2023",2024-01-01,891000,3,37,eniola.fola@apexbank.ng,0805-979-0605,2023-08-16,active
APX1782,Wale Agu,MALE,1979-02-28,MARRIED,Owerri,Accounts,Teller,Junior,Contract,2016-07-25,28/12/2016,16/03/2019,282000,1,9,wale.agu@apexbank,0808657,,active
APX1783,Blessing Suleiman,f,"July 26, 1985",M,Sokoto,FINANCE,Senior HR Officer,Senior,PERMANENT,04/03/2023,14/09/2023,2024-01-01,N/A,4,10,blessing.suleiman@apexbank.ng,0807-813-8870,,ACTIVE
APX1784,Femi Mohammed,male,1996-11-17,Single,Uyo,I.T,Banking Officer,Junior,Full Time,"September 18, 2021","April 11, 2022",27/05/2023,302000,4,18,femi.mohammedapexbank.ng,0808982,,Active
APX1785,Emeka Ekwu,M,1974-11-30,DIVORCED,Maiduguri,CS,Regional Manager,Manager,Contractor,23/07/2017,25/12/2017,20/02/2021,N/A,3,2,emeka.ekwu@apexbank.com,0804-569-7535,2022-02-07,Resigned
APX1786,Haruna Bankole,male,08/06/1970,single,Ilorin,OPERATIONS,Senior Analyst,Mid-Level,CONTRACT,"November 3, 2016",03/04/2017,"December 22, 2017",558000,3,20,haruna.bankole@apexbank.ng,08063167231,,ACTIVE
APX1787,Zainab Ibrahim,female,30/06/1985,M,Kaduna,Human Resource,IT Support,Junior,Full Time,2017-01-17,06/08/2017,2019-04-28,199000,2,14,zainab.ibrahim@apexbank,0803 8037433,,exited
APX1788,Helen Dike,female,04/06/1985,D,Asaba,Corp Banking,IT Manager,Manager,permanent,07/11/2017,"April 18, 2018","July 21, 2022",1390000,1,8,helen.dike@apexbank,0803 9356047,,active
APX1789,Segun Anyanwu,M,1975-03-21,Divorced,Asaba,Corporate Banking,Relationship Officer,Mid-Level,Contract,12/11/2023,2024-06-08,01/01/2024,494000,2,14,segun.anyanwu@apexbank,0809 8193113,,ACTIVE
APX1790,Sandra Suleiman,F,19/12/1971,MARRIED,Asaba,Compliance,Senior Risk Officer,Senior,Permanent,"December 18, 2016",08/06/2017,"February 28, 2019",909000,2,20,sandra.suleiman@apexbank.com,0804864,,Active
APX1791,Queen Mohammed,FEMALE,29/09/1987,M,Port Harcourt,Operation,IT Executive,Mid-Level,Contract,2016-09-04,"March 7, 2017","July 31, 2021","578,000",1,12,queen.mohammed@apexbank.ng,08070067023,,Active
APX1792,Queen Ojo,F,1981-11-04,Single,Lagos,RETAIL,IT Manager,Manager,Full Time,08/03/2023,2023-10-03,"January 1, 2024",1333000,4,4,queen.ojo@apexbank,0801-239-6935,,Active
APX1793,Toyin Lawal,FEMALE,1996-01-13,D,Asaba,Finance & Accounts,Risk Manager,Manager,Full-Time,"June 9, 2022","December 26, 2022","January 1, 2024",1332000,4,5,toyin.lawal@apexbank.ng,0802-867-6104,,ACTIVE
APX1794,Segun Adeyemi,Male,"January 19, 1991",single,Port Harcourt,Corp Banking,Group Head,Director,Contract,05/03/2023,2023-08-25,"January 1, 2024",2997000,1,22,segun.adeyemi@@apexbank,08071709375,,active
APX1795,Dolapo Olanrewaju,F,28/05/1984,Single,Calabar,hr,Relationship Officer,Mid-Level,CONTRACT,26/08/2014,"March 12, 2015",12/08/2016,578000,5,6,dolapo.olanrewaju@apexbank,0802 0205629,,ACTIVE
APX1796,Ifeoma Idris,FEMALE,1995-11-01,S,Asaba,Retail Bank,Relationship Officer,Mid-Level,contract,2022-05-22,17/12/2022,"January 1, 2024","?496,000",4,1,ifeoma.idris@apexbank.com,0802 0306669,,active
APX1797,Nnamdi Uche,Male,"April 9, 1998",DIVORCED,Kaduna,H.R,Director of Operations,Director,CONTRACT,2017-08-21,16/05/2017,2019-12-27,1648000,2,4,nnamdi.uche@apexbank.com,0807621,,active
APX1798,Sola Adeyemi,Male,02/07/1970,Married,Kaduna,Operations,HR Executive,Mid-Level,Contractor,2022-07-08,10/12/2022,"January 1, 2024",N/A,2,6,sola.adeyemi@apexbank.com,08092683186,,active
APX1799,Sandra Lawal,f,1970-12-07,SINGLE,Abuja,CUSTOMER SERVICE,Customer Rep,Junior,Contract,"November 22, 2017",2018-06-07,"April 23, 2019",N/A,1,18,sandra.lawal@apexbank.ng,08057656503,,active
APX1800,Vivian Fola,FEMALE,"May 1, 1978",S,Kano,IT,CFO,Director,Contract,10/04/2011,31/10/2011,"December 9, 2015",2837000,2,12,vivian.fola@apexbank.com,08075845727,,Active
APX1801,Ekaette Adeleke,female,1995-04-14,M,Kaduna,Finance,Credit Analyst,Junior,contract,2010-04-01,23/10/2010,2012-08-31,237000,5,5,ekaette.adeleke@apexbank,0808947,,ACTIVE
APX1802,Victoria Mohammed,FEMALE,"August 10, 1984",married,Enugu,Human Resource,Customer Rep,Junior,Contractor,10/01/2020,"July 9, 2020","November 22, 2023",N/A,4,0,victoria.mohammed@apexbank.ng,08020991043,,ACTIVE
APX1803,Emeka Agu,M,"October 26, 1982",divorced,Benin City,,Group Head,Director,CONTRACT,27/10/2023,25/03/2024,"January 1, 2024",N/A,3,15,emeka.agu@apexbank.com,0801-567-5124,,active
APX1804,Ada Balogun,f,1984-04-19,Married,Maiduguri,Human Resources,Executive Director,Director,permanent,2018-10-17,24/04/2019,2020-05-09,0,1,20,ada.balogun@apexbank.ng,08073821653,,ACTIVE
APX1805,Bello Obi,Male,1973-10-10,Single,Abuja,Ops,Senior Risk Officer,Senior,PERMANENT,07/04/2010,25/09/2010,"October 1, 2011","?664,000",1,18,bello.obi@apexbank.com,0808 5702620,,ACTIVE
APX1806,Rita Lawal,f,01/11/1994,DIVORCED,Sokoto,Risk,Chief Risk Officer,Director,Contract,2022-06-11,"December 25, 2022",01/01/2024,1638000,5,0,rita.lawal@apexbank,0804-264-5315,,active
APX1807,  Nasiru Agu,M,21/08/1979,MARRIED,Kano,Corp Banking,Relationship Officer,Mid-Level,Full-Time,2023-12-19,"July 15, 2024",01/01/2024,471000,4,22,nasiru.agu@apexbank,0808-221-9366,,ACTIVE
APX1808,Rasheed Lawal,M,"July 5, 1994",Divorced,Calabar,FINANCE,IT Executive,Mid-Level,CONTRACT,2022-05-01,"September 30, 2022",07/09/2024,"382,000",3,15,rasheed.lawal@apexbank,0808-057-2416,,Active
APX1809,  Ada Olanrewaju,Female,15/10/1994,Single,Uyo,Retail,Risk Officer,Mid-Level,CONTRACT,30/05/2023,04/12/2023,2024-01-01,"424,000",4,4,ada.olanrewaju@apexbank.com,0806 6219661,08/04/2023,Active
APX1810,Chidi Oluwole,M,"October 26, 1997",S,Benin City,Compliance,Head of Retail,Director,PERMANENT,03/11/2012,23/05/2013,2016-03-10,1891000,1,0,chidi.oluwole@apexbank,0801 9482113,,active
APX1811,Ifeanyi Obi,M,1975-06-05,SINGLE,Kano,CUSTOMER SERVICE,HR Manager,Manager,contract,07/07/2016,"January 7, 2017","August 16, 2017",-344472,4,12,ifeanyi.obi@apexbank.com,0809572,,Active
APX1812,Chinwe Bello,FEMALE,05/02/1995,married,Kaduna,H.R,IT Support,Junior,Contract,"July 13, 2018",2018-12-24,2022-07-15,324000,4,10,chinwe.bello@apexbank,08030452877,,active
APX1813,Kabiru Ogunyemi,M,"May 17, 1971",M,Abuja,Customer Care,Customer Rep,Junior,contract,18/06/2015,2015-11-19,"December 22, 2014",317000,1,10,kabiru.ogunyemi@apexbank,0805 8627588,,Active
APX1814,Quadri Okafor,Male,1985-12-23,S,Uyo,CUSTOMER SERVICE,HR Executive,Mid-Level,Contractor,20/02/2022,"August 19, 2022","January 1, 2024",389000,3,20,quadri.okafor@apexbank.ng,0802805,07/09/2023,Resigned
APX1815,Obinna Nnaji,male,01/12/1970,Married,Lagos,Risk/Compliance,Banking Executive,Mid-Level,Full Time,25/01/2010,2010-06-29,"August 17, 2014","379,000",5,18,obinna.nnaji@apexbank,0806730,,Active
APX1816,Nkechi Isah,female,"February 28, 1983",married,Kaduna,Tech,Finance Manager,Manager,Permanent,2020-04-01,05/10/2020,"June 14, 2024",1489000,5,6,nkechi.isah@apexbank.ng,0802665,,ACTIVE
APX1817,Ekaette Ojo,female,"March 14, 1976",divorced,Maiduguri,Corporate,Senior Analyst,Mid-Level,Full Time,20/04/2021,"November 12, 2021","June 15, 2020",492000,2,21,ekaette.ojo@apexbank,0801-275-8471,,active
APX1818,Jumoke Ojo,F,"March 26, 1989",M,Sokoto,CUSTOMER SERVICE,Relationship Officer,Mid-Level,Full Time,04/08/2021,2022-01-26,2023-06-12,428000,4,3,jumoke.ojo@apexbank.ng,0807548,,active
APX1819,Emeka Lawal,M,16/11/1996,S,Enugu,Cust Service,Senior Risk Officer,Senior,Contractor,"January 11, 2017","June 11, 2017",10/06/2019,"873,000",3,7,emeka.lawal@apexbank,08048583045,12/07/2021,Resigned
APX1820,Jumoke Aliyu,FEMALE,15/09/1991,D,Kano,I.T,Team Lead,Senior,permanent,26/06/2012,2012-12-30,2015-04-24,642000,5,15,jumoke.aliyu@apexbank.com,0807695,,active
APX1821,Damilola Mohammed,F,23/05/1997,Married,Kano,IT,Group Head,Director,PERMANENT,2020-10-07,2021-05-03,01/01/2024,"?2,722,000",5,4,damilola.mohammed@apexbank.com,0801556,,active
APX1822,Ada Akinwale,FEMALE,06/09/1985,S,Owerri,RETAIL,HR Executive,Mid-Level,permanent,2018-06-21,14/01/2019,"September 24, 2022",566000,5,21,ada.akinwale@apexbank,0809 6709059,,active
APX1823,Tunde Oladele,m,13/12/1987,married,Owerri,hr,Relationship Officer,Mid-Level,CONTRACT,"October 21, 2018",02/05/2019,2021-07-13,470000,5,11,tunde.oladele@apexbank.ng,08095512069,"February 25, 2021",exited
APX1824,Chukwuma Adewole,M,1984-02-26,married,Uyo,Corporate,Senior HR Officer,Senior,Contract,"February 8, 2013",2013-07-21,11/07/2014,884000,4,8,chukwuma.adewole@apexbank,08047405517,,Active
APX1825,Nkechi Taiwo,FEMALE,1991-11-25,Divorced,Abuja,I.T,Banking Executive,Mid-Level,contract,"January 5, 2023",20/06/2023,01/01/2024,474000,6,7,nkechi.taiwo@apexbank.com,0805 7319562,,active
APX1826,Jibril Adeleke,male,17/01/1987,MARRIED,Kano,CUSTOMER SERVICE,Teller,Junior,permanent,2011-10-21,20/03/2012,2016-01-01,215000,5,3,jibril.adeleke@apexbank.com,0803 9439000,,Active
APX1827,Dayo Anyanwu,Male,"May 25, 1988",married,Owerri,Risk & Compliance,Customer Rep,Junior,Permanent,25/09/2011,"April 17, 2012","November 9, 2013","?347,000",2,39,dayo.anyanwu@apexbank,0807-374-0488,,active
APX1828,Dolapo Ibrahim,F,04/05/1989,D,Abuja,Ops,Senior Analyst,Mid-Level,Permanent,"August 25, 2011",2012-03-01,14/05/2016,497000,1,9,dolapo.ibrahim@@apexbank.com,0805406,2023-12-19,ACTIVE
APX1829,Samuel Oluwole,male,"May 30, 1993",SINGLE,Uyo,,IT Executive,Mid-Level,permanent,"April 28, 2017","September 28, 2017","February 12, 2021",400000,2,1,samuel.oluwole@apexbank.ng,0806-488-2536,,ACTIVE
APX1830,Lara Nwosu,f,"December 31, 1973",S,Abuja,Risk & Compliance,Credit Analyst,Junior,Full Time,09/12/2022,2023-07-01,"January 1, 2024","334,000",3,3,lara.nwosu@apexbank.ng,0803550,,ACTIVE
APX1831,Chinwe Oluwole,f,"June 4, 1978",M,Ilorin,RETAIL,Credit Analyst,Junior,contract,2013-10-23,"March 26, 2014","March 31, 2017",184000,5,6,chinwe.oluwole@,08099878269,,Active
APX1832,Babatunde Adeyemi,M,"September 19, 1986",divorced,Kaduna,,HR Officer,Junior,Contract,"December 31, 2010","July 27, 2011",2014-05-29,"286,000",4,17,babatunde.adeyemi@apexbank.com,0801149,,active
APX1833,Kunle Anyanwu,M,1981-09-22,divorced,Sokoto,hr,Director of Operations,Director,Contract,2014-08-04,2015-01-31,28/03/2017,"?2,476,000",1,5,kunle.anyanwu@apexbank,08011085139,,ACTIVE
APX1834,Jumoke Suleiman,Female,"August 30, 1987",single,Owerri,Retail,Regional Manager,Manager,permanent,2017-08-19,2018-02-24,"September 17, 2020","1,436,000",4,16,jumoke.suleiman@apexbank.ng,0804-941-3356,"December 26, 2021",Exited
APX1835,Zainab Okafor,F,1985-11-24,MARRIED,Ilorin,R&C,Group Head,Director,Full-Time,2014-03-23,25/08/2014,11/12/2017,2342000,3,22,zainab.okafor@apexbank.com,0808 4664748,,ACTIVE
APX1836,Funmilayo Adeleke,Female,1978-05-25,SINGLE,Asaba,Customer Care,Senior Risk Officer,Senior,PERMANENT,2013-07-04,2014-01-20,"April 17, 2017",820000,3,22,funmilayo.adeleke@apexbank.com,08081433835,,ACTIVE
APX1837,  Kunle Bassey,MALE,18/03/1992,D,Benin City,Information Technology,Finance Manager,Manager,contract,"February 14, 2020",2020-07-28,12/02/2024,1278000,4,10,kunle.bassey@apexbank,0801297,,active
APX1838,Chukwuma Owolabi,male,"January 6, 1983",DIVORCED,Benin City,H.R,Senior Manager,Senior,Contractor,2016-02-20,2016-09-06,"September 18, 2015",-458076,2,15,chukwuma.owolabi@apexbank,08047352338,,active
APX1839,Wale Badmus,male,"June 22, 1984",S,Owerri,HR,IT Manager,Manager,permanent,14/02/2011,"August 19, 2011","May 4, 2014",-105242,5,9,wale.badmus@apexbank.com,0809-862-9963,,ACTIVE
APX1840,Ifeoma Bankole,f,1972-02-10,single,Kaduna,OPERATIONS,HR Officer,Junior,Contractor,"July 31, 2015",2016-02-06,2016-10-07,301000,3,16,ifeoma.bankole@apexbank.ng,0802044,28/05/2018,Terminated
APX1841,  Tunde Igwe,M,15/03/1989,married,Enugu,Ops,Senior Credit Officer,Senior,Contract,2019-09-12,"February 10, 2020",29/12/2023,924000,2,20,tunde.igwe@apexbank.ng,0801 7644909,"January 15, 2023",Exited
APX1842,Quadri Bankole,Male,"June 10, 1987",M,Ibadan,Corporate Banking,Senior IT Officer,Senior,Contractor,27/08/2014,"March 16, 2015","September 5, 2016",747000,3,17,quadri.bankole@apexbank,0806-832-9705,07/01/2023,ACTIVE
APX1843,Ibr@him Balogun,M,1982-01-17,married,Maiduguri,Retail,Chief Risk Officer,Director,Contractor,2018-08-08,2019-02-20,2021-11-08,2201000,3,7,ibrahim.balogun@apexbank,0805-048-9838,,Active
APX1844,Lara Olanrewaju,F,18/12/1984,SINGLE,Ilorin,Corp Banking,Senior Manager,Senior,contract,2015-01-25,"July 19, 2015",03/08/2017,651000,6,22,lara.olanrewaju@apexbank.ng,0809-545-7276,,ACTIVE
APX1845,Blessing Bello,Female,"October 3, 1981",Divorced,Ibadan,Retail Bank,HR Manager,Manager,Permanent,13/12/2019,2020-05-28,"August 23, 2019",1076000,5,4,blessing.bello@apexbank.ng,0804-533-0954,,ACTIVE
APX1846,  Yetunde Okafor,female,1991-04-06,M,Asaba,OPERATIONS,Group Head,Director,contract,"August 27, 2010","March 20, 2011","February 4, 2015",3142000,1,11,yetunde.okafor@apexbank,0802-912-5511,"June 28, 2014",Exited
APX1847,Jibril Aliyu,Male,1987-06-23,D,Sokoto,Finance & Accounts,Finance Manager,Manager,Contractor,"June 8, 2016","November 30, 2016","September 29, 2014",-231337,4,5,jibril.aliyu@apexbank,0808 6319844,2019-07-04,Terminated
APX1848,Rex Igwe,Male,1992-12-07,M,Benin City,I.T,Risk Manager,Manager,Contract,"July 14, 2010",02/02/2011,2014-11-25,1368000,4,16,rex.igwe@apexbank.ng,0806 9687411,21/12/2013,Terminated
APX1849,Felix Oladele,Male,"April 21, 1974",S,Abeokuta,OPERATIONS,Chief Risk Officer,Director,PERMANENT,2019-04-09,"October 17, 2019",25/09/2018,2990000,4,11,felix.oladele@apexbank,0804-464-4629,,active
APX1850,Chioma Bassey,F,1993-11-28,M,Lagos,Retail Bank,Compliance Officer,Junior,Contract,02/02/2010,20/08/2010,2013-09-15,,4,2,chioma.bassey@apexbank.com,0803 8094083,,ACTIVE
APX1851,  Chioma Ekwu,female,"July 3, 1985",Single,Ibadan,OPERATIONS,Finance Manager,Manager,Contract,"November 4, 2015",06/04/2016,"July 22, 2018",,3,6,chioma.ekwu@apexbank.ng,0804 0762319,,Active
APX1852,Patience Balogun,F,"May 15, 1996",D,Sokoto,Compliance,IT Manager,Manager,Contract,2012-11-06,09/04/2013,"February 2, 2016",,2,13,patience.balogun@apexbank.com,0804-002-8303,,Active
APX1853,Rita Igwe,female,"May 12, 1977",Married,Calabar,Operations,Senior Manager,Senior,Full-Time,2016-04-29,2016-11-25,21/09/2020,848000,2,16,rita.igwe@apexbank.com,08058485630,,active
APX1854,Lanre Musa,male,1998-03-14,D,Abeokuta,Retail Bank,Senior Manager,Senior,Full Time,2020-09-11,16/02/2021,"January 1, 2024",N/A,1,20,lanre.musa@,0802 5256365,"January 7, 2025",exited
APX1855,Fatima Okafor,FEMALE,1984-12-22,MARRIED,Sokoto,CORP,IT Support,Junior,Contractor,"June 19, 2011","December 4, 2011",2016-04-03,311000,4,4,fatima.okafor@apexbank.com,08056137013,,active
APX1856,Ada Bello,female,1988-04-22,Married,Port Harcourt,RETAIL,Head of Retail,Director,Permanent,2019-09-18,2020-03-02,26/04/2023,3232000,5,7,ada.bello@apexbank,0807-957-2648,,ACTIVE
APX1857,Nneka Ojo,FEMALE,03/01/1991,MARRIED,Asaba,Fin,IT Executive,Mid-Level,Contractor,04/02/2021,11/08/2021,"June 30, 2023","?387,000",4,11,nneka.ojo@apexbank.com,0805 4762261,,Active
APX1858,Felix Oluwole,MALE,30/09/1995,S,Abuja,I.T,Relationship Officer,Mid-Level,Full Time,"March 2, 2019",2019-08-26,2023-02-03,"?376,000",5,32,felix.oluwole@apexbank,0805479,17/04/2022,exited
APX1859,Dolapo Bello,Female,1991-10-24,M,Calabar,Finance & Accounts,HR Executive,Mid-Level,permanent,11/03/2011,"September 19, 2011",29/07/2014,591000,1,19,dolapo.bello@apexbank.ng,0804 9654509,,ACTIVE
APX1860,Rita Nnaji,FEMALE,1977-12-24,Married,Lagos,Tech,Chief Risk Officer,Director,contract,09/11/2023,2023-06-14,2024-01-01,N/A,1,21,rita.nnaji@apexbank.com,0808 0568853,,active
APX1861,Queen Aliyu,f,1981-01-13,married,Calabar,Corp Banking,Relationship Officer,Mid-Level,CONTRACT,"April 16, 2019",08/11/2019,04/01/2024,578000,1,21,queen.aliyu@apexbank,0808 1126361,,active
APX1862,Obinna Olanrewaju,M,29/04/1990,S,Kaduna,Finance & Accounts,Senior Manager,Senior,CONTRACT,"December 16, 2018",2019-07-02,2020-05-10,"?672,000",2,8,obinna.olanrewaju@apexbank.com,0803862,,active
APX1863,  Biodun Badmus,male,17/12/1997,single,Abeokuta,Operation,HR Manager,Manager,permanent,03/11/2018,"April 4, 2019",2020-06-29,1027000,4,8,biodun.badmus@apexbank,08080040365,,exited
APX1864,Felix Achebe,m,1983-03-27,MARRIED,Abeokuta,Risk/Compliance,IT Manager,Manager,contract,20/04/2021,"October 22, 2021",2024-11-11,1392000,1,3,felix.achebe@apexbank.com,08033926822,,active
APX1865,Haruna Igwe,Male,1979-01-06,Married,Enugu,Information Technology,Senior Credit Officer,Senior,permanent,17/04/2011,"October 8, 2011",2013-02-13,720000,4,14,haruna.igwe@apexbank.com,08054223672,,active
APX1866,Sol@ Igwe,male,"April 3, 1980",MARRIED,Kaduna,I.T,Relationship Officer,Mid-Level,Full Time,27/04/2013,"October 15, 2013",22/02/2015,554000,5,17,sola.igwe@apexbank.ng,08081201968,,active
APX1867,Ekaette Salami,female,1978-04-14,divorced,Ilorin,CUSTOMER SERVICE,Director of Operations,Director,Full Time,26/02/2021,01/08/2021,"June 30, 2023",3297000,2,0,ekaette.salami@apexbank,0809-046-1396,,active
APX1868,Femi Agu,Male,1992-04-26,S,Lagos,Compliance,Branch Manager,Manager,CONTRACT,14/08/2018,16/02/2019,"September 29, 2022",1498000,4,7,femi.agu@apexbank.ng,0801 2707292,,Active
APX1869,  Rasheed Ibrahim,M,1995-10-04,Married,Port Harcourt,,IT Manager,Manager,Contract,"January 6, 2023",20/07/2023,01/01/2024,"1,083,000",3,14,rasheed.ibrahim@apexbank,08072862416,,active
APX1870,  Biodun Bankole,m,02/11/1995,SINGLE,Ibadan,Human Resources,Relationship Officer,Mid-Level,PERMANENT,2022-07-01,"November 30, 2022",13/07/2023,"397,000",1,16,biodun.bankole@apexbank,0807866,2025-10-02,Terminated
APX1871,Kunle Igwe,M,"September 12, 1978",divorced,Abeokuta,Tech,Banking Executive,Mid-Level,Contractor,03/06/2019,30/12/2019,30/05/2024,582000,3,19,kunle.igwe@apexbank,08017814454,"February 4, 2023",active
APX1872,Chidinma Nnaji,F,06/04/1979,DIVORCED,Enugu,Risk & Compliance,Head of Credit,Manager,Contractor,2016-02-28,20/08/2016,26/12/2020,N/A,2,5,chidinma.nnaji@apexbank.com,08049519210,,ACTIVE
APX1873,Vivian Yusuf,F,"February 6, 1982",S,Calabar,,Senior Analyst,Mid-Level,Contract,"September 1, 2014",2015-03-02,"May 11, 2014",N/A,2,12,vivian.yusuf@apexbank.com,08053274865,,Active
APX1874,Jibril Musa,m,24/09/1984,Single,Maiduguri,Corp Banking,Branch Manager,Manager,Full-Time,2013-07-10,"February 5, 2014",2014-12-20,N/A,3,10,jibril.musa@,0807-861-3244,,ACTIVE
APX1875,Eniola Idris,female,18/08/1976,M,Enugu,Information Technology,CFO,Director,contract,"July 8, 2012",2013-01-07,29/09/2013,,1,26,eniola.idris@apexbank.com,0809 3527992,,active
APX1876,Victoria Eze,Female,02/06/1975,Divorced,Port Harcourt,Retail Bank,Group Head,Director,Contract,2014-12-20,2015-06-16,2018-10-27,N/A,5,11,victoria.eze@apexbank.ng,08087764457,,active
APX1877,Uche Okafor,Male,1995-09-27,MARRIED,Lagos,Corporate,Senior Credit Officer,Senior,Permanent,18/11/2012,23/05/2013,06/10/2014,,2,8,uche.okafor@apexbank,0802 6613671,,ACTIVE
APX1878,Helen Badmus,FEMALE,1991-03-29,Divorced,Sokoto,hr,Risk Manager,Manager,PERMANENT,"November 12, 2017",2018-04-27,2019-01-07,-223638,2,2,helen.badmus@apexbank.ng,0804-816-0208,,ACTIVE
APX1879,Dolapo Taiwo,female,16/12/1992,Divorced,Enugu,Accounts,Head of Credit,Manager,Contract,"August 18, 2018",27/01/2019,"August 5, 2021",1070000,2,8,dolapo.taiwo@apexbank,0807226,,active
APX1880,Samuel Dike,m,21/10/1997,Divorced,Owerri,Customer Service,Senior Risk Officer,Senior,Contract,24/05/2013,"November 28, 2013",2015-01-19,792000,2,18,samuel.dike@apexbank,0809-091-2310,,Active
APX1881,Lanre Musa,M,"May 5, 1982",married,Owerri,Corp Banking,IT Executive,Mid-Level,Permanent,"July 27, 2020",2021-02-15,2022-03-06,456000,4,3,lanre.musa@apexbank.com,08077187760,,ACTIVE
APX1882,Rex Owolabi,MALE,"September 10, 1977",D,Asaba,Information Technology,HR Manager,Manager,permanent,27/04/2010,07/11/2010,2013-04-15,"1,451,000",5,0,rex.owolabi@,0803-276-1330,,Resigned
APX1883,Zainab Okoro,f,1997-07-18,Single,Kaduna,Tech,Risk Officer,Mid-Level,Permanent,2021-08-07,2022-01-21,2024-01-01,600000,3,4,zainab.okoro@apexbank.ng,0805628,,Active
APX1884,Chukwuma Musa,m,08/06/1970,married,Kano,HR,Head of Credit,Manager,CONTRACT,10/06/2020,2020-11-23,2023-06-25,"1,144,000",4,17,chukwuma.musa@apexbank.ng,08045710361,,Active
APX1885,Lanre Lawal,m,"September 2, 1988",divorced,Maiduguri,Risk,Risk Manager,Manager,Contract,2017-05-18,08/11/2017,01/05/2021,1288000,3,9,lanre.lawal@apexbank.com,08098083880,,Active
APX1886,Eniola Eze,female,19/11/1974,D,Kano,OPERATIONS,IT Executive,Mid-Level,CONTRACT,"March 18, 2013",2013-10-12,"June 15, 2014",536000,1,3,eniola.eze@apexbank.ng,08066029430,11/06/2017,Terminated
APX1887,Helen Isah,f,1997-09-18,Married,Kaduna,CUSTOMER SERVICE,Finance Manager,Manager,permanent,29/08/2016,"February 7, 2017",2021-06-15,"?1,372,000",5,10,helen.isah@apexbank.com,0805 9361125,,ACTIVE
APX1888,Zainab Uche,FEMALE,12/12/1972,single,Asaba,R&C,Group Head,Director,CONTRACT,11/07/2014,31/12/2014,"March 21, 2016",3288000,1,14,zainab.uche@apexbank.com,0807-266-2383,,Active
APX1889,Femi Ibrahim,Male,"April 19, 1996",Single,Asaba,H.R,Risk Officer,Mid-Level,Full Time,2013-06-29,2013-12-15,"November 28, 2014",423000,5,13,femi.ibrahim@apexbank,0806 3706032,,active
APX1890,Samuel Salami,m,1979-11-03,SINGLE,Calabar,Retail Bank,Senior Manager,Senior,Contractor,2018-07-24,2019-01-27,"February 14, 2020",676000,4,1,samuel.salami@apexbank.com,0802989,,Active
APX1891,Zainab Uche,Female,"December 31, 1980",Single,Enugu,Customer Care,Director of Operations,Director,permanent,19/05/2014,2014-11-02,"March 27, 2018","2,476,000",4,14,zainab.uche@apexbank.ng,0806651,"November 3, 2018",Resigned
APX1892,Mohammed Olanrewaju,MALE,1970-08-13,single,Benin City,I.T,Customer Rep,Junior,Contract,27/05/2012,2012-12-03,09/11/2015,N/A,1,20,mohammed.olanrewaju@apexbank.ng,08054083632,,Active
APX1893,Chinwe Adeleke,Female,"March 22, 1992",DIVORCED,Maiduguri,,Senior IT Officer,Senior,contract,2013-03-31,14/10/2013,06/08/2016,855000,5,22,chinwe.adeleke@apexbank,0806-292-8990,,active
APX1894,Tunde Taiwo,m,19/12/1997,Married,Owerri,hr,HR Executive,Mid-Level,Full Time,23/03/2013,13/10/2013,"June 25, 2016",590000,3,2,tunde.taiwo@apexbank.com,0807295,,Active
APX1895,Chidi Olanrewaju,male,"August 5, 1989",SINGLE,Lagos,R&C,Chief Risk Officer,Director,PERMANENT,26/12/2013,"June 20, 2014",04/02/2017,3021000,5,4,chidi.olanrewaju@apexbank.ng,0806-045-2840,,ACTIVE
APX1896,  Dayo Ekwu,MALE,"December 4, 1986",DIVORCED,Uyo,,Senior Analyst,Mid-Level,CONTRACT,2021-04-21,"October 24, 2021",03/05/2024,477000,4,22,dayo.ekwu@apexbank.com,0807-346-2752,,Active
APX1897,Biodun Adeyemi,Male,"July 31, 1981",SINGLE,Ilorin,Human Resources,Branch Manager,Manager,CONTRACT,16/11/2017,"June 2, 2018",19/08/2019,1026000,4,20,biodun.adeyemi@apexbank.com,0809 3385128,"February 26, 2021",Exited
APX1898,Bello Taiwo,male,"July 11, 1970",Married,Asaba,Accounts,IT Manager,Manager,CONTRACT,2015-10-03,2016-03-28,"June 22, 2018","1,160,000",3,3,bello.taiwo@apexbank.ng,0807682,,active
APX1899,Toyin Obi,female,"August 11, 1982",S,Benin City,R&C,HR Officer,Junior,contract,30/11/2019,"May 23, 2020",15/09/2022,207000,2,16,toyin.obi@apexbank.ng,0805-304-7392,,ACTIVE
APX1900,Toyin Suleiman,FEMALE,"April 11, 1987",divorced,Sokoto,Risk & Compliance,Head of Credit,Manager,Contractor,"October 19, 2013",2014-03-21,2017-06-02,"?1,328,000",1,12,toyin.suleiman@apexbank.com,0803 8739137,,Active
APX1901,Rasheed Owolabi,M,1971-08-04,S,Kaduna,Corp Banking,Teller,Junior,PERMANENT,"May 4, 2018",2018-11-27,"December 22, 2019",260000,3,5,rasheed.owolabi@,0806 0412487,,Active
APX1902,Sola Igwe,MALE,"December 1, 1971",Married,Lagos,Finance & Accounts,HR Manager,Manager,Contractor,25/04/2016,19/11/2016,2018-05-29,1435000,1,45,sola.igwe@apexbank.ng,0801 7356719,,active
APX1903,Ebuka Uche,MALE,"July 19, 1976",M,Owerri,Corporate,Senior HR Officer,Senior,Contractor,"May 2, 2022",19/10/2022,2024-01-01,"?885,000",4,19,ebuka.uche@apexbank.com,0808971,,active
APX1904,Sandra Taiwo,female,"October 4, 1994",Divorced,Maiduguri,Accounts,Director of Operations,Director,Full Time,"July 7, 2020",2014-08-15,16/07/2024,3358000,4,5,sandra.taiwo@apexbank.com,0805 1228723,,active
APX1905,Sandra Nnaji,female,"December 10, 1977",divorced,Calabar,Retail Bank,Head of Credit,Manager,permanent,2022-09-05,2023-03-25,01/01/2024,N/A,3,4,sandra.nnaji@apexbank.ng,08082891204,2023-10-15,ACTIVE
APX1906,Quadri Musa,M,24/03/1971,MARRIED,Ilorin,Retail Bank,Senior HR Officer,Senior,permanent,2010-06-24,"January 4, 2011","September 4, 2014",916000,1,6,quadri.musa@apexbank.com,0806129,,ACTIVE
APX1907,Ekaette Okonkwo,F,1991-08-26,DIVORCED,Kano,Compliance,IT Executive,Mid-Level,CONTRACT,03/01/2019,2019-06-13,"May 22, 2022",481000,3,20,ekaette.okonkwo@apexbank,0806-292-1678,,active
APX1908,Ugochi Okafor,FEMALE,"April 27, 1973",Married,Abuja,Accounts,Executive Director,Director,Permanent,"November 18, 2012",2014-10-12,"December 10, 2013","3,377,000",1,2,ugochi.okafor@apexbank.com,0803 2178485,,active
APX1909,Obinna Adewole,m,2010-09-02,MARRIED,Asaba,Compliance,Banking Executive,Mid-Level,Full Time,"February 13, 2018",2018-07-30,2022-07-21,N/A,5,3,obinna.adewole@apexbank,08023986718,,ACTIVE
APX1910,Queen Nwosu,Female,16/06/1980,D,Uyo,OPERATIONS,Senior Credit Officer,Senior,Full-Time,15/01/2015,26/07/2015,"July 10, 2017",693000,5,22,queen.nwosu@@apexbank,08070781835,,Active
APX1911,Obinna Nwosu,M,16/12/1973,D,Lagos,Operations,Group Head,Director,contract,04/09/2011,"July 1, 2011","November 24, 2012",282632,5,10,obinna.nwosu@apexbank,08071318260,13/06/2013,Terminated
APX1912,Amaka Bello,F,"July 7, 1976",SINGLE,Owerri,Tech,Director of Operations,Director,Contractor,23/07/2018,10/02/2019,"October 10, 2020","?3,440,000",2,11,amaka.bello@apexbank.com,0808 7868687,,Active
APX1913,Patience Ibrahim,f,08/12/1994,DIVORCED,Uyo,Finance & Accounts,Risk Manager,Manager,Permanent,2023-12-23,"June 5, 2024",2024-01-01,994000,1,16,patience.ibrahim@apexbank,0802037,,exited
APX1914,Patience Balogun,FEMALE,07/07/1994,Single,Calabar,Corporate Banking,Senior Risk Officer,Senior,Full-Time,"August 25, 2011","March 7, 2012",05/11/2013,683000,4,12,patience.balogun@apexbank.com,0808548,,ACTIVE
APX1915,Jibril Dike,male,1973-04-08,S,Sokoto,Retail Bank,Head of Retail,Director,Contractor,15/04/2010,"September 17, 2010",2014-12-15,1673000,4,10,jibril.dike@apexbank.com,0809-409-1660,,Active
APX1916,Haruna Suleiman,MALE,"May 27, 1994",DIVORCED,Maiduguri,Corp Banking,Finance Manager,Manager,Contract,"February 6, 2020","July 18, 2020",2024-01-02,1377000,2,1,haruna.suleiman@apexbank.ng,08021703618,,ACTIVE
APX1917,Ugochi Badmus,f,"May 2, 1980",D,Benin City,Retail,Senior Manager,Senior,CONTRACT,08/04/2014,2014-09-06,2017-09-08,"?852,000",4,4,ugochi.badmus@apexbank.com,0805-042-0892,,Active
APX1918,Segun Fola,male,24/11/1971,S,Calabar,Operation,Director of Operations,Director,CONTRACT,15/07/2014,"January 22, 2015",16/07/2016,2847000,3,18,segun.fola@apexbank,0802-331-2501,,active
APX1919,  Emeka Lawal,Male,1991-06-30,divorced,Ibadan,Human Resource,Senior Risk Officer,Senior,Contract,"March 10, 2010",17/08/2010,19/04/2012,"682,000",4,1,emeka.lawal@apexbank.ng,0808671,,ACTIVE
APX1920,Yetunde Balogun,f,"October 11, 1983",married,Maiduguri,CUSTOMER SERVICE,HR Officer,Junior,Contractor,"July 2, 2011",2011-12-07,07/02/2016,N/A,1,16,yetunde.balogunapexbank.ng,0805 9530887,,Active
APX1921,Miriam Idris,FEMALE,"October 2, 1990",M,Asaba,Finance,Executive Director,Director,contract,"May 31, 2018",05/11/2018,15/05/2021,,3,10,miriam.idris@apexbank.ng,0801749,,exited
APX1922,  Nnamdi Musa,Male,16/09/1975,Married,Owerri,Finance & Accounts,Senior Risk Officer,Senior,PERMANENT,27/10/2020,2021-05-08,2022-06-02,"?806,000",4,5,nnamdi.musa@apexbank.com,0802-716-7969,,Active
APX1923,Zara Nnaji,female,1992-04-30,D,Abeokuta,CORP,Director of Operations,Director,Full Time,2018-04-02,02/09/2018,2019-06-26,"2,839,000",4,17,zara.nnaji@apexbank.com,0802273,,Active
APX1924,Sandra Fola,FEMALE,1985-08-24,single,Port Harcourt,Accounts,Head of Credit,Manager,contract,28/12/2023,"May 27, 2024",01/01/2024,1319000,2,4,sandra.fola@apexbank,0807 3736328,27/06/2027,Resigned
APX1925,Lanre Oluwole,male,"January 1, 1983",single,Uyo,Operation,IT Executive,Mid-Level,Contractor,2022-10-07,21/04/2023,2024-04-18,405000,3,3,lanre.oluwoleapexbank,0808599,,ACTIVE
APX1926,Emeka Nnaji,male,"January 24, 1989",M,Sokoto,HR,Senior HR Officer,Senior,Contractor,2013-09-24,17/03/2014,29/08/2017,830000,2,15,emeka.nnaji@apexbank.ng,0809 0371371,,Active
APX1927,Zainab Owolabi,female,"August 11, 1985",MARRIED,Ibadan,Human Resources,Relationship Officer,Mid-Level,CONTRACT,14/04/2021,"September 13, 2021",2024-06-08,429000,3,18,zainab.owolabi@@apexbank.ng,0809527,,Active
APX1928,  Jibril Balogun,Male,19/11/1970,D,Asaba,Information Technology,Senior Credit Officer,Senior,contract,2022-12-30,07/07/2023,01/01/2024,"?905,000",2,19,jibril.balogun@apexbank,0806898,,exited
APX1929,Kola Nnaji,m,21/11/1985,divorced,Maiduguri,Human Resources,Senior IT Officer,Senior,CONTRACT,2017-04-29,"November 18, 2017",2018-12-04,697000,1,17,kola.nnajiapexbank,08015545782,,active
APX1930,Dayo Akinwale,m,07/02/1970,S,Calabar,Retail Banking,Executive Director,Director,CONTRACT,2018-10-13,2019-04-13,"March 23, 2022",2354000,5,14,dayo.akinwale@apexbank.ng,08017591405,,active
APX1931,Victoria Okafor,f,2010-01-03,divorced,Abuja,Compliance,Director of Operations,Director,Contractor,"January 18, 2023","June 19, 2023","January 1, 2024",3009000,5,7,victoria.okafor@apexbank,0805297,,ACTIVE
APX1932,Obinna Fola,MALE,1975-06-15,DIVORCED,Asaba,Accounts,Head of Retail,Director,Permanent,10/05/2011,07/02/2011,"March 15, 2015","1,928,000",1,15,obinna.fola@apexbank.ng,0809 7790854,,Active
APX1933,Vivian Balogun,F,"December 11, 1979",married,Kaduna,Corp Banking,Branch Manager,Manager,Permanent,"December 16, 2015",2016-06-05,"March 3, 2018","?1,493,000",2,2,vivian.balogun@apexbank,08087240244,,active
APX1934,Mohammed Salami,MALE,10/12/1970,M,Enugu,Retail Bank,CFO,Director,PERMANENT,28/06/2019,"December 17, 2019","October 21, 2022",2025000,5,17,mohammed.salami@apexbank.com,08045574781,2025-01-19,Resigned
APX1935,  Chioma Ekwu,f,"January 6, 1996",Divorced,Benin City,CUSTOMER SERVICE,IT Executive,Mid-Level,PERMANENT,2017-02-05,2017-08-26,2019-01-29,"?496,000",4,3,chioma.ekwu@apexbank,0806 9120465,12/08/2021,Resigned
APX1936,Zainab Salami,F,"February 7, 1977",S,Abeokuta,Operations,Senior Risk Officer,Senior,contract,2016-09-09,23/04/2016,17/09/2017,N/A,4,0,zainab.salami@apexbank.com,0804171,,Terminated
APX1937,Miriam Taiwo,F,1970-12-01,single,Port Harcourt,CS,Branch Manager,Manager,Contractor,2010-08-14,"February 3, 2011",2015-04-08,1132000,4,19,miriam.taiwo@apexbank.com,0804934,,ACTIVE
APX1938,Peter Adeleke,MALE,1996-09-26,M,Port Harcourt,Risk & Compliance,Finance Manager,Manager,PERMANENT,"January 4, 2012",21/06/2012,2013-04-27,"1,147,000",4,20,peter.adeleke@apexbank,0809-497-3166,,active
APX1939,Ibrahim Isah,Male,07/10/1979,DIVORCED,Abuja,HR,IT Executive,Mid-Level,PERMANENT,"December 21, 2013",2014-07-16,"May 26, 2017","469,000",2,7,ibrahim.isah@apexbank,0808 4241838,,ACTIVE
APX1940,Kunle Olanrewaju,M,1998-11-08,S,Ilorin,CORP,Regional Manager,Manager,contract,2017-07-12,"February 2, 2018","September 26, 2021","?1,428,000",4,10,kunle.olanrewaju@@apexbank,0801521,,ACTIVE
APX1941,  Uche Okafor,m,2010-05-04,Single,Enugu,Finance & Accounts,Senior Risk Officer,Senior,Contractor,20/09/2014,"March 29, 2015","October 13, 2017","?778,000",4,7,uche.okafor@apexbank,0806-696-9089,,active
APX1942,Dayo Okafor,Male,25/09/1982,MARRIED,Uyo,Operations,IT Executive,Mid-Level,Contract,12/05/2019,21/11/2019,21/05/2021,569000,4,20,dayo.okafor@apexbank.com,0806-197-5143,,exited
APX1943,Ifeanyi Ibrahim,Male,1985-03-22,Married,Owerri,Operations,Branch Manager,Manager,Full Time,"October 1, 2010",2014-08-20,"December 7, 2011",1490000,3,2,ifeanyi.ibrahim@apexbank.com,0806305,2023-02-11,ACTIVE
APX1944,  Blessing Salami,FEMALE,22/03/1995,MARRIED,Benin City,Retail,Senior Credit Officer,Senior,Contract,2023-01-07,17/06/2023,2024-01-01,729000,3,36,blessing.salami@apexbank,0802978,,active
APX1945,Miriam Dike,Female,30/08/1978,M,Abuja,Corp Banking,Branch Manager,Manager,Contract,2017-10-07,2018-04-05,2020-04-24,1167000,1,4,miriam.dike@apexbank,0807-608-6221,,Active
APX1946,Jumoke Balogun,Female,1972-08-27,Married,Lagos,Retail Bank,Banking Executive,Mid-Level,Contract,"October 22, 2012","April 26, 2013",2015-11-04,"?477,000",3,19,jumoke.balogun@apexbank.com,0806-339-3752,,Active
APX1947,Chidi Olanrewaju,MALE,"March 20, 1998",MARRIED,Enugu,Risk,HR Officer,Junior,CONTRACT,"February 6, 2020",13/08/2020,2022-12-13,"?260,000",2,20,chidi.olanrewaju@apexbank.ng,0802269,,Active
APX1948,Chukwuma Anyanwu,male,"April 25, 1980",Married,Ilorin,,Branch Manager,Manager,PERMANENT,"November 30, 2019",2020-05-07,08/02/2024,1034000,2,13,chukwuma.anyanwu@apexbank.ng,0805 2760803,,Active
APX1949,Victoria Bassey,FEMALE,1996-07-27,Single,Benin City,Corporate,Senior Manager,Senior,permanent,"November 7, 2013","May 18, 2014",2018-03-22,"?736,000",4,14,victoria.bassey@apexbank.ng,0802 5733763,,active
APX1950,Dolapo Obi,FEMALE,"August 8, 1977",Married,Abeokuta,Finance,Teller,Junior,Contractor,2011-12-25,2012-06-29,11/02/2014,218000,4,10,dolapo.obi@apexbank.ng,08053674670,,Active
APX1951,Rex Aliyu,MALE,18/04/1974,Divorced,Kano,Accounts,CFO,Director,Contractor,"November 17, 2019",2020-05-04,30/07/2022,2718000,5,7,rex.aliyu@apexbank,0807-209-3462,,Active
APX1952,Chioma Musa,f,23/05/1991,MARRIED,Kano,hr,Banking Executive,Mid-Level,Full Time,06/12/2017,"May 25, 2018",03/10/2019,0,2,20,chioma.musa@apexbank.com,0807-084-5709,,Active
APX1953,Chinwe Suleiman,f,1995-01-21,divorced,Owerri,CS,Relationship Officer,Mid-Level,Contract,2017-04-05,26/09/2017,"November 18, 2018",,4,2,chinwe.suleiman@apexbank.ng,08011112141,,Active
APX1954,Jumoke Uche,female,"September 6, 1971",SINGLE,Benin City,Corp Banking,Compliance Officer,Junior,contract,2016-03-06,"October 1, 2016",2019-02-27,2125848,2,17,jumoke.uche@apexbank,0803 3251090,,Active
APX1955,Rita Ekwu,F,"October 5, 1986",Married,Abuja,Fin,Senior Credit Officer,Senior,permanent,2021-06-06,"December 25, 2021",2024-01-01,"849,000",1,17,rita.ekwu@@apexbank,0804-545-3374,,active
APX1956,Chidi Adewole,M,1975-12-25,S,Abeokuta,Fin,HR Executive,Mid-Level,CONTRACT,16/07/2017,03/02/2018,"April 6, 2019","392,000",4,12,chidi.adewole@apexbank,0803 2106911,,Active
APX1957,Femi Anyanwu,male,"December 25, 1978",DIVORCED,Lagos,R&C,Teller,Junior,contract,30/01/2012,17/08/2012,"February 5, 2015",235000,2,18,femi.anyanwu@apexbank.com,0801 5238677,,Active
APX1958,Zara Oluwole,f,"September 19, 1978",Single,Sokoto,Information Technology,IT Executive,Mid-Level,Contract,10/06/2019,"November 11, 2019","August 3, 2020",437000,2,0,zara.oluwole@apexbank.ng,0802382,,ACTIVE
APX1959,Segun Owolabi,Male,"May 10, 1998",D,Kaduna,FINANCE,Regional Manager,Manager,Contractor,19/01/2010,2010-07-16,"February 3, 2011",1255000,5,15,segun.owolabi@apexbank.ng,08095072217,,ACTIVE
APX1960,Ada Idris,f,"November 30, 1991",M,Abeokuta,Human Resources,Risk Officer,Mid-Level,PERMANENT,2023-08-12,23/01/2024,01/01/2024,432000,4,22,ada.idris@apexbank,0809-755-0675,,ACTIVE
APX1961,Ifeanyi Okonkwo,m,"October 5, 1970",S,Uyo,Tech,Banking Officer,Junior,Full-Time,07/04/2017,13/10/2017,22/07/2018,288000,5,21,ifeanyi.okonkwo@apexbank.ng,0803 1603078,,active
APX1962,Garba Oladele,m,1975-09-24,MARRIED,Uyo,Corp Banking,Branch Manager,Manager,Full Time,02/10/2015,"March 22, 2016",17/02/2018,N/A,2,1,garba.oladele@apexbank.ng,08090425938,,ACTIVE
APX1963,Sandra Igwe,Female,"July 23, 1990",Married,Maiduguri,Finance,Senior Risk Officer,Senior,Permanent,"January 27, 2020","July 4, 2020",2014-01-01,652000,3,4,sandra.igwe@apexbank,0803-341-7808,,ACTIVE
APX1964,Nnamdi Musa,MALE,1990-02-19,DIVORCED,Abuja,Corporate,IT Support,Junior,permanent,2013-06-11,17/11/2013,"May 9, 2015",253000,2,18,nnamdi.musa@apexbank,0801588,,ACTIVE
APX1965,Nn@mdi Okafor,m,1986-08-06,DIVORCED,Abuja,Corporate Banking,Risk Manager,Manager,permanent,2012-10-24,29/04/2013,29/02/2016,N/A,2,43,nnamdi.okafor@apexbank.com,0804-886-1636,,active
APX1966,Zara Bello,FEMALE,"August 16, 1992",Married,Sokoto,Corp Banking,Group Head,Director,PERMANENT,2013-02-01,"July 11, 2013",13/05/2015,2093000,5,13,zara.bello@apexbank.com,0807148,"January 4, 2018",Resigned
APX1967,Tunde Adewole,Male,1974-06-02,MARRIED,Ilorin,Retail Bank,Senior HR Officer,Senior,Contract,03/10/2022,"March 25, 2023","January 1, 2024","?683,000",1,21,tunde.adewole@apexbank.com,0806-039-3386,,active
APX1968,Obinna Badmus,M,22/09/1970,DIVORCED,Calabar,Risk/Compliance,Senior Risk Officer,Senior,CONTRACT,"June 1, 2022",11/12/2022,13/06/2024,852000,0,15,obinna.badmus@apexbank.com,0805-696-0807,,ACTIVE
APX1969,Lara Adeyemi,female,"December 22, 1993",S,Maiduguri,Corp Banking,Teller,Junior,CONTRACT,"November 14, 2021",2022-05-14,2023-02-11,193000,5,1,lara.adeyemi@apexbank.ng,0808-598-9813,,ACTIVE
APX1970,Jumoke Igwe,F,"January 18, 1992",MARRIED,Ilorin,Fin,Director of Operations,Director,contract,"October 30, 2019","April 16, 2020","August 30, 2021",N/A,5,15,jumoke.igwe@apexbank.ng,08080506439,,Active
APX1971,Queen Yusuf,female,24/11/1981,DIVORCED,Ilorin,Operation,Credit Analyst,Junior,Full-Time,2012-12-14,03/06/2013,2016-10-15,"210,000",5,14,queen.yusuf@apexbank.ng,0803504,,ACTIVE
APX1972,Ebuka Akinwale,MALE,18/07/1994,SINGLE,Sokoto,Compliance,HR Executive,Mid-Level,Permanent,17/07/2013,"December 24, 2013","June 27, 2017",552000,1,12,ebuka.akinwale@apexbank.ng,0808 2184523,,Active
APX1973,Yetunde Salami,female,"December 27, 1981",Married,Abuja,Risk & Compliance,Customer Rep,Junior,Contractor,23/08/2014,"March 21, 2015",22/07/2019,246000,3,18,yetunde.salami@apexbank.com,0808 1887645,,ACTIVE
APX1974,Chinwe Eze,f,1990-03-12,D,Port Harcourt,Risk/Compliance,Risk Manager,Manager,contract,2020-10-05,2021-04-25,05/10/2023,1268000,5,6,chinwe.eze@apexbank.ng,0801 3042396,,Active
APX1975,Emeka Ogunyemi,Male,"March 19, 1995",DIVORCED,Port Harcourt,Human Resource,Compliance Officer,Junior,Contract,"February 9, 2014","July 15, 2014","January 1, 2019","?231,000",2,18,emeka.ogunyemi@apexbank.ng,08047050935,,ACTIVE
APX1976,Mohammed Bankole,m,09/12/1992,married,Ilorin,Customer Care,Senior Manager,Senior,Permanent,"August 3, 2012",2013-01-17,2014-10-02,"650,000",3,4,mohammed.bankole@apexbank.ng,0806-216-3078,,ACTIVE
APX1977,Vivian Oladele,f,"February 20, 1972",divorced,Maiduguri,HR,IT Executive,Mid-Level,permanent,16/08/2016,"March 10, 2017",25/09/2018,-451072,3,20,vivian.oladele@apexbank.com,0805-577-6179,,Active
APX1978,Uche Fola,MALE,"March 6, 1985",M,Ibadan,Operation,HR Officer,Junior,Contractor,04/01/2022,"June 14, 2022",2024-01-01,"?255,000",2,13,uche.fola@apexbank,0803708,,Active
APX1979,Haruna Ojo,M,1981-03-18,Married,Enugu,,Banking Officer,Junior,Full Time,2018-03-05,31/08/2018,"September 12, 2019","304,000",1,1,haruna.ojo@apexbank,0804-429-0476,,active
APX1980,Patience Ibrahim,female,13/08/1975,Single,Kano,Finance,Senior HR Officer,Senior,Contractor,"September 21, 2012",20/02/2013,"October 7, 2015",N/A,5,14,patience.ibrahim@apexbank.ng,0803 8149315,,ACTIVE
APX1981,  Chidinma Yusuf,FEMALE,1987-07-14,divorced,Kaduna,CS,Senior Manager,Senior,Permanent,19/10/2022,"May 7, 2023",01/01/2024,"?782,000",1,15,chidinma.yusuf@apexbank,0805 9938548,,ACTIVE
APX1982,Kemi Aliyu,FEMALE,1975-12-06,D,Kaduna,Ops,Group Head,Director,PERMANENT,"November 27, 2014",2015-06-09,21/05/2017,,1,17,kemi.aliyu@apexbank,0805 9122841,,ACTIVE
APX1983,Wale Okonkwo,M,"May 11, 1993",SINGLE,Kano,Operations,Risk Officer,Mid-Level,permanent,2021-04-25,"October 2, 2021",04/01/2021,N/A,1,9,wale.okonkwo@apexbank.ng,0804-659-2800,,active
APX1984,Ifeanyi Badmus,m,11/07/1978,MARRIED,Kano,Human Resources,IT Executive,Mid-Level,PERMANENT,"August 22, 2011",2014-10-06,12/01/2013,444000,3,14,ifeanyi.badmus@apexbank.com,0807 6913281,,Active
APX1985,  Vivian Taiwo,F,1977-07-20,SINGLE,Ibadan,Customer Care,Finance Manager,Manager,Full-Time,2014-05-10,"November 2, 2014","November 26, 2017","?1,427,000",3,16,vivian.taiwo@apexbank,0803466,,ACTIVE
APX1986,Kemi Yusuf,FEMALE,1986-11-14,S,Sokoto,Retail Banking,Risk Manager,Manager,CONTRACT,"August 6, 2021",23/02/2022,"August 18, 2024",1127000,3,19,kemi.yusuf@apexbank.com,0809965,,ACTIVE
APX1987,Mohammed Ekwu,M,"October 6, 1971",divorced,Abeokuta,Corp Banking,HR Executive,Mid-Level,Contract,2012-06-21,02/12/2012,2014-10-19,420000,3,8,mohammed.ekwu@apexbank.com,08096945625,,Active
APX1988,Seun Achebe,MALE,"November 18, 1978",M,Benin City,HR,Senior Analyst,Mid-Level,Contract,"April 6, 2020","October 7, 2020",2023-11-08,"?420,000",2,4,seun.achebe@apexbank.com,0806-115-8457,,ACTIVE
APX1989,Kabiru Bankole,male,"February 7, 1986",MARRIED,Abeokuta,Cust Service,Director of Operations,Director,permanent,2023-12-11,"June 21, 2024","January 1, 2024",3500000,1,18,kabiru.bankole@apexbank.ng,0801 0659774,,Active
APX1990,Jumoke Olanrewaju,female,"September 29, 1985",Married,Sokoto,Corporate Banking,CFO,Director,CONTRACT,2018-10-11,2019-03-13,19/11/2021,2519000,1,0,jumoke.olanrewaju@apexbank.com,08082401287,,ACTIVE
APX1991,Eniola Eze,f,16/10/1992,M,Kaduna,Risk,Compliance Officer,Junior,Contractor,28/09/2011,"April 24, 2012","March 26, 2016",295000,5,8,eniola.eze@apexbank,08031446829,,Active
APX1992,Wale Owolabi,Male,1979-04-08,Single,Sokoto,R&C,HR Officer,Junior,Contract,12/03/2018,"August 10, 2018","January 10, 2022",290000,2,20,wale.owolabi@@apexbank.com,0809-637-4435,,active
APX1993,Grace Oladele,f,"October 22, 1970",divorced,Ilorin,Finance & Accounts,Regional Manager,Manager,permanent,14/02/2018,2018-09-05,"May 9, 2022","?1,254,000",3,8,grace.oladele@apexbank.com,0802428,2024-09-23,exited
APX1994,Rex Uche,M,1978-03-28,MARRIED,Uyo,Customer Service,HR Manager,Manager,Contract,2016-06-29,2017-01-18,2018-08-18,1486000,1,12,rex.uche@apexbank.ng,0801 0014261,,ACTIVE
APX1995,Ada Obi,Female,"July 29, 1986",SINGLE,Sokoto,Tech,Group Head,Director,CONTRACT,21/10/2017,2018-04-29,02/01/2019,"1,937,000",4,9,ada.obi@apexbank,0806-211-6789,,active
APX1996,  Chukwuma Oluwole,M,1996-05-04,S,Calabar,Customer Care,Senior HR Officer,Senior,Permanent,"July 8, 2010",2011-01-01,"March 23, 2015",741000,2,1,chukwuma.oluwole@apexbank.com,08057335093,,ACTIVE
APX1997,Dolapo Anyanwu,FEMALE,1997-11-30,MARRIED,Kaduna,RETAIL,HR Officer,Junior,Contractor,"July 3, 2023",2024-01-13,"January 1, 2024",225000,2,15,dolapo.anyanwu@apexbank.ng,08033514348,,active
APX1998,Sandra Bankole,FEMALE,18/06/1982,Married,Abuja,Operations,Director of Operations,Director,permanent,05/12/2013,07/06/2014,10/04/2015,"?2,549,000",3,1,sandra.bankole@apexbank,0807173,,exited
APX1999,Kabiru Eze,Male,"December 28, 1994",D,Kaduna,,Banking Executive,Mid-Level,Permanent,04/03/2016,14/09/2016,2015-06-20,N/A,2,12,kabiru.ezeapexbank.ng,0803-043-4197,,Resigned
APX2000,Grace Taiwo,f,1987-04-11,Single,Benin City,Accounts,Senior IT Officer,Senior,permanent,"November 27, 2018",26/05/2019,"July 18, 2020",732000,3,22,grace.taiwo@apexbank.ng,0808-506-7015,"July 1, 2023",Exited
APX1583,Zainab  Eze,FEMALE,1998-02-14,S,Lagos,Retail,Senior IT Officer,Senior,contract,03/03/2015,13/09/2015,2018-06-30,926000,4,0,zainab.eze@apexbank.com,0807431,,Active
APX0815,Kunla Mohammed,M,1994-11-21,SINGLE,Asaba,Corp Banking,Regional Manager,Manager,Contract,23/09/2022,"February 22, 2023",01/01/2024,1286000,5,5,kunle.mohammed@apexbank.ng,0809-680-7558,,Terminated
APX0071,Obiageli  Aliyu,FEMALE,1998-03-22,MARRIED,Kano,Operation,Director of Operations,Director,permanent,11/07/2020,2021-01-17,04/02/2022,"?2,296,000",3,4,obiageli.aliyu@apexbank.ng,0808-168-6132,,Active
APX1502,Nasire Musa,m,"May 9, 1975",D,Kano,,Relationship Officer,Mid-Level,Full Time,"June 30, 2019","November 28, 2019",28/11/2021,"?484,000",3,5,nasiru.musa@apexbank,0807867,,active
APX1034,Jumoke Okafos,FEMALE,"July 16, 1982",divorced,Lagos,H.R,Senior Credit Officer,Senior,Contract,"January 18, 2011",14/08/2011,2014-05-03,,1,2,jumoke.okafor@apexbank.com,0803 6032914,"December 13, 2016",Terminated
APX1021,Jumoka Adewole,Female,"September 6, 1998",Divorced,Benin City,Retail Bank,Risk Officer,Mid-Level,Full Time,17/08/2022,"February 3, 2023",01/01/2024,427000,5,0,jumoke.adewoleapexbank,0802-724-5851,06/09/2027,Resigned
APX1684,Ibrahie Nwosu,Male,"September 16, 1981",single,Ilorin,CUSTOMER SERVICE,Senior Credit Officer,Senior,contract,23/05/2023,14/12/2023,2024-01-01,N/A,4,13,ibrahim.nwosu@apexbank.ng,0801967,,Active
APX1703,Victorie Fola,Female,13/08/1984,DIVORCED,Owerri,Retail,IT Executive,Mid-Level,contract,27/07/2011,26/01/2012,2013-02-22,N/A,5,3,victoria.fola@apexbank,08069263440,,ACTIVE
APX0916,Toyie Okafor,FEMALE,18/07/1970,married,Enugu,hr,Senior Manager,Senior,contract,20/09/2018,2019-03-13,"April 13, 2023",N/A,5,7,toyin.okafor@apexbank.ng,08013840241,,active
APX0117,Miri@m Achebs,female,"January 1, 1998",D,Calabar,ICT,HR Manager,Manager,Full-Time,11/09/2014,"February 12, 2015",2017-11-01,"1,088,000",3,18,miriam.achebe@apexbank.ng,0806-428-2046,,ACTIVE
APX1942,Dayo Okafos,Male,25/09/1982,MARRIED,Uyo,Operations,IT Executive,Mid-Level,Contract,12/05/2019,21/11/2019,21/05/2021,569000,4,20,dayo.okafor@apexbank.com,0806-197-5143,,exited
APX1445,Kunle Lawas,M,1985-01-17,Single,Maiduguri,FINANCE,CFO,Director,CONTRACT,2023-08-16,"February 4, 2024",2024-01-01,N/A,2,12,kunle.lawal@apexbank.ng,0801983,,Active
APX0953,Biodue Salami,m,2010-08-24,Married,Abeokuta,Operations,IT Manager,Manager,Permanent,2022-08-15,09/02/2023,2024-01-01,1390000,3,21,biodun.salami@@apexbank.com,08024799182,,active
APX1262,Yetunde  Anyanwu,F,1994-12-27,D,Sokoto,Risk/Compliance,Senior HR Officer,Senior,Full Time,07/12/2010,2011-06-01,"March 14, 2013","?816,000",3,19,yetunde.anyanwu@apexbank.ng,0808 6841984,,Active
APX1382,Helee Okoro,F,2010-04-09,divorced,Port Harcourt,Risk,Head of Credit,Manager,Permanent,2017-07-04,"December 8, 2017","August 8, 2019","1,357,000",3,18,helen.okoro@apexbank,0805567,,ACTIVE
APX0101,Rita  Okonkwo,female,"January 16, 1996",SINGLE,Calabar,Tech,Executive Director,Director,permanent,2021-02-14,31/07/2021,"August 12, 2022",3150000,4,18,rita.okonkwo@apexbank.ng,0806-248-0241,2023-02-04,ACTIVE
APX0750,Peter Olanrewajs,m,1996-04-04,divorced,Port Harcourt,OPERATIONS,Senior Risk Officer,Senior,CONTRACT,2017-10-01,20/04/2018,"July 18, 2021","?914,000",3,5,peter.olanrewaju@apexbank.com,08056034199,,Active
APX0732,Rite Balogun,FEMALE,14/07/1976,Married,Abuja,Corporate Banking,Finance Manager,Manager,contract,"May 13, 2013","October 25, 2013",2015-06-09,"?1,104,000",4,15,rita.balogun@apexbank.ng,0804755,,active
APX0722,Lanre Nnajs,M,29/07/1973,M,Enugu,Finance & Accounts,Chief Risk Officer,Director,CONTRACT,2023-07-14,17/12/2023,22/11/2024,N/A,1,8,lanre.nnaji@apexbank,0807175,,ACTIVE
APX1895,Chide Olanrewaju,male,"August 5, 1989",SINGLE,Lagos,R&C,Chief Risk Officer,Director,PERMANENT,26/12/2013,"June 20, 2014",04/02/2017,3021000,5,4,chidi.olanrewaju@apexbank.ng,0806-045-2840,,ACTIVE
APX1838,Chukwuma Owolabs,male,"January 6, 1983",DIVORCED,Benin City,H.R,Senior Manager,Senior,Contractor,2016-02-20,2016-09-06,"September 18, 2015",-458076,2,15,chukwuma.owolabi@apexbank,08047352338,,active
APX0531,Ada  Akinwale,f,"February 28, 1975",married,Asaba,Retail Bank,Risk Manager,Manager,Full-Time,26/08/2018,"February 17, 2019","February 13, 2020",1013000,1,19,ada.akinwale@apexbank,0802-141-6491,"June 25, 2021",Resigned
APX1656,Babatunda Adeyemi,Male,"August 23, 1971",divorced,Lagos,Ops,Senior Analyst,Mid-Level,Contractor,2013-12-17,"May 22, 2014","February 13, 2017",-344518,4,5,babatunde.adeyemi@apexbank.com,0801-606-0447,,ACTIVE
APX1722,Helen Lawas,F,24/09/1980,divorced,Abuja,Risk,Head of Credit,Manager,Contractor,2022-12-14,2023-05-25,2024-01-01,"?1,427,000",2,2,helen.lawal@apexbank.ng,0801292,,active
APX0687,Segue Nnaji,MALE,"May 16, 1983",Divorced,Benin City,RETAIL,Senior Manager,Senior,Full-Time,"May 10, 2018","November 21, 2018","October 18, 2020",N/A,4,17,segun.nnaji@apexbank.ng,0802513,,active
APX1136,Nkechi  Balogun,F,"September 24, 1980",MARRIED,Sokoto,CORP,Risk Officer,Mid-Level,Contractor,"November 2, 2022",17/04/2023,"January 1, 2024",480000,2,14,nkechi.balogunapexbank.ng,0808 7380588,,Active
APX0250,Chukwume Okoro,male,15/12/1989,Married,Owerri,Operations,Chief Risk Officer,Director,CONTRACT,30/10/2013,20/05/2014,15/07/2017,2197000,1,29,chukwuma.okoro@apexbank.ng,08070112209,,ACTIVE
APX1927,Zainab Owolabs,female,"August 11, 1985",MARRIED,Ibadan,Human Resources,Relationship Officer,Mid-Level,CONTRACT,14/04/2021,"September 13, 2021",2024-06-08,429000,3,18,zainab.owolabi@@apexbank.ng,0809527,,Active
APX1623,Obinna  Oluwole,MALE,"February 7, 1992",married,Benin City,Fin,IT Executive,Mid-Level,Full-Time,"November 13, 2023",2024-06-07,01/01/2024,522000,4,15,obinna.oluwole@apexbank.ng,0809-429-3008,,ACTIVE
APX0822,Jumoke  Isah,female,1979-06-22,DIVORCED,Owerri,Risk/Compliance,Regional Manager,Manager,Contractor,02/01/2017,18/07/2017,19/12/2019,1260000,1,1,jumoke.isah@apexbank,0803-879-2790,,active
APX1490,Rasheee Ekwu,M,1978-06-02,single,Uyo,Tech,Head of Retail,Director,Full-Time,"August 12, 2020","February 17, 2021",2024-09-17,2391000,2,13,rasheed.ekwuapexbank.com,0806 9711991,,Active
APX0057,Nnamdi Nwoss,MALE,"May 29, 1971",S,Abeokuta,IT,Regional Manager,Manager,PERMANENT,2019-07-04,2019-12-20,24/08/2020,1405000,2,22,nnamdi.nwosu@apexbank.ng,08068250642,,ACTIVE
APX0556,Sandre Ibrahim,F,1996-11-09,MARRIED,Kano,Compliance,Senior Manager,Senior,permanent,"September 13, 2023","February 17, 2024",2024-01-01,904000,4,9,sandra.ibrahim@apexbank.ng,0802-369-9050,,ACTIVE
APX0621,Quadre Badmus,Male,1974-02-24,D,Port Harcourt,CS,Risk Manager,Manager,contract,"September 9, 2018",12/03/2019,"September 8, 2020",1485000,3,13,quadri.badmus@apexbank.com,0808-214-8947,"September 29, 2020",Terminated
APX1795,Dolapo  Olanrewaju,F,28/05/1984,Single,Calabar,hr,Relationship Officer,Mid-Level,CONTRACT,26/08/2014,"March 12, 2015",12/08/2016,578000,5,6,dolapo.olanrewaju@apexbank,0802 0205629,,ACTIVE
APX1906,Quadre Musa,M,24/03/1971,MARRIED,Ilorin,Retail Bank,Senior HR Officer,Senior,permanent,2010-06-24,"January 4, 2011","September 4, 2014",916000,1,6,quadri.musa@apexbank.com,0806129,,ACTIVE
APX0782,Dayo Balogus,Male,1970-10-30,S,Abuja,Operations,Group Head,Director,PERMANENT,25/05/2022,2022-11-08,"January 1, 2024","?1,952,000",5,8,dayo.balogun@apexbank.ng,08010166590,,Active
APX0270,Rasheed  Agu,MALE,"May 8, 1971",DIVORCED,Ibadan,OPERATIONS,Branch Manager,Manager,Contractor,"December 19, 2011",2012-07-12,"July 28, 2014","1,192,000",4,2,rasheed.agu@apexbank,0809-200-8189,,ACTIVE
APX1421,Damilola  Adeleke,FEMALE,1978-02-24,M,Owerri,I.T,Teller,Junior,Contract,2020-05-10,10/11/2020,17/02/2022,N/A,3,3,damilola.adeleke@apexbank.com,08086727989,,ACTIVE
APX1393,Ebuka  Okonkwo,M,16/02/1972,M,Ilorin,Operation,Banking Officer,Junior,contract,21/11/2022,"April 22, 2023",2024-01-01,0,1,20,ebuka.okonkwo@apexbank.com,08040376653,,Active
APX0403,Queen Obs,female,"April 14, 1978",DIVORCED,Abuja,hr,Relationship Officer,Mid-Level,Permanent,29/06/2013,2013-12-18,26/12/2016,"583,000",3,6,queen.obiapexbank.com,08059232841,,ACTIVE
APX1522,Haruna Ogunyems,Male,1985-09-29,MARRIED,Owerri,I.T,CFO,Director,permanent,22/07/2019,"January 9, 2020","May 22, 2024",1850000,2,4,haruna.ogunyemi@apexbank.ng,0802 2216821,,active
APX0285,Sole Bankole,Male,"November 18, 1971",Single,Ilorin,Corp Banking,Customer Rep,Junior,contract,27/02/2020,2020-08-20,24/01/2022,342000,1,3,sola.bankole@apexbank.com,08079610068,,active
APX1958,Zara  Oluwole,f,"September 19, 1978",Single,Sokoto,Information Technology,IT Executive,Mid-Level,Contract,10/06/2019,"November 11, 2019","August 3, 2020",437000,2,0,zara.oluwole@apexbank.ng,0802382,,ACTIVE
APX0175,Wale  Ekwu,M,15/04/1973,single,Port Harcourt,Corp Banking,Senior Credit Officer,Senior,Contractor,23/01/2017,2017-07-07,2021-06-13,"?790,000",1,10,wale.ekwu@apexbank.com,08054901096,"March 5, 2023",Resigned
APX1072,Keme Bankole,f,1973-03-29,S,Uyo,Finance & Accounts,Senior IT Officer,Senior,permanent,09/03/2011,06/08/2011,"November 13, 2014",N/A,5,5,kemi.bankole@apexbank.com,08071057850,16/08/2023,active
APX1068,Vivian Bells,F,"June 29, 1975",M,Uyo,I.T,Regional Manager,Manager,Contract,05/11/2012,"April 16, 2013",15/11/2013,"?1,419,000",5,12,vivian.bello@apexbank.com,0804-569-7259,,active
APX0853,Rasheed Idri,m,29/09/1992,married,Asaba,Information Technology,IT Manager,Manager,PERMANENT,2021-02-23,14/08/2021,"January 1, 2024",1374000,5,1,rasheed.idris@apexbank,0805-289-0604,,ACTIVE
APX1192,Emeka Nwoss,M,03/11/1976,single,Calabar,Accounts,Head of Retail,Director,Full-Time,"December 30, 2020",10/07/2021,"May 26, 2024",2746000,6,20,emeka.nwosu@@apexbank.ng,0804678,,active
APX1904,Sandra Taiws,female,"October 4, 1994",Divorced,Maiduguri,Accounts,Director of Operations,Director,Full Time,"July 7, 2020",2014-08-15,16/07/2024,3358000,4,5,sandra.taiwo@apexbank.com,0805 1228723,,active
APX0259,Ekaette Bankols,f,1978-10-02,MARRIED,Asaba,Finance & Accounts,Senior Manager,Senior,CONTRACT,2021-04-03,"October 2, 2021",01/01/2024,"668,000",4,7,ekaette.bankole@apexbank.com,0809966,,Active
APX0779,Ngoze Salami,Female,"May 1, 1991",S,Uyo,Information Technology,Credit Analyst,Junior,CONTRACT,"March 4, 2015","September 30, 2015",18/04/2019,242000,4,6,ngozi.salami@apexbank.com,0804-160-3325,,Active
APX1687,Samuee Aliyu,MALE,16/10/1984,D,Sokoto,Corporate,Senior Risk Officer,Senior,Full-Time,"July 7, 2022",2022-12-19,"January 1, 2024",865000,2,6,samuel.aliyu@apexbank,08027538267,,Resigned
APX0291,Graca Ojo,F,"August 25, 1992",divorced,Lagos,Operations,Senior Manager,Senior,CONTRACT,06/09/2023,22/03/2024,"January 1, 2024",845000,2,3,grace.ojo@apexbank.ng,0803899,"September 11, 2029",Exited
APX1474,Wala Balogun,MALE,1980-05-09,married,Lagos,Corp Banking,IT Support,Junior,CONTRACT,02/02/2014,25/08/2014,20/09/2018,N/A,5,2,wale.balogun@apexbank.com,0807-843-5358,,active
APX0135,Rasheed Uchs,M,"August 3, 1970",S,Kano,Corporate Banking,Relationship Officer,Mid-Level,Permanent,"June 8, 2014",09/12/2014,"September 17, 2017",,2,10,rasheed.uche@apexbank.ng,0804246,,Active
APX0044,Kabire Musa,M,"August 27, 1994",DIVORCED,Maiduguri,Cust Service,Head of Retail,Director,Full Time,"May 27, 2012",2012-11-25,22/11/2015,"3,495,000",1,3,kabiru.musa@apexbank,08048600737,,Active
APX1817,Ekaette  Ojo,female,"March 14, 1976",divorced,Maiduguri,Corporate,Senior Analyst,Mid-Level,Full Time,20/04/2021,"November 12, 2021","June 15, 2020",492000,2,21,ekaette.ojo@apexbank,0801-275-8471,,active
APX1874,Jibril  Musa,m,24/09/1984,Single,Maiduguri,Corp Banking,Branch Manager,Manager,Full-Time,2013-07-10,"February 5, 2014",2014-12-20,N/A,3,10,jibril.musa@,0807-861-3244,,ACTIVE
APX0271,Ibrahie Bankole,MALE,18/06/1992,S,Port Harcourt,Retail Bank,HR Officer,Junior,contract,24/10/2022,2023-04-16,2024-03-15,291000,5,18,ibrahim.bankole@apexbank,0808088,,active
APX0930,Kemi  Oladele,Female,14/07/1973,M,Ibadan,Risk,Team Lead,Senior,contract,2021-07-27,17/01/2022,"July 13, 2023",775000,5,22,kemi.oladele@apexbank,0806488,,active
APX1530,Babatunde  Achebe,Male,31/03/1989,M,Ilorin,Retail,IT Support,Junior,Permanent,06/11/2015,24/05/2016,04/04/2020,0,5,12,babatunde.achebe@apexbank,0805 6452263,,Active
APX1113,Dayo  Bassey,m,"February 9, 1992",married,Ibadan,RETAIL,Senior IT Officer,Senior,Permanent,"December 11, 2019","July 4, 2020",2022-02-28,"?786,000",4,6,dayo.bassey@apexbank,0806-491-9226,,Active
APX1940,Kunle Olanrewajs,M,1998-11-08,S,Ilorin,CORP,Regional Manager,Manager,contract,2017-07-12,"February 2, 2018","September 26, 2021","?1,428,000",4,10,kunle.olanrewaju@@apexbank,0801521,,ACTIVE
APX0817,Biodun  Ekwu,M,1993-10-28,DIVORCED,Kano,Fin,HR Executive,Mid-Level,contract,"December 20, 2015","July 13, 2016",11/12/2018,N/A,7,20,biodun.ekwu@apexbank.ng,0809-819-4271,,active
APX0159,Wale  Uche,male,1971-08-24,M,Abuja,CUSTOMER SERVICE,HR Executive,Mid-Level,CONTRACT,2011-03-08,2011-09-18,"October 29, 2014",553000,1,16,wale.uche@apexbank.com,0801-886-4663,,active
APX0937,Nkechi Mohammes,f,11/12/1983,SINGLE,Ilorin,Corp Banking,Senior HR Officer,Senior,permanent,04/04/2011,2011-09-01,"August 20, 2012","?688,000",7,19,nkechi.mohammed@apexbank,08025146966,,active
APX1860,Rita Nnajs,FEMALE,1977-12-24,Married,Lagos,Tech,Chief Risk Officer,Director,contract,09/11/2023,2023-06-14,2024-01-01,N/A,1,21,rita.nnaji@apexbank.com,0808 0568853,,active
APX0463,Felie Achebe,Male,1997-07-06,SINGLE,Lagos,RETAIL,Regional Manager,Manager,permanent,26/03/2019,2019-10-07,2020-10-20,1161000,5,7,felix.achebe@apexbank.ng,0805940,,Active
APX1214,Ekaette Ekws,female,1986-11-03,married,Maiduguri,Cust Service,Executive Director,Director,Contract,13/06/2016,07/01/2017,03/06/2018,1845000,4,10,ekaette.ekwu@apexbank.ng,0808-504-6430,,Active
APX1011,Chide Mohammed,Male,"May 26, 1970",Married,Port Harcourt,hr,HR Executive,Mid-Level,Full Time,18/10/2023,2024-05-10,"January 1, 2024","522,000",1,22,chidi.mohammed@apexbank,0804663,26/02/2025,Terminated
APX0933,Mohammed  Musa,MALE,1996-05-07,M,Kaduna,hr,Customer Rep,Junior,Full Time,"April 28, 2014",2014-10-06,2019-04-08,333000,3,7,mohammed.musa@apexbank,0804-176-0228,,ACTIVE
APX1231,Ad@  Igwe,F,12/01/1972,divorced,Abeokuta,Retail Banking,Finance Manager,Manager,Permanent,"April 30, 2022",19/11/2022,"August 13, 2024",1348000,7,21,ada.igwe@apexbank.ng,0801 0976266,"November 28, 2028",Terminated
APX0633,Seun  Oladele,M,29/06/1998,MARRIED,Abeokuta,CUSTOMER SERVICE,Director of Operations,Director,Full Time,10/07/2010,16/01/2011,"May 13, 2012","2,691,000",3,13,seun.oladele@apexbank,0803-425-0390,,active
APX1202,Yetunda Salami,F,1971-02-15,MARRIED,Port Harcourt,Information Technology,HR Officer,Junior,CONTRACT,2013-06-09,"December 1, 2013","August 28, 2015",236000,3,15,yetunde.salami@apexbank.com,0801 7910910,,Active
APX1730,Dolapo  Salami,f,"July 27, 1980",S,Asaba,Risk & Compliance,Customer Rep,Junior,PERMANENT,22/01/2017,2017-07-26,2021-12-15,1860319,4,13,dolapo.salami@apexbank,08026058393,,ACTIVE
APX0311,Grace Owolabs,FEMALE,1983-10-23,SINGLE,Uyo,Fin,Customer Rep,Junior,Full-Time,2014-01-05,"June 27, 2014","January 23, 2016",197000,5,7,grace.owolabi@apexbank.com,0804545,"October 26, 2016",Resigned
APX0762,Adaeze  Okonkwo,female,1994-07-25,D,Uyo,Retail Banking,Relationship Officer,Mid-Level,PERMANENT,"May 1, 2018",21/11/2018,26/04/2022,490000,2,4,adaeze.okonkwo@apexbank.ng,0804-332-2606,,ACTIVE
APX0096,Mohammed  Owolabi,male,1987-05-31,Divorced,Asaba,Tech,Senior IT Officer,Senior,CONTRACT,2017-11-14,"April 13, 2018",19/06/2022,-143922,3,3,mohammed.owolabi@apexbank.ng,0802 5013144,,ACTIVE
APX1675,Vivian  Ojo,f,20/11/1976,Married,Asaba,H.R,IT Executive,Mid-Level,contract,2013-05-30,"December 12, 2013",30/07/2017,"?525,000",4,1,vivian.ojo@apexbank.ng,0802-789-6121,,active
